event_id,event_date,latitude,longitude,elevation_m,rainfall_mm,temperature_c,population_density,prior_area_ha,region,land_cover,area_ha,burned_fraction_post
133,2022-10-10,30.388970812484217,81.2088149748104,105.65782117566833,109.59270852990896,29.780994243419176,27.846149994455985,13.050086895670688,North,forest,62.73,0.5565
1160,2021-09-18,24.04059164768207,71.44688169753667,1003.8081538433854,68.84662158282201,26.1415126033005,205.42233651449317,57.44363264788371,South,wetland,26.06,0.3426
981,2024-04-17,14.611078174230329,84.50602937542452,567.1264502521525,135.85150859132443,25.705703496035984,79.04114994575131,7.582257202298574,South,wetland,11.16,0.1825
658,2024-08-07,28.133225017828096,72.53643601296758,1131.1724238945685,73.89104272574531,25.476210145581458,8032.157330054961,21.73341799542053,West,wetland,9.39,0.1581
649,2022-01-16,10.280984183280943,69.76779168303783,698.546724548821,281.13068241941676,21.318016134801418,34.73854134045103,28.405872587341705,South,shrubland,8.89,0.151
1287,2018-09-15,28.909281530117145,82.46136716943697,859.839580448735,n/a,21.24183110400951,547.8154748201206,8.826801284727107,West,grassland,26.92,0.35
128,2020-12-26,23.929601000561366,87.0058300513522,429.7410609392333,87.43397285481139,29.263737648818665,633.9347099777779,55.05160431373876,South,cropland,37.38,0.4278
1046,2019-04-01,10.990258596702843,92.7702718857854,1079.8982758815275,148.2575762156549,21.72278668163262,121.55856809563525,30.079411812526164,South,cropland,11.42,0.1859
302,2021-04-15,10.146650203493996,90.7022310646748,262.2975122594624,401.8051831881078,,57.721226283755016,15.612768321741537,North,cropland,21.73,0.3029
141,2023-02-12,28.272581002784488,92.85997486993989,648.6031668721691,151.74980263610883,25.69194373378624,62.94469893584373,213.4153937480293,East,forest,133.96,0.7282
789,2018-09-10,15.909269475603605,90.04199435380582,323.74828284518605,127.1511530251695,30.917571550610976,55.440328387440594,55.28924678035482,North,grassland,51.43,0.507
1463,2020-01-21,32.01114997071477,88.39394251027804,681.940473537991,146.44232761601427,29.821752821328843,298.8523290515582,3.720429484011484,South,cropland,3.21,0.0603
1103,2015-06-16,28.575971567814754,68.29398950508029,1537.412419556067,217.35559622151237,31.057579548632468,14.7470867437996,13.61051418013846,East,cropland,10.28,0.1705
1141,2022-05-12,26.851136607378333,86.1569670424671,466.52654924865595,207.4944394166276,,42.88508259404952,236.66428259573993,West,grassland,86.15,0.6328
1076,2019-11-23,15.522363421103176,71.49397232003442,436.17535501016613,165.10186843347836,28.45339670287425,35.75610641677689,7.521898179970349,East,shrubland,19.61,0.2817
1179,2019-08-05,27.141502013583683,69.7013468376437,849.1684511447697,237.6965414267626,30.427327937290187,4.098857876983776,21.463070193397893,South,wetland,11.16,0.1825
769,2020-04-27,33.59998748190051,72.535952411064,400.1851968287138,150.70596406430565,16.692039803603407,198.02085722038566,68.78552818232454,Central,cropland,11.65,0.189
192,2017-02-25,10.47211552800536,91.87547268181075,856.6978001858711,132.7395155797888,36.21016068529316,268.910624130277,38.564092125765164,South,shrubland,69.19,0.5805
1259,2020-12-22,16.806391334096283,89.57163239990062,583.3155747769009,149.01087328720791,39.595718276684444,21.08732922959454,44.54363834912549,South,forest,87.79,0.6371
675,2022-06-12,14.336151167463042,95.51439975095116,78.65277495227761,107.89167904094968,31.68372976698688,256.005437626403,41.99671363838025,North,forest,64.03,0.5615
750,2018-06-30,18.617753628818,96.39031150086191,91.50860335428169,,30.835284572779948,5.075948573233157,20.602094114163325,South,forest,36.03,0.4188
556,2016-04-23,28.042981681056553,93.90523560484547,171.2162324602453,105.12023603798076,29.532551584757112,56.59562892784155,9.094643440178736,South,wetland,13.37,0.211
273,2018-11-12,20.804549698485438,71.85485547833298,172.40757823649696,43.65169462461243,24.059399949879644,45.17809267290576,31.02409598807097,South,grassland,28.87,0.366
1390,2016-12-25,23.409726365246648,93.47309948682442,553.4457512597169,60.998467850625204,25.33897873238889,62.27892353896302,13.426406107616026,North,shrubland,43.89,0.4675
1172,2018-09-26,16.482181978115243,92.32047690887072,114.33685315573587,173.61320842109538,31.786429372163173,61.794709584973056,12.41181447368628,North,shrubland,74.04,0.5969
965,2021-04-06,11.814810211351714,93.26148993593122,57.32379056751766,95.91178693760264,20.160696830801463,48.63957525353955,88.453048617186,West,forest,281.56,0.8492
603,2016-02-18,15.20720852131867,72.39888289637825,308.6684626833333,209.95032914101233,19.63569852122525,30.518731018812094,13.72204973073759,East,forest,25.83,0.3406
1234,2022-06-20,31.21136813353365,71.38696300542621,1188.2682833672875,142.55770031137973,23.61602486754501,46.38337266686025,110.62326309919857,West,shrubland,110.46,0.6884
818,2017-03-30,24.26525797814208,94.79045750793837,442.95561061027297,218.85487478629165,29.93751904937305,421.92680817594004,25.965437873622825,East,shrubland,16.88,0.2524
665,2023-12-10,18.20569417632531,73.04097282490063,667.1672266055408,46.22225486340409,20.8043830503548,22.917975870392848,17.130358983295377,East,cropland,19.1,0.2764
675,2022-04-27,29.327461506860864,78.69003020023544,1146.2331614787715,104.68369884526096,24.647503598495852,1608.423876483705,3.2623189475042165,East,grassland,7.59,0.1318
340,2017-09-21,9.740350676282537,81.22356063532774,166.31387665630118,85.86535772869982,25.35994637568794,21.057426924763682,167.31122954376588,South,cropland,62.79,0.5567
138,2020-08-17,14.855059373904414,71.60883330705737,1685.1680412291096,441.72589449295026,19.928784568193258,78.26408595115625,19.96599236962176,South,shrubland,5.47,0.0986
831,2016-02-09,14.212785159548162,68.59839435294387,174.18092141748537,114.18924668536447,11.361392499285682,128.6132391449671,2.0734631019636947,Central,forest,5.88,0.1052
1331,2015-12-31,34.604843178542,96.82862362324637,350.9127353831211,60.46877989038773,19.840924763487173,35.24649677217345,53.93208836061768,East,forest,76.37,0.6043
95,2024-07-21,27.064661724604527,93.42306010021387,1355.9531289677068,171.9606637582531,27.565319103900155,434.2171778268776,19.10228932777558,Central,grassland,36.84,0.4242
1287,2023-01-07,24.680220282490964,94.45779995116848,366.22724748215245,81.78247518242175,28.91686080966484,123.69485365125735,7.914326102589861,West,forest,81.87,0.6208
1241,2016-07-17,8.134594062950768,76.25232900889144,1786.0106536551552,230.25994579414302,28.96617790316843,40.15096445398329,50.967257402923835,West,forest,133.13,0.727
415,2017-10-28,12.976370056426148,74.38294560961774,1259.9170339207185,249.54428753772163,29.65743436905883,427.04831621993117,1.5703014431944193,Central,cropland,4.5,0.0826
947,2016-12-22,25.159614910273113,80.35013018708737,324.17307002715955,86.33068230708405,22.241630596775323,11.902665054732134,9.834580583888581,West,wetland,12.56,0.2008
247,2018-12-13,18.252421815004976,81.1462617003622,1295.3768734179089,325.4977349150737,20.956345250076875,23.377516349523287,14.88862661919508,Central,shrubland,16.37,0.2466
1137,2017-11-29,32.955570359334644,68.16238372706297,68.44767511050463,,28.25034802910514,126.95791427679501,47.095994131124186,West,grassland,45.72,0.4776
1050,2018-04-12,28.647553916827462,90.59834026423516,454.5076823714851,163.87857580209703,24.729499578578356,181.6714140650408,188.71756734544644,West,cropland,43.43,0.4648
531,2020-04-16,20.079369965711237,96.90334410611851,608.3792667000347,233.67002120645097,31.442471735276612,88.58236770755643,15.724675821949342,West,cropland,38.52,0.4352
101,2016-11-21,28.2369043935333,83.33203523296059,340.22717684303944,,28.288241386025295,45.114852533668866,31.8152010115262,Central,grassland,39.75,0.4429
1456,2023-10-28,34.33591674330798,79.25950215536109,330.33632462143476,114.28930315087284,33.70292337699732,37.44352875435602,313.68468541326337,South,wetland,75.08,0.6003
668,2022-04-09,20.446482266939707,79.3898049034149,572.8964969446852,67.38232779561767,23.206782174046428,298.0023549416929,20.180903942348912,Central,wetland,11.29,0.1842
1339,2022-08-07,25.348198972990403,70.78623683299092,1390.2883138015409,319.23806592122986,32.40520550064707,78.3034743504654,32.078918056886614,East,wetland,12.97,0.206
1016,2016-09-10,32.803944606654966,75.71869273255633,1566.8173174953818,175.66793725083866,38.20805538282991,14.75588286238658,5.827852053211137,North,cropland,10.7,0.1763
1167,2022-01-28,14.714215874976679,82.5618508704043,316.149106049866,353.22674693715544,26.32245536964576,13.533207166278805,142.47508775335743,North,shrubland,41.08,0.451
1139,2023-05-11,31.937063668989516,80.52359203290622,307.87127141383877,188.45609308558213,28.99584006164461,528.5788388321428,9.845590156751722,West,shrubland,29.74,0.373
291,2016-10-01,10.633707082870533,83.8060076265502,833.9330322093919,329.9766998122084,20.416830267809075,18.575761431103057,26.273775046462593,Central,shrubland,10.95,0.1797
545,2022-07-05,25.508100605866456,92.62290381048479,829.1745492476315,92.62747444234742,31.36433915529403,82.19517488367205,25.539742979896687,West,forest,86.24,0.633
700,2018-07-29,29.136630186506178,74.53202677828875,1170.3278498100883,96.42046230459283,32.7743490171458,414.2044332660175,21.87486633915894,West,wetland,14.4,0.2236
746,2022-11-14,24.594367919815504,68.80226124628305,1191.3816436969628,130.06859629654855,23.033280895600335,123.12017811027512,13.009584071382617,Central,wetland,5.59,0.1006
65,2019-10-13,21.37943971211866,69.10853791319948,234.78377973513403,88.59777901439857,29.51695742644903,17.523386995673373,25.567608184211014,Central,shrubland,56.01,0.5283
819,2023-01-07,24.66837169799352,71.8908953538989,111.16726588623538,54.899411916461965,27.682836433067628,11.899053477217706,116.43666477916683,Central,cropland,88.69,0.6395
231,2016-06-22,12.094920137045003,84.54400655932767,752.3634847621269,101.95883215072067,28.344711741655107,902.1968281367454,196.5533657598848,North,cropland,80.37,0.6165
1115,2018-11-21,13.820409178915895,91.43735949109981,577.0642944732999,187.11113633083255,30.87211844459164,11.453016122175422,16.858536168794565,Central,grassland,24.05,0.3248
1024,2017-09-25,15.287282286821233,93.71737223913831,56.931326187246505,72.08592363784227,29.11339705399689,23.80977353581846,12.813979340925837,East,forest,60.61,0.548
1383,2017-06-25,24.14004219701103,86.41828285727416,108.27378925249623,76.73550247268446,25.166073042962942,95.46459616112324,8.946260042188504,West,wetland,7.34,0.128
1117,2018-01-30,19.931328991116903,79.69115432107591,726.6722211969633,105.50977339108918,30.999778132580822,39.31799595417237,294.75237774452734,West,grassland,216.21,0.8122
549,2018-10-27,14.600847747117667,72.48092653652827,,83.18043543196545,32.67113653714768,129.11555871273413,22.84734454916843,West,grassland,87.15,0.6354
1451,2016-04-09,31.835851967903665,79.64113184386089,738.5447220339606,108.75651293072838,22.674833395880015,6.039624323179257,61.25482179870706,Central,cropland,29.97,0.3748
616,2022-01-24,18.09588968791703,77.64003888332573,184.56959169870015,135.16429397263812,25.989205237720547,39.82125934749692,40.31246157104609,North,shrubland,99.92,0.6665
488,2020-07-01,20.042856419207062,93.23075054485699,777.0230073039987,74.92396605731253,15.387843168674594,150.8872880011868,182.80165245780285,Central,grassland,54.97,0.5237
1358,2023-04-15,19.061929066822856,82.1148619449076,630.8629133994458,106.83101083089252,29.501588285187278,151.65521402763346,15.678646984065095,South,grassland,22.62,0.3115
555,2022-01-17,12.91245979247232,74.55968109868134,817.856087576605,141.55624642593378,33.338705457585625,23.134386078930692,6.63880309839047,South,grassland,18.82,0.2735
114,2016-06-28,27.7539294166163,76.37523093765762,335.37193354450665,90.55817509791851,24.456228635064434,11.792160344652876,128.95348419350321,West,grassland,94.94,0.655
704,2015-09-13,20.108373081259167,71.95763477173799,277.47952364529385,67.36853078580855,26.800616947008166,75.23147253304279,49.56606591454836,Central,forest,38.64,0.4359
1193,2019-03-24,8.438941967103398,94.6389780230048,127.32622851482049,94.25379141420493,24.67882559033636,7.624037092466754,31.698935577456112,North,grassland,33.8,0.4033
284,2019-10-23,34.02836996371452,69.46002954085759,383.17011138882793,117.7430543690314,23.696622656744818,374.80500120774843,93.24147434550886,Central,cropland,32.14,0.3913
694,2017-05-26,30.02561751307617,68.37254120812094,1029.5574475356748,53.17573673115759,27.393027721079577,69.13859729278023,33.55985246886146,South,cropland,38.22,0.4332
194,2022-10-26,27.53610256047869,73.3066790722792,1227.227361731249,188.5529944318324,21.294544765833297,19.197549403764118,96.53452251512347,Central,grassland,25.5,0.3377
1029,2020-10-23,31.465480504000283,91.51534651940815,169.2114359278442,121.11163415287734,24.588338381339405,11.226172571898385,25.702593353558445,North,wetland,22.78,0.313
713,2022-06-23,32.48379584734985,83.18053681230136,472.5470400518236,94.53844149259245,20.572694431364717,21.12410913672564,49.498819692870526,West,grassland,28.15,0.3602
495,2016-02-02,17.112222072379843,86.14945533393261,1404.1829058066378,58.28521161892586,29.53445951509806,5.2440987589896,34.00104724429097,East,wetland,25.27,0.3357
340,2023-02-23,24.495884317250862,78.3742185870563,1531.7644952719713,176.50687528911706,27.435428721606215,114.68263357528029,14.508232761677746,Central,shrubland,24.5,0.3289
846,2017-01-22,24.43781084855104,69.99166158092594,370.57163836841664,250.79176016595443,23.412572495690455,16.374579692676463,16.356241320823024,East,shrubland,17.52,0.2595
1004,2019-06-25,15.217091057886119,92.82858671227288,1092.2558446706933,104.24995735512624,26.222472473734374,99.43534586264045,13.560183090763813,North,grassland,12.96,0.2058
1410,2019-05-23,13.992710789070815,73.56493389163681,968.1014799118159,337.66316281240745,24.675648465341908,122.28062108259833,26.19286630654274, North ,wetland,16.52,0.2483
655,2023-03-15,11.075495880113596,68.95871681580833,914.026538783008,138.12595979293872,32.8633710234358,232.5245585972103,12.733006939616674,South,cropland,11.58,0.188
241,2017-10-07,25.801483289744226,84.60841994206262,91.86213101052338,140.76226790315815,23.353926107939426,79.66030412165605,31.059339869680677,Central,cropland,9.32,0.1571
1249,2017-05-28,29.084812757831056,70.41538739115343,300.25276979508317,214.92914929231472,29.810269792591303,295.25859239244113,30.02113299020914,North,grassland,32.42,0.3934
944,2018-05-24,28.5457304469591,70.7770937039352,433.44113950403215,181.18156800647594,21.768756288150243,436.66471240542285,24.659300549655747,Central,cropland,7.85,0.1357
1050,2018-08-09,16.539435183994307,91.21093391299323,423.6312713681431,71.81112501809538,30.8854304022794,80.42481362411633,25.09123720231712,East,shrubland,66.5,0.5708
145,2016-10-25,13.542015962560459,82.25667809022187,468.5934328133724,102.15578892454359,32.22383360002165,88.03987724412447,11.402602029467486,East,wetland,13.42,0.2116
468,2016-10-05,20.247582818274793,75.00374511516715,1643.5023746210923,233.31129991241374,32.507037755567254,23.66008146215816,15.150349972085785,Central,wetland,14.98,0.2305
1151,2017-04-24,22.76396342649379,78.11016627742605,381.03201058640104,183.02516728350352,34.82610134683219,12.410748965416836,3.778742090614663,West,forest,68.76,0.579
1248,2019-09-03,32.815352455151,89.14798838645197,652.551826030597,339.218854691586,27.754670000474153,373.5723761451321,17.816600832333993,West,forest,13.72,0.2153
652,2018-06-07,31.62022516539946,69.92427019794145,635.6732125354202,168.96991964101522,,135.45176087884184,7.494645032646566,Central,wetland,7.2,0.1259
1207,2018-12-02,32.73357494514934,71.37793786206309,473.17670267783654,186.17270296483835,35.74507971392255,152.97026932508822,22.194675788841842,East,wetland,26.01,0.3422
1262,2022-03-09,30.95708439867145,85.87159901472651,179.94937061627095,94.08307243039616,19.267685816692975,22.50945830186264,9.830707229331901,Central,forest,18.01,0.2648
581,2017-05-29,34.04369251978041,85.60218029954612,523.2906488801993,248.86108206131883,22.380571149420785,623.8327199445125,2.583970582957388,West,wetland,2.88,0.0545
1347,2024-02-04,20.568499923564552,96.20140335152578,55.52577970644864,35.36520868629988,17.025795742897273,38.74799890261076,191.03238710533788,Central,shrubland,61.79,0.5527
432,2022-07-06,9.281784430693548,78.86193495640804,700.7427220917092,153.40979738600564,32.366864748348625,16.399304588190397,15.935839458549939,East,wetland,16.86,0.2522
359,2016-09-29,10.256174868008912,69.88725118814796,43.71450050581961,188.9797282007639,16.948806395669944,23.092059462127846,85.37538792718696,West,forest,50.65,0.5032
1023,2018-02-19,18.537455827853265,83.58858561063921,655.8280504476049,163.32541119019143,15.320945957115818,576.3916773936786,11.858089601119435,East,wetland,2.16,0.0414
955,2016-10-31,14.957551464370926,86.51205754109192,286.74173883634575,138.72056953680152,19.415643914629037,10.31324056024824,109.74027354676113,Central,grassland,56.95,0.5325
209,2017-09-22,12.588395966748816,72.04848078780122,204.78402120313436,130.7393689204196,15.570127936853416,17.695603783489698,6.349030579355566,West,cropland,12.74,0.2031
1249,2018-08-27,33.73650191173351,84.0329972325207,843.0414049861489,141.6919590442613,27.632948178952592,4220.732532629008,23.951514933277945,North,grassland,18.89,0.2742
299,2016-04-22,13.276328887086805,73.73524652808968,345.67892404526583,78.2208224196282,19.49274412768419,223.97996468569514,6.7376458288187715,East,forest,23.23,0.3172
1207,2015-02-22,33.90324035251123,92.49717167855098,502.7985800351114,162.9002798723138,15.858302527977283,18.181711602358103,270.6274599575472,North,shrubland,69.79,0.5826
11,2019-05-21,28.542648688672593,92.21968337773106,95.596032408476,94.66369337095895,25.74876007936897,10.781470454560493,15.654188629940379,West,forest,54.45,0.5213
1195,2022-01-02,25.305533147381034,80.4592437839548,1288.7601004861936,104.29762455157588,26.102672170682283,4.441331460488293,45.99131401763858,West,cropland,60.85,0.5489
1180,2018-01-10,26.252511922413216,96.03555252487132,541.0740279327397,73.28431469708384,14.781301415083405,63.16000189131831,31.518586716780316,Central,forest,32.29,0.3924
1170,2023-08-07,16.949806738796347,96.4134423590425,540.0571015248141,,21.717792959176858,162.71993481160987,19.579524918842917,North,wetland,3.5,0.0654
997,2018-09-09,25.453530027573617,71.74828157948096,711.8249208345175,157.13253201784016,25.552167488162006,532.8272777273876,33.70748314817318,East,cropland,17.88,0.2634
707,2024-01-01,13.040687193594163,78.66370034014156,20.67716805628051,64.78267857766909,23.859060359180678,3.186823422208092,78.19243773078905,South,forest,55.34,0.5253
1057,2017-05-11,33.31804667847145,85.4093226313527,1376.3074795561304,148.87577384484905,24.023100637683573,7.477718605058094,39.18154836865872,East,wetland,18.53,0.2704
415,2020-05-22,16.148420178936025,70.46029647786189,369.68920948300763,247.47539333459187,33.07572187241667,45.63496201713132,23.628529836288788,Central,shrubland,53.18,0.5154
1171,2022-08-17,14.890035831925639,79.09700961060997,1321.837280912617,161.9839201320936,38.879268753941446,3574.230130368176,33.76156205227646,East,forest,81.34,0.6193
833,2015-08-04,27.201395551242253,75.57399043648113,359.07839304120483,136.83108149019182,24.120209084109188,206.2014809364804,136.32458348968024,East,grassland,70.26,0.5842
688,2024-04-17,25.72411538778691,95.60945640803442,294.18189663148587,90.45848145255101,,95.5070112127907,13.23929931023807,Central,cropland,11.98,0.1933
758,2018-08-25,20.18507079526924,79.93598886211265,677.0863820245014,162.1193588108798,24.592501408317112,8.693839002899903,3.1459411411422726,East,shrubland,13.88,0.2173
853,2019-12-23,25.07604833665123,90.11745489787786,1863.3004951300475,203.79948342796166,27.165758620517135,2.2705499056753418,6.709329559366657,East,wetland,5.47,0.0986
55,2021-04-12,12.306312937543115,79.21445554185304,1091.4791246375123,204.90805375601428,25.680328731380943,57.8743643032978,7.227379282384119,East,wetland,5.96,0.1065
209,2021-06-04,26.179864299852785,71.82255004214623,732.2180876838365,154.43210720641187,29.664146709346365,47.0375287092325,8.320483479209514,Central,forest,37.57,0.429
368,2015-03-28,15.306488770270235,93.03139437466457,669.328972239452,154.1871978759298,39.271455501177286,36.53565814485724,8.611452629907843,East,cropland,33.82,0.4035
171,2023-09-01,15.366571370264348,68.01209059019001,519.5638777762489,267.85030457886484,15.721274857518079,30.85656397939336,19.617076263270476,West,forest,17.17,0.2556
659,2021-03-26,12.378858243482185,69.62228534525904,1282.0278595063437,253.88991644435922,22.957521997797176,17.769241720056495,25.72383332499924,North,grassland,17.31,0.2572
1002,2024-12-24,16.974182645976445,78.56714777101425,858.2624953276628,126.90129943626559,35.24685906416904,12.597984104447365,25.448879778321313,North,grassland,57.56,0.5351
981,2019-09-18,16.94377862840586,87.92004941004336,124.41492483463665,324.60846295521657,22.86772663840499,438.8956551959383,9.676711151435015,North,grassland,6.5,0.115
706,2021-02-17,20.26283331596127,77.9094245634325,205.96672497209767,65.45588991545237,30.73696103344654,14.442966594938198,54.26611873317312,East,grassland,40.63,0.4483
1282,2019-05-29,13.141326625991436,69.92307171100828,750.465270993569,157.95696309379974,29.785404184085955,36.081414964586486,34.27635719108581,West,cropland,28.85,0.3659
847,2023-11-22,13.211203476286691,77.21736097829032,173.0834775551756,166.07494796234374,33.42127914088282,51.48975425774929,97.64208873065147,South,cropland,38.39,0.4343
118,2023-04-27,22.626941434907167,75.1044449107147,538.7332447786887,,37.480038464957175,157.49921947623145,46.84110083336931,Central,wetland,34.5,0.4083
1147,2024-01-30,11.479689926102829,68.15717419472774,909.0633925734251,57.57025429138169,27.99843624260314,15.21458471005935,14.160667704284526,North,cropland,25.45,0.3373
861,2020-01-15,26.600219215698548,83.50925548223165,680.6197568030839,88.6580926239707,15.525021287480573,236.7730369393457,74.10539255179587,West,forest,38.42,0.4345
952,2022-11-28,33.48657239829011,71.3827315275814,147.20105477452606,224.2277872043185,,22.885429865910258,26.405863461682863,South,cropland,7.43,0.1294
848,2018-08-02,19.523481784938213,76.33739237510332,217.09553841441056,227.5159603686144,39.116317199561685,42.826379068794104,44.61091762555583,North,grassland,67.05,0.5728
830,2019-08-10,32.32984345506827,86.59450507645002,696.2944795373055,198.25835272241937,17.514813143690155,642.0382481607536,41.2821306612569,West,forest,35.18,0.413
135,2022-08-06,10.65454796039834,89.02835497586634,1730.085269018468,95.57203176937277,,12.757998782022296,17.737484466109112,East,shrubland,51.61,0.5079
838,2015-10-24,9.159855939142403,75.64021317882465,455.15626257422576,228.93534630636455,10.912944655590875,160.99238547199548,22.270665864277134,West,shrubland,43.17,0.4633
1192,2022-02-06,27.476959692873677,77.54661646089178,931.1770988611197,99.20438561709004,17.892636908662944,246.39016155036595,17.612790445218483,Central,grassland,11.0,0.1803
455,2015-02-27,28.547582470500405,75.16036790569649,684.9940303731987,162.86671427499095,31.321623688399477,86.90770585928473,8.55960215418295,East,grassland,25.61,0.3387
904,2020-10-20,30.762572506075287,95.74976940916957,,141.24009318039876,26.215765521978533,45.77342885326427,2.352092181409084,Central,cropland,5.33,0.0963
46,2019-10-08,9.534077316799499,73.52507208263468,938.627236263152,115.19151465390118,23.741349047670326,1324.189764149024,10.03615875801799,East,cropland,5.97,0.1067
521,2019-09-07,28.97649048383442,73.31223750537661,92.21284294894885,193.370018813549,21.113863853870527,53.47594402403108,24.512070175706377,South,wetland,12.83,0.2042
655,2019-12-10,18.166545785507708,80.90602357911443,891.3573927572423,212.71968338427084,14.020744762189445,74.15194138106322,59.47671427469412,South,forest,27.81,0.3574
1474,2019-12-01,16.19011608241936,73.48988441681651,715.785228582186,92.4770051003437,30.160435317359827,32.95720294002383,44.522291149016695,South,forest,34.15,0.4058
321,2019-01-26,12.671645876269016,72.54454523228263,308.3436999424052,145.56416733241787,24.301115782054573,68.4855508190434,15.186196724070054,Central,shrubland,14.71,0.2273
414,2019-07-06,34.89242538776823,70.78050659333148,188.69922848220912,207.19329741116292,16.868808952918076,231.8700227865135,10.173877096575257,East,wetland,3.47,0.0649
612,2020-09-04,9.718916911609318,86.56496619513923,332.46284437507677,25.542924039527463,26.181134837061702,36.12705348285973,16.77896147880855,Central,shrubland,33.26,0.3995
1488,2022-08-18,30.329216394415987,85.75038539215498,265.26049204287443,173.89082402721013,29.48748809246077,2.3099001722054577,7.576061976007653,South,grassland,11.7,0.1896
1280,2020-07-08,25.266349758244242,86.85472386446102,398.1736887133777,209.35771783083055,24.79595785924776,117.96114307074959,2.422331176691456,West,grassland,10.22,0.1697
52,2021-06-03,27.84717199507041,90.42570023227249,362.3437936568636,177.84728484761698,26.69595609987453,10.831930915531736,4.2838638670948885,North,wetland,4.48,0.0822
350,2023-05-12,27.216362237888504,77.4643823709847,308.2012555106804,182.15337379872187,26.22876089292465,166.13731794518304,79.41929574296692,South,shrubland,37.48,0.4284
1232,2024-11-20,31.17773109697593,94.63428827474573,87.77668422796648,135.9821783166576,21.759231148230946,54.489765901378824,128.67436433416032,North,cropland,51.4,0.5069
87,2016-02-01,12.962385886114923,89.26293372099393,163.08208412890482,202.2096589440365,26.325557679798994,224.67696398775993,42.68898711328177,Central,cropland,20.44,0.2902
1283,2022-02-15,8.022264654536505,91.33654906885442,1043.342285117952,70.64775690727126,30.411301587943655,13.163980478369703,18.950823266928957,South,forest,53.2,0.5155
422,2017-04-01,24.160269204168188,88.90790275097463,316.06727318886607,88.9318200182167,32.2078620399535,24.463157108912917,4.987923183057973,Central,wetland,22.18,0.3073
1376,2016-12-19,17.554183261730017,78.3952137175443,404.4713008632586,180.5780541342905,30.74437603153606,32.78417603460088,17.096401016314022,East,forest,53.27,0.5158
440,2022-12-04,11.342257940162717,76.20794215381642,346.12548682531803,202.53891006436976,21.949411812584522,5.909591424242706,37.03410510479235,North,wetland,27.03,0.3509
651,2015-09-08,13.025746360814448,80.2529950177914,1301.899744368783,248.2746956605831,29.8172753094187,289.203419170634,46.05706966857023,South,forest,23.22,0.3171
992,2023-06-22,16.95723143639902,70.8138804554674,259.61217908687684,300.63314655456145,28.79279856401927,4.76770771182084,39.99726196175752,South,forest,77.34,0.6074
189,2022-09-13,9.896301013940988,81.08713454541247,243.0976916502305,96.28800519891115,21.741747245328828,283.14819758820653,67.32745262666744,East,forest,49.36,0.4968
835,2024-12-10,9.536656457468172,69.25108850976196,727.3258488925837,77.42756496614285,23.21412357476338,103.19265912528391,140.1834979746726,South,cropland,54.02,0.5193
757,2021-09-03,32.732708880476,68.11443284078864,570.9490539105137,221.66342039732487,30.07815861588524,40.51608280106056,13.396287927715159,West,forest,79.64,0.6143
1175,2023-09-22,16.426774232549796,95.01346924476609,742.0107522782101,112.5307969171993,34.26144891683865,91.62225704010149,332.05879549552975, North ,grassland,261.39,0.8394
1494,2016-03-08,34.520228831786795,87.99076895704889,708.6479817929209,138.8303665837725,15.129968612117008,87.93517827143556,2.6646226467677434,North,shrubland,9.49,0.1595
996,2023-11-23,34.037909224920796,84.2935614649131,955.5850896892085,210.54663019781796,35.840367430215764,29.94487324058418,9.222891078776806,East,shrubland,33.59,0.4018
613,2016-08-08,11.849424622832073,77.89195914326868,143.12339880791146,157.79988602835826,32.98495805544903,85.38963484070872,24.532536414015194,East,grassland,28.48,0.3629
609,2018-02-21,27.302956178197153,84.54560242586714,677.933697712515,199.03740703322455,27.194711000996197,163.4937875166766,34.7794231330015,South,forest,37.18,0.4265
626,2016-04-12,24.22173200643087,93.85569751381162,244.53796835905513,91.36133726660319,24.55570025985201,13.236470683296517,16.749431983670434,West,forest,79.57,0.6141
1221,2019-01-06,26.647470973839148,86.91902388437208,59.19669608419496,167.1085975203715,28.342600695314857,91.77064071086718,12.234184727857734,South,cropland,4.87,0.0888
481,2022-06-26,10.597157000390819,85.47197794065163,705.1452362336993,165.3487514155555,22.156607836046177,1.0623807238714262,181.7415120354307,Central,cropland,50.18,0.5009
250,2017-09-05,13.091122123133067,81.34593058617867,675.8435232144104,246.10784819074806,24.93382988031998,3.021037000665359,11.663652985286097,East,wetland,14.67,0.2268
501,2023-03-21,10.0692438591738,78.02521388887489,487.4007308417678,273.36019168978316,17.149838291366123,127.3309977298675,7.247278657162847,South,cropland,4.67,0.0854
34,2021-01-21,24.31162354086092,88.25786630372964,967.2433956900376,111.21383633349014,15.550862257589836,29.173365489019922,108.94309186202636,West,grassland,70.0,0.5833
159,2021-04-14,34.63795904792546,96.44844728945861,246.3542555521563,82.5607101351266,39.99383980823531,15.177935194297849,46.9532624578206,West,shrubland,119.42,0.7049
135,2024-05-19,26.14358251676442,80.31797311209712,789.4870945194167,204.9103113208849,26.378451310449726,50.42372455732121,60.02236373830743,East,wetland,12.56,0.2008
1157,2019-04-26,27.1905614455921,79.37395091641181,434.1572811951495,54.38101139788806,27.2221341260142,30.14661116510672,24.431450019863306,West,wetland,25.89,0.3412
1083,2018-06-11,34.583796121668584,80.41529069858623,461.0270151362758,212.0937203462853,25.815603241334756,12.39246099303105,5.0734106789527225,South,forest,27.25,0.3528
1045,2024-12-09,26.306311962638496,80.34077507344192,71.04887316666229,220.31120428056101,21.033355883114652,4.671248973644691,21.859152549787535,Central,cropland,9.8,0.1639
692,2020-07-26,9.0849024609687,96.72811842768635,974.0747633759619,106.53758555435012,24.157627341420397,2.851267960887768,4.42076344058523,West,wetland,20.41,0.2899
1075,2021-02-21,31.409151223128134,88.49656946777088,656.9273058190773,29.412843762466775,26.547132163810105,165.37052756879254,25.59269772286387,South,wetland,10.47,0.1731
241,2017-12-17,17.846313840227502,78.41634902710716,768.1276365195463,231.94885542475078,24.82017033468821,28.969706231284544,38.605815810237665,Central,shrubland,38.7,0.4363
1350,2017-02-25,8.117817780897315,78.77356884097496,216.37537352611122,282.88597450832634,21.486783633833124,233.7667844915536,58.87518458791531,Central,forest,16.64,0.2497
751,2016-09-11,21.695322794142157,80.49311081757762,602.2374199909087,273.3220663080006,28.876932759344268,28.5319568790394,18.313013002972287,North,grassland,25.22,0.3353
1407,2017-03-26,33.29940502365912,69.06465343983304,433.42869966951235,277.75253230742305,27.13018815120886,92.98655648271851,42.43992915242631,West,wetland,10.66,0.1757
228,2016-12-13,14.947928554264546,83.30667565861626,682.2229811330452,67.62675123380262,28.35744663046216,45.2360048917817,8.134826880846294,East,forest,68.5,0.5781
745,2022-06-18,21.270855672426677,91.53004759416018,581.880732973654,147.80372373328834,30.230268872119016,58.36229765707239,52.80635046655868,West,shrubland,66.2,0.5697
1044,2015-07-31,12.69197597012455,87.15646600301781,1473.1132163845075,164.81514835557167,24.976856526210394,62.7748939651302,39.4320105156026,South,cropland,7.63,0.1324
743,2021-04-16,9.557702134993882,73.7542045560847,1178.6154581278786,152.36829406713062,24.986672358311132,27.97859811164294,9.02268897985335,South,shrubland,8.66,0.1476
669,2024-06-26,10.174713561254055,89.11299299997273,394.87305515647074,200.07088168472694,34.89471537351233,8.63278988765978,34.13634469652005,South,shrubland,55.65,0.5267
249,2022-08-26,27.629294460956597,88.86429958362888,704.5443625736208,,20.33590874654528,172.29318994722053,59.72323914474785,North,forest,49.3,0.4965
571,2019-01-10,31.330010710038025,75.61363725382091,368.6382800399034,53.46020313340376,14.7582095106538,596.0473965332391,21.72895980791349,Central,forest,22.37,0.3091
358,2015-08-05,11.869068659817259,86.06336504885113,949.4753446158685,43.599087534740846,29.333232212344882,657.748812789048,8.82410667537682,South,grassland,13.79,0.2162
452,2023-05-03,15.784601330882655,85.71752196053615,447.9818920744829,234.40852077676675,22.223899430754383,23.809749351050712,23.992848458953986,Central,wetland,14.07,0.2196
1025,2015-01-12,13.265795626410338,92.35384109182927,328.046163407408,67.17514406237052,19.53589425623931,18.178577912299545,34.89874074959765,South,wetland,10.85,0.1783
945,2021-10-22,8.725105977013554,71.9460970431698,596.067254385238,151.85890235087237,31.31142810255452,23.77361442899088,8.758113688379886,South,shrubland,37.01,0.4254
910,2021-09-14,22.942646986948557,73.65031663083415,1117.5619260658525,103.88033360002356,25.13138969744505,41.94016236307827,7.332789927667384,Central,grassland,11.37,0.1853
542,2016-12-01,26.897898593716484,82.09311560926635,1000.465912640747,106.45750877849643,18.418615654208946,50.46643964163095,33.8392828404706,South,wetland,4.9,0.0893
1439,2022-05-24,25.492691983896904,69.28020931787691,344.07720279692006,129.0401646197484,37.60967671405733,12.220407652198038,45.755772186548896,West,shrubland,120.94,0.7075
131,2016-10-02,18.477445777160685,80.05223173044949,1388.0063714563225,108.96915536480668,16.335882413615604,5.932206472228826,172.3896545025733,North,grassland,49.85,0.4992
513,2017-04-03,22.985276640377442,90.85835221799198,228.48805666103368,53.53740768183503,25.4799296459834,58.84538787406321,39.08452553759022,Central,shrubland,30.68,0.3803
177,2023-02-11,10.540681279178067,72.31271742553595,295.43567317658994,129.09131206653248,14.664339350916862,0.2737298380986915,5.994955100882245,West,cropland,13.66,0.2146
508,2024-10-13,12.16620040551248,81.33851337115922,922.032372398163,92.45020174317362,27.623949403113365,46.94678710415398,154.43658180634046,West,cropland,69.2,0.5805
1442,2017-08-24,33.15845472793055,96.7033077680909,59.74012046822617,89.9218454971184,22.15334779873747,13.235182005058347,57.68442163002479,North,grassland,64.97,0.5651
549,2024-03-16,28.560709191137214,82.67168038932107,503.86570163080347,322.9760079913806,30.91564889197622,175.95561749605812,2.703991131302397,Central,shrubland,9.93,0.1657
1362,2024-02-16,32.91395558727952,82.45139089954063,393.5148539590618,61.129562566171074,25.895681682159747,262.81551329148385,7.168597205714467,East,grassland,8.41,0.144
742,2022-09-09,32.75036768148291,84.20501392800088,1442.0447667925348,125.87435061647496,34.103646674040974,272.2902629145793,12.285768734853601,South,wetland,13.04,0.2069
1049,2016-05-26,25.533600661909,73.3941267396495,191.94171703644454,158.6208679596444,23.421716495576455,32.47042509837608,46.437076012862086,North,forest,39.27,0.4399
686,2017-12-28,33.06244349902846,72.26775259789238,212.65056069024777,323.1542668408073,16.372733863124495,9.947129151538624,1.859941499933975,North,grassland,3.93,0.0729
398,2021-10-09,19.251010783226505,87.64328424433815,1574.2154844915094,74.93256771798855,27.425096318161195,16.088609299969452,17.830091861083368,West,forest,37.56,0.429
1146,2024-12-26,8.097638609193405,79.47723748726733,397.19849055393667,266.2355516362633,24.484655117244824,84.05035006204275,43.86202253937869,South,grassland,21.92,0.3048
1453,2023-02-20,9.689420127846303,76.4072922182488,1088.252164076697,128.59218893201597,15.084440711735269,4.6237371611295375,1.1804403944563173,Central,shrubland,3.65,0.068
395,2019-03-14,10.95615779392201,68.91035697767703,347.3650623081979,131.08597019572724,19.66771834348574,441.5645582676771,42.38346964209688,South,wetland,4.47,0.0821
1168,2017-05-08,10.574543235937227,92.53546441817599,285.1816664243243,194.19730270054492,21.577205327141066,33.25000615797161,47.79607159389075,North,forest,32.94,0.3972
391,2024-08-06,17.495964552957112,68.93753710950016,1124.9778835682655,287.050738611849,35.3323003424044,115.61439915716642,8.613644049480301,Central,grassland,15.57,0.2375
1075,2017-10-05,26.934311791952656,89.74951059841626,1828.0391798861021,108.51253944397057,30.244674797419872,3.772963735654889,6.338947414212406,West,forest,60.8,0.5487
1183,2018-06-03,29.347517778213366,79.07766821095885,1183.5584046428003,164.68057132633055,23.913589023243592,13.613023725194592,8.479966032339727, North ,wetland,12.28,0.1972
674,2024-08-21,23.935758407304867,85.36194650463486,329.18898699981816,153.3041568414275,28.825218379233434,3.1314034214325934,1.3880530971048912,Central,cropland,7.93,0.1369
1105,2020-08-12,11.953776713038447,75.1826620200147,487.13253876231323,149.52949629509956,13.763240720839725,252.5941980430096,14.495091949406483,West,grassland,16.83,0.2518
408,2017-08-23,28.19334325800073,72.50659032073013,221.58890216552044,211.02767274187408,22.61056333311199,42.93523812087619,25.01801726143571,North,shrubland,35.07,0.4122
118,2015-01-20,17.57965181671517,83.46825202421347,256.97383969686376,96.02846367459944,28.405972274050175,128.6322335589094,5.9337904197953515,East,forest,18.11,0.2659
144,2019-04-19,8.350820414138498,88.17291315367017,245.5574799664304,116.62025593192853,26.992257838372808,60.046575744530784,53.09323837443044,Central,shrubland,40.5,0.4475
670,2024-11-07,15.575892754384233,73.66930555340925,354.28936327143134,54.44365017023812,22.76386312457835,110.24581791553076,22.25501064206638,West,forest,98.81,0.664
1353,2019-04-28,16.9262149618064,80.65440947554436,548.223156042002,186.52831848384736,25.770151207214,32.91199593459839,26.049999477803652,West,cropland,37.26,0.427
191,2021-12-28,15.404629450888779,80.89499413845047,502.4906719122684,145.9816134021818,28.028651028272108,40.232761072702935,13.436882308820952,North,forest,64.74,0.5642
683,2017-07-12,29.92049413606481,74.26339532330442,831.9833452024895,283.47428641503416,25.943860038989076,47.579470290589505,42.226329488926744,East,grassland,36.93,0.4248
1056,2022-10-01,28.51801273504044,84.3864339413118,569.8926954726093,73.98608077016291,31.166023741540837,100.32826726101436,73.00739123780261,North,shrubland,136.1,0.7313
303,2022-10-02,26.77990482114132,72.23213491666932,777.3266565262638,343.4106258757869,27.912212659325856,104.39456678729901,13.362888602889171,West,cropland,11.38,0.1854
1082,2021-01-29,11.753137119831162,82.78272602623882,865.2441605286765,202.31155994174813,29.067442822578073,3703.950849153389,42.99276178293515,South,cropland,9.36,0.1577
458,2022-09-18,29.811515562069612,71.28951382961398,334.0901698726356,29.849430406418517,36.2813287293805,680.2110999317601,43.46810530689821,South,shrubland,122.2,0.7096
1212,2020-10-13,26.28375096490974,82.08072985679898,440.84318343744627,197.90910865788672,30.965037997790397,3.7880895715074,30.504390065874126,East,wetland,21.94,0.305
868,2018-10-12,13.26061753499758,77.03637259139114,3088.845470450743,102.51601528878957,36.44575067828583,44.05072377946729,107.45306999973963,North,grassland,175.44,0.7782
820,2022-05-17,25.498536117600942,81.11514247036452,311.4545922203829,122.91222255416399,21.96851380267892,29.700273056910298,9.713438385548018,West,wetland,5.8,0.1039
265,2023-05-07,21.054814307099388,80.57873142385205,808.7438159194207,112.1960456249644,16.445516762926708,372.48460988271717,13.176720642654214, North ,forest,8.46,0.1447
694,2023-05-28,19.862451670118077,94.33006056173919,153.40673796792714,258.0872208690686,25.158315255734557,34.00059607561353,9.235369499615217, North ,wetland,13.61,0.214
1284,2017-02-16,11.027325413754498,82.20813239873742,882.5981580128689,49.34865200725376,24.646421829935708,109.5557241511222,41.47213038863878,West,wetland,35.38,0.4144
29,2021-10-05,21.994215447819464,91.73646821242936,269.54238969898427,132.44535943238927,34.756484914336134,1.6395266212321873,15.29481275436629,West,cropland,48.08,0.4902
1137,2015-01-16,10.698158842253818,74.54391939443974,516.3341970667384,138.31194252481163,19.219733404058964,5.638391235623797,10.016671562213936,Central,forest,24.66,0.3303
739,2020-09-18,12.4348414558652,78.2104010443935,128.37899657946795,110.07777996776568,25.52672623724035,1259.4618035476597,105.96910896112563,North,cropland,17.18,0.2557
1079,2020-09-15,11.578750485418594,70.17759203836253,477.5284903783425,84.61960257068291,28.431076196257322,58.87205897140972,122.67098026186066,East,grassland,73.39,0.5948
994,2018-08-19,33.76092353489021,80.20168604982331,485.13969500677183,34.02791299417528,26.60061502390615,12.21066762043928,14.45885592679465,North,cropland,16.65,0.2498
648,2024-12-07,15.691346641985032,87.392296725173,427.94514767428655,133.58857673951613,24.970822116567824,78.59486030958438,5.11712076332828,South,grassland,8.57,0.1463
463,2023-10-28,17.59051673709221,92.30684398917249,686.9831885210073,186.281555751919,28.151410719238072,11.250488723786773,129.47883744196605,East,forest,161.12,0.7632
940,2015-05-22,16.696176369992976,84.4115324421755,1060.8254852215778,146.07191227415188,32.47458578547186,35.69246803649671,32.16022812570081,North,wetland,37.41,0.428
210,2017-02-01,32.25276201980988,86.56210741819928,211.72240508511263,84.67153691705755,35.21447282733597,6.178484971261076,30.591505598849473,East,wetland,85.22,0.6302
876,2017-01-29,23.20007960604199,73.1407452508915,436.26059143638224,139.05804091192198,,16.72522691455758,22.30924149857591,Central,cropland,20.82,0.294
142,2023-12-21,32.817317271199414,69.07897510876974,79.17353124835172,285.1824872574084,21.104925478432612,29.238752383024803,9.02214644911546,North,wetland,2.18,0.0418
974,2020-03-09,16.09797245735318,90.95895621014216,564.4438876528251,98.34841710400866,35.207204564560186,293.25688675550106,13.286049089446015,South,wetland,26.97,0.3504
943,2022-04-14,11.100536209662621,72.8441080157973,196.77507789472094,157.09189236797468,19.53419931958706,109.51581976101795,39.55610494339629,South,wetland,5.64,0.1014
126,2023-02-04,23.017898223552713,70.64391653044981,498.8757677084852,168.48096588355529,36.743473058690796,142.2784501286245,12.83838664242803,Central,wetland,15.69,0.2388
1136,2022-09-02,17.329498778330475,95.18930730629125,581.4534353118407,63.855399578373564,34.06481218951238,52.527562033593924,30.968901645708748,West,forest,140.95,0.7382
623,2015-11-22,29.651484504250206,95.94211955771613,96.43023107135497,119.8711615988433,34.93639274857322,187.59279835850367,20.35579376281079,North,shrubland,66.53,0.5709
1180,2016-05-27,31.744432040614782,85.87146145647235,647.9557757727981,120.62531523046962,30.112345135838513,14.727567769799212,6.980447447866152, North ,wetland,18.34,0.2684
62,2018-12-13,20.759484794490938,78.98048090793151,1026.2378937906326,143.10465066934893,13.32505975917311,18.191256790469158,101.60885052390444,North,forest,59.67,0.5441
269,2018-05-20,34.226693650308725,92.1639466879575,757.2255773433199,253.77002736601304,19.765275013546734,100.62357832435644,36.38050039113185,West,forest,18.79,0.2732
740,2022-06-19,22.931351171298957,73.93687882072696,216.47536188373257,72.44854265404027,27.84132932415835,35.91944940540639,27.956442554944292,South,grassland,94.59,0.6542
282,2016-07-24,15.314850621430438,80.45237749546078,474.8669980737462,261.67413771372713,21.946118008694402,53.475907611459746,34.98856244543021,West,wetland,16.51,0.2482
494,2018-09-18,21.20233891429541,78.35350167101745,516.4432064449938,193.35674099618547,24.10832072997268,42.68284500254177,3.3438013592224016,East,wetland,4.83,0.0881
990,2017-05-13,9.007377894879045,94.46829973150876,442.80762619178427,348.190512544495,29.676849084955553,357.87208634532743,12.265867414365207,West,cropland,18.23,0.2672
216,2016-11-20,29.708031327102823,94.67354504550593,145.75915214781742,40.80393887502828,24.980154289828178,386.9631229746678,4.360991586385458,South,wetland,3.04,0.0573
1016,2016-09-22,10.738746373069365,86.87569186338632,249.09349542318716,27.72991195299586,18.68587637405396,21.343587838984906,22.752754609224606,East,forest,61.76,0.5526
155,2016-12-14,16.336209189581133,71.21146406790807,412.45097081820904,442.8710713635554,31.31395227883139,3.8969569512764397,27.824368582011147,Central,wetland,8.94,0.1517
262,2020-08-21,23.26354676913347,81.98359090009077,575.3880777349394,62.23560201667767,29.08941665092236,18.779289657839037,23.13481960681416,Central,wetland,26.67,0.3479
881,2019-02-05,9.160328392466269,75.11452262049764,309.75704890602964,88.0875967973064,24.50602434212262,14.21872531622648,65.27369704246081,East,wetland,36.03,0.4188
1190,2019-05-08,10.141556277899102,93.66255423234998,68.74646351974523,88.53867318621906,30.26759710462804,190.1137374463132,4.4935713469276,Central,grassland,6.05,0.1079
255,2019-10-16,26.795141655551348,72.01368117146986,326.10206792649166,75.18422867864457,26.57028237858553,217.1842811753496,9.031776016244162,North,shrubland,15.82,0.2404
449,2022-05-28,9.937981512640755,69.57499799996052,1471.656993162267,188.7219592651815,33.98816715449148,11.627683056974695,30.397124024490186,West,grassland,144.12,0.7424
1387,2023-08-12,20.881237388679168,88.42844197295227,651.1906076772391,125.35264757136514,26.907247313345056,17.60605473941048,26.152287355219205,West,cropland,29.07,0.3676
1484,2020-04-05,17.14478210236026,81.14529617407644,563.2026406442315,95.76413654723751,33.94356599948408,5.93865911168019,5.390128726565939,South,wetland,30.17,0.3763
871,2021-06-02,14.158144014823243,92.31258174048945,245.71237714108793,316.4316013411014,14.758083311748724,66.79096288808783,66.45532171647851,South,cropland,10.52,0.1738
670,2022-05-19,13.097030242318965,70.16425930391004,338.83442987838674,36.55419473817696,28.755314139270972,51.04080234680477,93.99317022834511,East,shrubland,102.68,0.6725
520,2021-11-24,28.612104930779644,91.23120784562744,62.552000065339634,229.8183593696382,23.612829219914964,178.33837451885645,30.74068456180609,West,cropland,13.12,0.2079
918,2016-05-05,33.69163921505763,69.0827078324806,230.96115750946964,136.6346380297718,20.845694069938975,115.0879871923346,4.441217725940809,West,forest,34.95,0.4114
886,2024-10-27,11.784853039489956,68.81403034550475,627.5043269634363,94.83024591485545,32.951003476430756,136.3608194325969,23.564120688732743,West,forest,203.57,0.8028
442,2016-08-24,33.91139291770143,81.37815680019986,566.3421784045306,101.22778885089932,31.334524591257917,5.403230094136783,28.228795272365172,West,shrubland,98.57,0.6635
34,2019-02-12,24.058587593827802,74.41744740073891,285.3123298610257,118.70151532975405,13.961139865445169,21.33845715751407,15.304664996112257,Central,grassland,23.26,0.3175
227,2021-07-09,25.324830944807943,85.21784250318939,442.4991657940229,,30.292973811898793,226.6361701772933,77.26527478538263,Central,grassland,85.45,0.6309
1437,2019-01-12,27.16801220984971,68.74869283213265,502.7527147098541,,29.564888278435607,24.340358646375794,17.886770106149022,East,forest,68.31,0.5774
627,2017-06-06,27.011210039573687,69.02629672852638,298.65203601314374,113.4276012611234,21.661570960054046,4.752406818246754,164.76864757127268,North,wetland,55.3,0.5252
723,2024-03-24,30.134899921013584,89.08730638898628,678.6803621859638,196.5951382054257,20.988176318221008,183.45774524018336,43.952838839863226,South,forest,17.13,0.2552
700,2015-09-19,21.05365358638783,74.09478971227703,558.645736733288,102.11562482833033,,22.968012969105967,26.471803031653476,North,cropland,10.58,0.1746
1174,2017-06-16,22.40068186289693,87.03609658616128,349.1989003426041,155.68439170672931,23.974808616578212,268.7967426452442,50.42198972543264,East,grassland,16.45,0.2476
97,2024-12-03,16.74332906651223,89.747742683522,155.88749057499527,155.65052777056124,24.935074770160604,53.11067366772299,92.84071410254433,Central,wetland,48.7,0.4934
124,2022-04-17,10.84195503214416,69.72060380602406,328.628996056046,142.3673163934422,30.781980682151072,36.023475950043434,49.355638636803306,East,shrubland,70.95,0.5866
413,2015-11-14,25.945285155007916,90.32286467946294,310.49680079614046,265.8156403910136,27.61628218700335,421.90760167483387,18.618672654832974,Central,forest,12.22,0.1964
729,2022-07-17,8.907469168028776,75.7842153208773,,279.17018446507865,19.640551308174004,7.737019773684501,10.382064320194106,East,shrubland,21.17,0.2975
1006,2024-09-08,15.442146379250943,79.2968327877927,,206.15061431260725,,469.34202612271156,6.539708958596469,East,forest,12.72,0.2028
736,2015-12-23,10.544206340044706,70.51253657656419,1216.7609015390117,239.3836236708211,24.47572748357652,20.925447596931303,1.7494140269959622,North,cropland,4.27,0.0787
661,2019-02-20,13.149633247713387,92.32026951758073,1176.9113174637373,200.5186291038801,20.391042718013328,69.65502126677714,23.9084841260142,West,grassland,51.32,0.5065
1406,2019-09-06,25.24573464822928,84.26113480344716,430.1463832006113,109.09111650209503,16.462956537365734,70.6494478023115,13.630778515666048,South,shrubland,7.02,0.1231
241,2016-04-23,24.96886901553279,82.63529305756799,573.3730667434891,130.84230826979086,29.748820010153047,28.769628498058452,14.38047609739007,East,cropland,21.41,0.2998
857,2017-01-02,19.368482650884225,96.0880895161799,670.1955438732837,40.98874535638749,28.678382896876805,17.4062783331689,56.196671790338684,Central,cropland,35.44,0.4148
813,2016-09-26,10.43464336521626,77.70066703827945,435.51920835319277,81.27903084917206,29.340614169685445,31.35164433411173,17.956056892749565,South,wetland,10.87,0.1786
710,2016-11-07,19.701095744404025,93.83259930782418,603.7419693926657,62.492261715541055,21.63053339904942,11.919264709748559,133.63385681161157,Central,cropland,24.84,0.3319
1211,2019-01-12,17.52411154017392,88.87094855087352,739.5985049708456,94.35971269244725,27.026479172610586,1035.8120261555425,11.32372597623064,Central,grassland,14.83,0.2288
400,2019-08-20,27.452397127110643,94.92731593971493,543.2915017600417,162.06151349788487,17.747815117596513,26.530726290433215,7.606847569146179,North,cropland,5.63,0.1012
1430,2017-05-18,23.633718421374397,94.32625953011133,833.1678749963395,106.93843777701375,20.08050312888872,310.57359109373795,5.710825737014494,South,wetland,4.18,0.0772
497,2017-11-22,21.272275718098975,96.73986434575602,276.56371328866317,216.87040982973474,26.202393198490007,254.8714850354286,41.378071131991206,Central,forest,31.96,0.3899
817,2016-12-02,21.148516222234868,71.81862580907757,474.4943546787648,83.09318804057403,27.57411818193307,94.10344053241234,63.528336841414955,East,grassland,49.42,0.4971
781,2022-12-15,34.09001595603131,91.08447537065626,2420.5102244301097,191.9688356747005,16.227092624363827,44.54417747205161,11.085135910393427,West,cropland,5.72,0.1027
1274,2017-02-11,28.419943985993164,91.33033629347759,970.6843865858256,78.96103454266262,19.654731714184173,73.01557471268266,6.931091454713508,Central,grassland,20.58,0.2916
658,2024-01-26,21.41844813242345,86.68683231717611,552.5524554112304,256.41559838706115,23.807642983500585,128.79920623522216,92.78418658201481,North,shrubland,61.2,0.5504
426,2020-05-20,20.939010548002393,76.08696778890786,212.22039323741708,82.99366400874588,31.751112397461757,63.47859045726964,4.709577115885758,West,forest,34.8,0.4104
32,2023-01-08,8.714935735234013,95.98929987722113,493.2475856322358,177.83603172778328,21.121383482802685,5.206336877947222,55.159014020590426,Central,grassland,21.12,0.297
545,2021-05-11,33.44775010963478,73.92824199881608,926.495773574706,95.86111567889355,26.84345169677047,3.56988372639839,11.347740391715867,East,cropland,10.14,0.1686
1239,2017-08-29,16.6176972377179,82.48768597239473,,300.23041106274485,27.472355843804486,525.0441402466466,29.877191317760232,Central,wetland,11.0,0.1803
14,2021-01-03,14.910355210780082,83.1231262717564,75.91364093154172,293.96619794096284,24.50184904565916,1.0490963191567446,58.963683608019984,West,grassland,82.36,0.6222
1344,2017-09-27,34.984040985467125,72.69305100024512,105.32935051632052,174.7785947508782,27.608120228956608,73.22432909559501,32.33842622960756,West,grassland,65.24,0.5661
814,2016-03-08,27.40462113062216,88.953335847664,110.72609681435088,173.0223342897521,17.930499172617516,38.37986519740744,14.950487936707878,North,wetland,7.86,0.1358
210,2017-07-18,9.278821879080775,70.57714776122695,677.9114618970857,208.83833210769188,22.065276808628298,69.4913106948627,81.13360669867072,West,cropland,36.81,0.424
453,2017-10-03,9.670907879690564,88.09983558655462,112.35230231148056,190.33284461222124,34.60615914481337,9.875430335823742,26.818753088767924,Central,grassland,76.79,0.6056
831,2016-05-07,8.688542226925343,92.60984939242847,203.74704046632922,223.0078322876201,35.02858941198566,92.38976756724244,798.3199891477603,South,wetland,72.69,0.5925
473,2015-03-28,24.189710286847465,78.13249632738959,423.27744630924536,81.92767934014377,31.05752447166142,74.36791889974849,3.6504313280266496, North ,forest,30.4,0.3781
162,2024-06-06,9.9322415016727,88.5732034493768,1033.7222020777087,142.38681950463837,32.602353139721885,3434.125616170707,3.5969023861190914,East,shrubland,8.17,0.1405
998,2020-02-17,33.201485634813125,72.54644623628765,701.2959712018504,99.80195836823378,15.044534863761424,66.35174562496694,54.28568520316074,Central,wetland,13.05,0.207
1008,2019-01-07,33.29647658061231,92.53252104213348,384.1262876582581,291.7002528758147,20.30782468823858,412.54804026502984,19.457815877235713,West,cropland,8.96,0.152
178,2024-04-17,22.743459802198153,95.60891925804351,849.780630264501,68.54655867545141,24.13339058193133,5.765958990115045,44.372033520257,Central,wetland,22.66,0.3119
421,2017-03-31,24.649251147690673,72.42811711149353,1759.6283557379136,317.51890361707285,40.49385155848424,252.17996439798418,6.69672840998474,East,shrubland,19.53,0.2809
365,2019-01-10,15.881148841181744,88.06392474519762,496.61902263701876,143.72093779673028,24.121496152961335,76.66229174531111,21.20278941525765,East,cropland,12.76,0.2033
989,2023-06-18,9.72725864502338,82.66910180013925,146.91831225535103,224.7418003017356,30.469425797739042,81.82706247870375,31.73174124805875,South,forest,48.04,0.49
1095,2021-04-25,27.91143202017902,83.41348062313898,210.4417493076243,106.4315834020199,28.27023216952908,83.54227700742452,11.661457303789797,Central,forest,19.12,0.2766
1090,2018-12-28,10.748221696223471,88.48820183941996,208.61087400396744,65.17879606261101,28.136740764387252,705.9237698624382,25.325953648773186,West,shrubland,30.62,0.3798
1408,2017-07-22,10.310056307496614,82.17347448075668,253.92667300428684,285.8988412045249,25.858816258776734,80.05042099535486,5.147307791830933,West,shrubland,9.28,0.1565
1152,2015-05-09,16.403023948514043,85.40946536851379,362.7239812014942,182.79212954439237,18.799803018643267,16.84100903936584,29.809372519767155,Central,shrubland,22.69,0.3121
481,2015-11-07,8.336572815622816,74.69612956292994,587.923749395847,72.22334953284567,9.793016519086912,21.67355689243116,85.23805801114634,Central,grassland,29.29,0.3694
161,2016-08-14,19.718961625420533,78.97669129817028,125.01720811103957,133.90468001385815,33.69105489221435,185.98968976336343,5.826532386403782,Central,forest,17.96,0.2643
921,2022-11-11,27.107384572162072,93.09197015207356,150.32492740740693,128.59784930441674,22.301013282454768,106.82406056372697,5.485162151365241, North ,forest,23.77,0.3222
1374,2021-05-22,29.63642114839235,71.18717283780319,734.9213545307126,179.56044256418662,14.797320830173657,5.497478359203625,66.01757957153718,North,forest,97.12,0.6601
1462,2019-05-02,24.316297202570876,85.32968256707557,311.7242008366559,81.71829766629037,28.627766126017576,118.15091355776815,5.389012673070294,East,grassland,21.5,0.3007
345,2022-10-28,30.86560348407564,73.34432480481182,229.39928166420967,71.27347990365853,28.512736454414217,10.767006072120125,46.553443652076396,East,wetland,56.1,0.5287
354,2016-08-09,18.975559501711977,92.54964833977779,396.70080593899934,152.48932759253785,30.607353868888197,105.360418512994,21.228582100560956,Central,shrubland,24.13,0.3255
56,2017-02-08,30.91684629663287,84.79227466175294,1157.426591127064,84.4590019370622,32.69429421079023,16.308214570090943,13.225913606991666,North,forest,58.65,0.5398
211,2018-12-04,21.67477938345624,79.68841469743786,807.6917728301235,290.4081621953512,20.486081784322295,35.79389678432676,87.05367026134732,Central,grassland,29.43,0.3705
832,2024-03-02,14.021975455953974,75.24491553590272,769.0973816275985,213.94314318137236,20.750109759989947,24.113872886294352,50.81277546084751,West,wetland,18.14,0.2662
820,2021-02-19,33.49193245983258,80.6684962764994,1434.4752756750868,210.77622899406197,24.087780389615165,532.9190171690927,26.568216376449644,North,cropland,8.1,0.1394
556,2023-07-04,15.424213593602145,95.77075745173053,608.6504531988949,40.387449205291624,30.929841104330972,99.76043137247522,2.333416450641386,South,grassland,22.98,0.3149
464,2017-06-24,8.707440073070414,82.767069402565,1522.2157749595847,108.78386526238452,13.384166037125684,362.00915568773206,40.945983251888144,North,grassland,20.09,0.2866
1244,2023-06-24,14.552199159785726,81.61519641929594,1603.3615301159005,121.12631278922733,26.76923801654754,4199.911972798513,6.883588320415597,Central,grassland,11.3,0.1843
690,2015-09-22,17.900564153950548,89.64194059150896,129.19719601615654,76.9545202989138,31.592730946884018,58.56914446214737,16.096760664275234,West,cropland,25.06,0.3339
1212,2017-04-10,17.48644144881013,78.99236505412529,94.44272796348811,190.69085063417063,31.34513868210884,519.5615482457761,20.233387134489238,West,cropland,36.24,0.4202
1444,2020-03-24,22.166022754976435,80.39529454654303,196.04240090643356,177.81116057867678,30.251369509024,19.121560140690136,133.92464904436503,East,cropland,51.49,0.5073
475,2015-07-04,31.844425814969934,77.77148421557695,,206.4755324686771,32.37800312147325,358.6393060490854,15.591999685751448,East,shrubland,39.35,0.4404
304,2023-07-30,15.893132131961877,72.37667290455235,403.1859852670853,236.99210144753573,9.516903760905812,16.260465444876946,4.841517302959101,North,grassland,4.49,0.0824
1429,2023-09-02,22.06080641489756,88.70046721187687,364.1679510367732,230.9742930534824,35.68081213743364,53.11064094895761,87.32560408418371,West,cropland,65.19,0.5659
952,2020-05-30,17.183751749588943,93.31789650262509,865.8621314083874,462.02175966991024,27.982429721440248,122.15814615571702,41.501609723323625, North ,wetland,10.9,0.179
436,2018-01-21,30.18787260307641,94.2621868280402,298.5406633690315,139.97384952948389,34.007907630068026,154.67820237313163,43.076422468722264,South,grassland,87.75,0.637
932,2015-12-28,12.255240858788916,93.5432852030956,552.0786904754211,127.5603245286377,18.952193138519753,8.094400584863592,88.9805675297114,Central,wetland,18.49,0.27
772,2021-03-09,10.794777244371579,81.1017302707018,734.6690774617978,189.42951738570144,15.477038932468101,14.871804639629985,112.52876171218519,North,cropland,27.46,0.3545
1358,2020-05-16,21.580871837415245,76.2379195738927,213.0924498729072,258.24191171722043,36.71826611003384,136.61614311509013,8.23395070156544,Central,grassland,23.52,0.3199
383,2022-08-05,26.14096481566828,86.49978873842389,170.22281124844827,53.79373694799283,20.44086899228291,31.450823121237494,4.99786213129949,North,shrubland,12.1,0.1948
1487,2021-01-08,29.479180429450697,95.68644244527492,494.4895111250059,91.13420068034218,24.13490657220146,6.712538777371674,46.640499119673436,East,grassland,23.34,0.3182
1404,2016-04-13,23.919871028443545,89.08446879688955,543.6191344740485,103.08222249070546,29.164727842774933,49.084087473882526,15.448820898665007,East,grassland,21.66,0.3023
271,2016-03-20,28.893943555613017,82.35060828611454,819.4819249523316,147.44426754294867,30.637319961731095,45.67461809238036,16.915358512783342,North,grassland,58.51,0.5392
246,2022-10-21,18.60317158114494,87.97544866089,191.4316808565379,109.1264219046574,32.47049776918571,71.19143184801794,6.542573614524064,Central,cropland,27.0,0.3506
799,2016-08-03,8.887427097194662,90.4035994611775,260.8628155563711,238.87467606180297,27.340317004344815,120.76686861140965,36.01359895178202,Central,forest,23.57,0.3204
67,2024-05-18,11.134681313342027,94.65880857851405,1592.81523218033,158.27843327062513,19.674144661645776,109.7798545968472,30.028026848048373,South,grassland,8.59,0.1466
448,2016-01-22,9.045510233182897,90.13325686519246,955.6380460260448,133.07828645555614,30.239795795025326,17.248761749050143,17.19299293564568,South,shrubland,64.33,0.5627
652,2022-04-12,16.881478562865304,80.56252611344127,433.59320542768427,178.63144747943338,30.335336338400804,29.48133339904616,5.011111527995783,West,grassland,19.34,0.2789
1454,2024-09-29,21.378266214254424,75.93458903549904,1062.6647044856572,44.35306255508053,15.109790652882683,219.57262423958107,67.2993130155896,South,cropland,10.46,0.173
1488,2019-05-30,17.620572058737363,82.49656827715815,192.11836939619027,174.21082140313445,34.51210904992011,24.17267104666221,25.93788154991544,North,grassland,111.57,0.6905
227,2015-07-27,23.13618582679259,77.51716039355868,394.9510561747326,85.85119175573553,11.077546324638277,30.185507105106314,61.4266469337607,West,wetland,27.0,0.3506
1337,2023-10-05,20.976447009305268,95.3401731879466,540.1512532025425,,32.20649381956309,5.717870121196926,2.4522046501217765,South,grassland,18.31,0.268
136,2016-11-14,26.30445565032639,82.73100946004891,359.6508711726223,49.13250142141867,22.195340191653052,52.2991069211764,21.2599102840412,East,shrubland,17.72,0.2617
1122,2020-04-09,26.00797841621197,81.68963374295625,370.0866151597763,184.7057593848374,30.23305688770123,91.64346768247673,9.80704682778562,West,shrubland,19.83,0.284
1268,2024-11-02,16.587731971934346,78.09769032649102,790.6232608045103,87.17759542741142,29.061165231795215,2.8200656711750223,20.824856286582484,East,cropland,54.1,0.5197
1336,2022-06-11,17.347790294749473,86.54280271845641,964.9245258187588,260.8653255386309,25.777264706565596,10.964079480185697,51.58394937358209,Central,wetland,18.54,0.2705
335,2015-06-19,23.79899118431519,83.08148708000749,329.0350346882877,56.52905106332537,28.706519836281913,6.4715030795259905,29.076996584599204,West,wetland,31.88,0.3894
1340,2023-03-14,24.10367663305273,71.74241876404943,136.68473854276388,144.6353661416948,25.481308067515865,178.13262471968153,20.452849938750852,Central,forest,25.33,0.3363
173,2016-08-11,16.496897668202593,93.20702651408435,108.98051039474463,201.6176811522505,30.283704959420735,3.100220040659325,20.34388621449357,Central,cropland,36.43,0.4215
778,2022-06-28,16.918582915936483,78.41137213217016,54.874104645611794,169.07165031948924,39.11163057269228,48.519855422993984,4.221687046844454,West,forest,100.64,0.6681
704,2021-03-16,26.739215356025973,80.54477446878647,1418.393891944117,168.5106675199122,17.952566056190747,160.25931666377855,8.11270982567248,East,wetland,4.19,0.0773
473,2017-11-16,25.480092217653876,73.96434464324379,792.974067199925,68.22357136057741,6.871122032370927,72.36570314441232,61.63855357826403,East,wetland,6.54,0.1157
33,2019-03-27,11.646371726353916,84.04854802091879,673.3840201246196,65.61983841856451,23.505954398324512,28.22087648213604,12.115227932235657,West,cropland,18.25,0.2674
1158,2016-03-06,19.908130751235625,88.35959681042891,294.2007191988572,,23.09584460051583,91.80828831104141,62.82914415787796,North,grassland,69.82,0.5827
503,2024-11-10,32.10306412518594,93.55379429815224,292.7546585928637,152.29758714995907,23.734590947612155,258.6459015414384,45.89567726876748,East,wetland,22.35,0.3089
992,2017-05-19,8.98025325482083,69.49662228419562,986.8911989036288,79.06906498230582,20.441366276434326,46.45957521009898,48.38573845918378,South,grassland,28.73,0.3649
615,2018-01-31,31.089426555073768,96.22662538128196,94.94274362919337,76.49591812974306,31.234605015209546,1.8995065664945314,28.019883686073527,East,shrubland,79.61,0.6142
560,2020-01-10,12.405810240731878,88.41071451859034,340.9620769688365,134.17117894673183,17.712023264709874,305.39291340775065,12.987557279159267,Central,shrubland,17.7,0.2614
1329,2021-09-20,21.69571307646633,76.244661847934,,115.25246384329053,28.70465063432995,99.52381702342949,17.267876744126617,East,grassland,54.97,0.5237
141,2020-01-19,19.45708358092131,73.92976789540502,340.46155501303906,342.03776470087746,29.83079370714226,51.955389309716224,38.10653922420877,East,grassland,14.01,0.2189
1104,2020-01-18,8.273492108219388,76.58654964098334,764.3484527519203,268.6886227633419,27.89879544224367,2.799503913253599,2.397402538703804,East,wetland,5.51,0.0993
1120,2020-10-27,32.715717301420064,93.39604679832684,447.36862372633664,213.49099218443195,28.922859654955545,34.90175432892371,69.67045867993114,South,cropland,35.49,0.4151
569,2023-07-28,20.28298113802625,76.45031502268256,16.86351434416716,285.35409569865055,31.69560353436478,14.684377226237801,12.181038931533449,West,cropland,19.52,0.2808
393,2018-12-13,33.7652434725366,81.42181290215984,432.64526113182046,98.97737750583985,26.32139169354139,8.807301607308183,18.425136395667366,South,wetland,11.56,0.1878
7,2023-04-26,15.742085326438882,88.46640357302475,502.12944157715987,107.18467061507965,23.921020317646082,44.492732176159755,18.584677677674456,Central,cropland,15.22,0.2334
1405,2022-11-12,31.389445882231254,93.28770604799269,,249.17315483752452,28.918222631749185,24.43580981452192,19.301202890554872,North,cropland,21.67,0.3024
1421,2024-08-08,32.90451849788202,87.09856370803702,162.36384682370172,144.40757929028163,29.602197425671946,26.97341620636009,5.399780561265324,South,grassland,9.4,0.1582
361,2024-02-16,23.034475242011077,89.84016669949825,410.192956607603,149.03926515696008,31.338086127312515,165.57753091983244,23.376354819297173,West,shrubland,55.64,0.5267
47,2022-12-23,13.472300272428374,73.02647709258271,59.60244465813919,73.55621098059376,15.725643440657128,80.10659699563493,36.39256996626152,North,forest,46.58,0.4823
184,2017-06-19,26.50168066685444,93.44482700304303,337.52063741799753,243.43404005861944,24.898810875892654,25.964436254794254,2.6000963150827343,East,grassland,6.91,0.1214
101,2022-09-27,22.822407796295423,75.99585632492521,808.4415839075974,189.22046605208524,19.607790275455855,21.465095885416456,5.469647885300944,South,wetland,2.67,0.0507
1246,2022-05-12,33.5023009780209,71.72296675763896,1366.1001369156236,122.43138427679328,29.365788959672148,27.597140004003684,49.19860927329475,Central,grassland,42.71,0.4607
1337,2017-11-22,19.86034566888328,96.3110844198794,1215.7998867604877,107.6212976353948,30.36025502802657,37.66885609792324,40.84551993173767,North,wetland,23.32,0.3181
229,2021-10-10,15.249868486275194,73.84755783817067,187.33918783940155,263.16122256495254,24.353523913057508,131.1150623928193,27.07853195843435,East,wetland,11.79,0.1908
1120,2017-07-12,11.733749040340893,71.96290713226132,114.31722849630236,99.64714736398628,21.6243921082494,11.429066524342922,10.153839448277061,East,grassland,14.2,0.2212
268,2020-03-24,26.863106354540346,86.15460610295182,540.2738176924718,60.55653700262353,29.58178120955657,486.7053096431857,41.083747702143945,Central,wetland,20.7,0.2928
550,2022-12-18,34.300959712475716,77.24703133538677,477.32900204152236,270.63921081495766,25.200546098042246,131.2570988770593,6.032124733631066,East,shrubland,9.14,0.1545
899,2016-11-19,8.765281805427758,71.86712695023431,724.3093159575554,273.384756398606,34.55879997273982,0.8986227313046732,17.508105708456615,North,wetland,21.2,0.2978
1079,2018-05-14,27.992024579009424,85.4325123992604,273.3289152546559,99.43134066769262,36.63771832489693,62.05517146200773,5.4385205333654545,Central,cropland,29.31,0.3696
1311,2022-12-12,33.027119789111,90.01057158944482,488.74244165642205,375.48775522301924,32.00426629180934,260.1100901533345,17.081535028386405,North,forest,23.91,0.3235
67,2019-07-15,10.019101424138432,91.00275285200755,468.61829391441245,135.91259029243264,27.39594443628862,97.8131339744315,7.167874216719613,West,cropland,10.48,0.1733
294,2024-08-07,10.974591217865594,72.5098654293559,347.29790064970604,100.0469343249045,36.953449317095874,29.414523836961976,42.76888536722484,South,wetland,24.74,0.331
420,2015-01-30,26.682841658142134,84.14914497025832,87.4039816948563,186.0985512639457,27.444321743478802,49.817300860320685,30.975043466315945,North,forest,65.84,0.5684
465,2022-03-19,25.495011149186286,91.59667274976236,799.9989699321483,67.21554305991476,23.124836657506364,71.3416224559704,11.352346013001682,North,forest,52.0,0.5098
1497,2023-02-19,9.858340213538634,72.67152333130137,543.0945093588105,84.13319621354862,21.947957381383578,173.1888091832565,59.757769538361025,Central,wetland,26.37,0.3453
1166,2024-03-04,30.529414308081225,74.02278530134957,840.0391903508248,165.72541537525717,21.778990625293297,6.536211575422461,7.718998620588839,Central,cropland,8.52,0.1456
480,2016-07-26,22.132443891812095,68.06993052551866,986.311605854586,150.79070390865948,25.96178151598965,22.031482874465386,19.389186844608975,West,cropland,21.57,0.3014
1457,2024-11-01,32.494329080088534,83.21439053546335,437.1156404433013,224.26742124059717,28.77852089697361,637.6995145701856,10.86100305434214,Central,shrubland,14.79,0.2283
748,2018-12-02,31.70575378680302,73.64576920899657,803.6258541077574,73.0806547832963,17.509058363084492,57.364224067344374,42.19795533304172,Central,shrubland,32.82,0.3963
751,2018-07-08,29.937709764354477,89.00303469608008,1387.8515974303311,343.24186278860367,23.306444434594013,540.1534172990207,38.223192144598755,South,cropland,3.94,0.073
650,2018-07-21,21.929270198599376,95.90420181291057,1695.338149368436,114.05941372254486,27.277106083684377,4809.6979105899745,73.84413141051486,West,shrubland,88.71,0.6395
215,2021-05-18,14.796187327234671,74.05390918097304,593.9564905702498,147.9787886226908,29.861757614965292,26.100325611517814,21.823436226062128,East,cropland,23.23,0.3172
1401,2021-08-03,21.661338605600577,86.82381334114245,629.0693281706075,111.26890699740494,25.84446348752107,9.061895259418007,1.0412305571692404, North ,grassland,17.48,0.259
20,2019-09-26,10.721907200648062,74.14319938229683,,66.89130652372958,27.467048802970044,36.660648573140755,13.054482093809638,East,shrubland,45.35,0.4756
261,2015-09-17,25.788846008782507,68.52219891041142,705.8583815785672,139.72715595337266,18.56886555805672,283.86224749939714,96.08754522528739,North,grassland,41.12,0.4513
344,2024-11-10,11.617384919183205,89.99807163222296,956.5935564883699,200.23761484223854,20.529279573934847,350.14375812868593,14.51242759353627,West,wetland,4.67,0.0854
418,2017-03-21,21.801669987519524,80.58613562287589,577.2529779918458,128.8933992199397,25.63482897629556,1649.0691030825596,2.9519435724810945,South,grassland,5.18,0.0939
197,2015-12-09,9.46831330250408,95.45681898392493,1630.259693785324,89.41492091770061,29.063306691139967,51.6655761381891,31.47935248919974,North,forest,211.36,0.8087
26,2020-12-20,16.086837237415438,83.49429058215875,1477.6018201990148,,27.387819753091165,113.53200429360146,33.921850773895066,West,wetland,32.44,0.3935
1016,2019-02-14,14.266172438084272,72.56700320029483,501.1094905252557,232.38800165759375,20.907053680627694,18.771608150528962,9.706551030027946,South,forest,14.55,0.2254
1453,2021-02-24,24.740851653215103,81.04345881212106,498.7638796197887,125.36229792743556,24.580628038710834,1.2706423702398508,15.693567184320724,East,wetland,15.74,0.2394
182,2023-10-01,29.243241224607736,73.88386204937447,325.81832938097403,171.0043047297127,35.07103005726085,51.445394980771674,8.608103808432578,North,shrubland,17.49,0.2591
444,2015-12-22,9.547179772594205,93.46284890791065,733.8273989229342,227.18929988165203,29.26554939557937,9.673291356985976,33.87135592068172,North,cropland,24.93,0.3327
759,2017-11-02,30.957659499195373,88.03619224573822,373.03988649063405,199.0990515355856,25.024801739861566,143.31368151201283,21.25515491032927,Central,grassland,16.42,0.2472
1391,2020-02-29,31.24072776377432,77.8959253349864,313.1041623190902,168.5490149306726,19.84497942968212,3.2475797258976242,6.26027952370349,East,grassland,12.84,0.2043
1041,2022-11-15,17.241265005776615,83.30678936140707,722.224471514531,194.97561400946682,21.719773297159534,18.011323868947013,19.894755867941416,East,forest,27.58,0.3555
1149,2021-01-01,25.793109781198698,87.41492545817783,177.5245675294393,177.00647727137243,,81.57467068086456,9.650170925034379,West,wetland,13.75,0.2157
871,2018-10-29,18.870551855993135,90.70287378271733,968.2737435464353,143.90564349146211,27.65568259160004,95.4443400732955,86.57929453012414,West,grassland,49.32,0.4966
625,2021-02-04,12.163153819120051,70.3242690862457,743.4273107274108,72.22553912880286,29.393380670609353,50.848017208572564,49.09208073054212,North,forest,126.55,0.7168
299,2024-10-16,22.27388530120398,68.65304641786216,1425.8585779957084,82.19615706003543,28.327913506332887,898.7615425958098,17.773714565300097,Central,forest,29.22,0.3688
1296,2019-10-19,10.331711211543109,71.3191282179268,602.0260454015508,180.89441722261395,23.778581826387892,574.8996211895626,21.781569024329304,West,shrubland,17.47,0.2589
1206,2023-10-30,31.718748195691674,79.45489299500433,827.8267760254154,110.66960652664926,22.93337060364452,19.56043219851427,55.35551140653499,South,cropland,40.28,0.4462
37,2022-10-17,32.95582350405943,81.53449169238067,905.8707838504945,177.59852293599937,38.28193329373801,610.4000132513537,16.884391421044306,South,grassland,31.91,0.3896
1073,2018-01-04,30.183554699307898,71.9573872762016,1150.2699066157147,71.13949146314218,22.661196068432695,767.6256452164937,42.87944289383544,North,wetland,11.54,0.1875
126,2017-06-29,23.18825926041142,79.92344099908856,552.7795021416039,94.01694418257432,18.249777828212615,45.33804107580037,88.00433983203686,South,grassland,36.92,0.4248
1108,2022-09-12,23.055161960387284,80.80706080449309,323.70636951279255,128.89122513205427,16.167695131685377,58.44608376845371,12.294081087383814,South,wetland,2.53,0.0482
1238,2017-01-27,34.584399168225104,71.16360894664712,612.5469802976233,35.43388269516747,23.88086667722173,50.59828438632902,104.18259709415372,South,forest,61.4,0.5512
196,2018-05-14,14.693345625441939,94.58313884567629,967.4886618860144,87.34437246442067,31.639902924000985,20.749059446377675,77.8759277614137,West,cropland,135.56,0.7305
650,2017-05-09,10.050605879440603,85.37523190004352,1058.1110098656382,100.74260541311375,22.544313863952837,24.082814157446442,25.75319771176721,South,forest,39.29,0.44
185,2021-01-22,23.1724049372318,79.26753038323218,88.37229327972706,,34.86508725165957,395.03874890952017,12.885311228075597,East,forest,43.35,0.4644
850,2017-12-09,16.877211140872788,82.70030832069399,2672.6519070920635,124.79245552742731,25.95631072916866,105.22113832061078,25.434627629554697,East,shrubland,51.18,0.5058
1391,2021-07-31,16.703146865817196,77.1117271075954,314.5380015011725,160.70091802985763,32.65734840048046,23.77692754058105,15.728889297543581,North,shrubland,71.45,0.5883
121,2024-05-05,8.191304562588597,92.7755999176932,838.0465004660166,146.5591082124943,21.45367320483461,13.61273690322685,9.090483926971082,North,cropland,11.19,0.1829
596,2023-04-17,24.09846405779419,84.6754362054866,1240.1538772944366,122.11742794258595,21.54669963248125,17.511090132676458,34.201694695026006,North,cropland,35.3,0.4138
1459,2024-06-22,15.128909961441579,82.35197861741275,465.6953437537337,101.10821792221998,26.546274219979836,42.70077914175548,7.2172623180655044,West,grassland,13.74,0.2156
451,2015-03-31,13.072180801202386,94.41567668977233,1087.1797577483806,149.1095292447309,28.895327998069376,214.81019643846514,14.31696803927547,West,shrubland,27.05,0.3511
198,2019-07-21,9.0916621476111,92.30141124878796,87.461414667211,258.46162608774756,24.92625654460428,15.027445749819469,14.506521489216452,North,forest,31.69,0.3879
732,2017-03-14,17.837762564841505,91.57125485134964,1114.9310461737289,100.78351953956529,27.75479270408471,211.14684772821377,5.128127297055588,West,cropland,14.95,0.2302
762,2024-03-04,31.73215955443435,74.54266692272348,1022.1006195068301,336.2340206496674,29.530915720701394,73.36412988323873,38.80200897967719,Central,wetland,9.48,0.1594
994,2022-02-11,17.090111805129055,72.44057023258235,670.5897605991562,150.55751449502483,,67.64428781977982,15.985178666261113,North,shrubland,9.83,0.1643
470,2018-03-14,26.33500367322903,88.01279907166969,969.6531381135823,218.60862803627947,23.95437530486516,254.3456636111255,73.61459517581329,North,wetland,7.82,0.1352
1433,2020-08-18,28.426768011851497,81.59062543390048,1504.854743423801,171.9784491165148,22.88790482564146,193.453674765286,15.72649700539733,West,grassland,19.45,0.2801
781,2021-01-18,16.85872184813539,87.82766867574847,1266.9573486611398,184.77641369483834,23.17926705427479,6.64073839347773,13.37523448845962,South,forest,19.95,0.2852
429,2019-12-14,30.184299845325114,90.05818973122237,487.53295971423444,86.97104307410272,28.441266371110093,10.740047709405136,8.128344588307503,South,wetland,7.67,0.133
1440,2019-09-28,26.680750811007627,76.56409171299778,608.1666579702833,110.15889706058196,22.97126338650642,38.69557498351114,20.884958398795455,East,cropland,10.25,0.1701
1387,2015-07-21,23.099540174925693,76.25486256056145,424.08254595478223,53.04838813614036,13.969534182728992,93.12654196227268,21.00327193899591,North,shrubland,24.94,0.3328
748,2019-07-10,8.026796529366981,82.23411542148733,381.1310032092208,127.36905456377397,24.580888088994048,422.78487622358875,42.17243190754231,East,wetland,22.4,0.3094
37,2018-06-25,8.94745067991582,75.93293009226842,902.1096484338376,193.483663403874,19.613563812450124,60.195722128027725,21.477781675034134,South,grassland,12.29,0.1973
895,2023-03-06,34.75337779086371,87.35156300446978,420.35394774254814,127.85569405773805,28.977991887095275,703.1318644280603,163.0273039304595,Central,forest,143.71,0.7419
832,2023-08-24,29.121665934596102,89.65518293054079,900.6458362856454,224.6237040777987,30.83418195112232,18.915595284961302,31.696848645280614,West,wetland,23.14,0.3164
222,2022-07-02,33.31426198686957,81.68912943554409,465.2643315869998,115.8867254549784,12.951026839859798,24.376803858106168,7.486961308746733,South,grassland,8.26,0.1418
950,2015-04-23,32.362186532786744,88.99019320236066,520.4175313390604,97.39719833501071,21.35460757975806,34.51783832153043,6.879346466054894,West,forest,51.75,0.5086
1261,2023-05-29,8.551960544854273,82.8026895030525,244.47535488111984,107.66609696524964,28.120238140515244,16.02513955822602,34.2880696086364,East,cropland,29.3,0.3695
158,2018-12-17,29.379876824358995,88.67327993704328,884.080183098871,202.84536500513605,17.54674918879062,310.7866683423358,7.254862149757124,East,forest,9.67,0.1621
1084,2019-02-28,20.180935088301176,74.52407918607604,81.36186730570704,299.8992809078294,30.695965263081263,0.8566324197428589,36.41003358289968,West,forest,83.97,0.6268
210,2024-06-11,29.318071508017702,89.42644833205821,1144.057947110472,353.3452408112829,32.29589920917333,25.65264288919249,49.18747633239711,South,shrubland,40.45,0.4472
1123,2023-09-01,8.1813261724114,88.73859668025352,2060.1258504409975,192.32214368846854,25.027906196640583,305.61034870966245,50.38745201772221,East,forest,55.51,0.5261
628,2015-07-05,15.781381132415234,75.73156550442616,534.4619173833448,219.46797029935,21.35653040288945,34.175953351790305,8.421708772566689, North ,shrubland,15.97,0.2421
9,2018-08-06,28.285741946365157,84.12315874016508,516.2893809297627,60.40831474604932,12.136594247148125,272.96121226321,50.47464721876991,West,cropland,13.51,0.2127
1449,2022-06-29,29.411561292242922,92.80403836835765,116.53940978623629,70.28457839182715,30.884151768566603,1475.1666087713863,27.732062598671448,South,forest,19.04,0.2758
248,2020-05-20,24.732294232794846,75.23615676220074,331.64662038634765,89.043692015179,38.015221872058135,61.594770382872696,10.936752858663263,Central,wetland,20.77,0.2935
894,2017-07-29,16.133917115049123,89.34341373642562,977.0406753086605,266.2270500364545,36.77390719001092,315.261169078845,17.126018454364495,South,forest,25.44,0.3372
272,2020-03-30,16.3797899647723,95.66503479725972,1075.4545005580776,264.3412138324498,24.83015889505697,2056.3879194166443,32.17789607441115,North,shrubland,20.45,0.2903
1399,2023-08-30,34.102627018334886,93.12101567296938,587.5065499575176,392.9732737807632,19.443945093692612,99.7967942258179,10.248679850081448,East,forest,8.78,0.1494
1107,2017-03-26,19.858728839323522,79.64408239772801,936.8460425650396,87.93786095025155,31.025745357968795,50.800450310117775,27.16310048369112,South,cropland,41.41,0.453
1206,2022-06-16,20.072389856583598,85.60902425665601,,135.2932483085957,25.238787343087843,211.38856414041499,85.25117921818652,East,forest,48.17,0.4907
648,2022-05-05,22.912984256498888,96.76133389332841,692.911843406515,52.83350203229648,28.86879034186051,322.571600954979,52.670531804340946,Central,wetland,12.04,0.1941
701,2023-11-07,19.056563095338497,84.48468492989583,1349.2703010761313,64.07140216140186,27.816510219781673,51.510056435007456,21.801661740413078,North,cropland,18.34,0.2684
951,2017-12-23,22.922132244130182,71.33580047048063,793.5743386868886,121.86366797290808,26.558020785078842,26.422991258490466,25.384597911938492,North,forest,51.12,0.5055
1177,2017-02-27,19.673056414724062,69.31749188858407,1489.18470363883,90.07982305740377,,717.7296581359569,11.727506459172938,South,forest,40.37,0.4467
1270,2020-06-21,30.32130282925904,90.91912078257683,1520.0007504275177,90.67296179825364,32.39400841418371,36.38215158871275,12.06252564612337,East,cropland,13.66,0.2146
26,2020-04-23,32.54437753455367,80.28522143665354,725.9923049718747,103.25888115486916,22.863873891730623,327.20705156148085,4.318049106319571,North,cropland,4.41,0.0811
995,2019-02-03,33.166977015014766,75.15757382824664,4.2444287536757725,281.2861603576169,20.461325171681445,80.98799305568329,25.818975862375158,West,grassland,21.18,0.2976
163,2022-10-15,23.23599755739344,78.08248888916746,1059.8670430307604,240.16552601790727,11.005304962698869,845.9394090116556,39.74557171891327,West,shrubland,17.15,0.2554
431,2022-12-26,19.938011051541373,89.96381312984713,160.75798314997235,81.6506176134792,23.923031839401236,15.278263255922797,18.711840668654617,West,shrubland,28.87,0.366
1244,2017-06-15,27.041481587379625,81.49217273338104,20.552037181365176,236.85691842689096,19.440049048931996,15.23399428725863,8.353459837722099,East,shrubland,6.47,0.1146
375,2022-12-13,30.63473696498948,93.18648528325042,67.79012154657437,94.06145359599223,28.515181513982533,196.70981111941754,21.458663906055012,Central,shrubland,24.46,0.3285
1195,2017-04-22,23.200520535792183,89.31284207455329,1112.1903359570415,59.93579490478062,23.98479839092742,10.01907764611734,76.84301448534998,West,wetland,64.05,0.5616
694,2019-01-27,26.899487589201055,96.24641036291733,730.281250329825,101.29520832147753,24.63542809821623,65.03611257748334,49.302838439851506,Central,grassland,39.73,0.4428
348,2015-04-10,28.242692469473695,93.76660923690545,599.664524568518,164.0811750497188,30.871796574511286,557.0270761565533,19.502167945331365,North,forest,31.24,0.3845
501,2018-05-27,26.26263197136674,75.38186914179427,781.9161030200385,86.78191952384184,28.383528080202467,3.7537366790316837,155.62206408852197,West,forest,384.34,0.8849
796,2024-07-30,28.145606004691356,87.11271775127405,73.39595609256833,190.56631077196062,25.299859640380056,99.80406539542537,298.4841969499104,South,forest,87.8,0.6372
1147,2019-06-04,13.633423979011956,68.59574800131617,422.56707186055604,105.12795288994324,36.118554055611554,336.170369650382,12.42682429140576,North,grassland,38.64,0.4359
909,2022-02-04,21.456112769588533,96.74209500845835,288.2746016965344,170.09069449385808,30.428893497998207,52.5170827518046,15.707137577725499,North,forest,27.13,0.3517
1399,2016-01-29,23.883250974337354,75.5691771552753,564.8170953402661,81.11127722844256,23.50483487753515,13.590360497038295,40.17847077246854,North,wetland,20.81,0.2939
1301,2021-05-08,8.066904133139623,87.27905771508394,580.3445080180571,142.16396215135856,23.772480404287222,36.82172366017397,8.060887264166054, North ,grassland,42.93,0.462
1130,2018-09-18,31.110987737969413,92.62545501478739,757.9150932466239,88.25546643842324,30.730278161024216,15.521409365873362,46.952395816544744,East,grassland,65.3,0.5663
904,2022-06-08,24.470661728012626,72.65347521911117,842.6438182387601,123.73381307237482,27.21707419027692,60.56622155118911,22.230554989667603,West,cropland,17.35,0.2576
434,2024-04-10,11.486680955851488,92.5885009415039,78.13772791181695,338.7536732276492,19.273041737996135,36.051254408274644,29.126210972805215,East,cropland,6.48,0.1147
618,2020-04-24,30.041640959547333,68.35512430793385,427.28225236206856,112.58085702421633,31.368277038668424,25.28241807245924,11.297281884636412,North,forest,65.13,0.5657
178,2016-01-11,27.360538093894704,80.81733700447681,507.7926495449902,69.40655507825261,33.543393201181274,109.86156711222988,9.136675998928062,West,wetland,30.86,0.3816
561,2019-10-04,28.4740876735182,81.68909105340302,156.10103762100093,146.7800545686825,33.08833320803507,583.2835508350762,2.7580793066396883,North,shrubland,22.64,0.3117
1389,2016-03-25,18.585146470270118,78.84863068450335,139.69679881694336,148.0612884464436,35.25649400908678,89.27587711210053,88.65752350728475,Central,wetland,29.76,0.3731
638,2019-06-29,31.063467680764788,85.0051576427145,119.57153801218993,147.57446752651063,38.415188777341946,409.72997930171766,51.49302919373779,South,wetland,39.19,0.4394
170,2015-08-12,19.178744717573778,94.53042811237633,932.862308746875,185.07088825818286,36.37975421193741,583.0292442001121,39.383974944033326,North,wetland,35.42,0.4147
977,2021-05-26,23.403747129530966,77.48268431470838,95.1004983224066,109.77982266391282,28.043970690558332,22.647275246451336,28.45506427492068,South,grassland,27.45,0.3544
1443,2018-02-07,8.017342199896591,84.7985367278263,114.80481131190683,194.17697924229623,24.74943274825415,82.45789141822439,2.0052570544023203,Central,shrubland,7.83,0.1354
1301,2017-01-05,25.41157409630228,93.44641324655636,546.9692346843207,139.1975904283898,15.022389817987175,28.863520569964454,9.477293928897378,Central,forest,18.34,0.2684
411,2015-03-05,27.39074638745429,90.41686645793996,690.7954772022699,67.17127498343044,26.06520707264027,5.910640719022008,15.547798396213624,East,grassland,61.9,0.5532
680,2023-11-16,23.311952868197395,69.18126467935939,495.40111958163874,207.81089103929017,29.11481635347171,93.09693881016683,6.811781234031592,Central,shrubland,8.87,0.1507
796,2023-05-14,21.407088060177635,95.3409321597022,188.91532986567262,153.95321660651638,26.261317432564127,11.265844895903271,3.6931436944484077,South,shrubland,14.28,0.2222
371,2023-02-10,29.868284790216123,69.35276022349977,142.9844297266983,189.12054605966927,14.6706740079655,112.89463085687396,7.558230868486352,East,shrubland,8.03,0.1384
403,2015-08-01,26.39706336346153,85.07399575685557,535.2380801152582,,24.28027190751756,5.291929241328718,21.097255239774018,East,shrubland,40.67,0.4485
354,2018-06-29,15.50799907244062,84.68525498913978,453.0975930715122,213.9339918015018,29.871992293140092,70.5618407592713,21.102657523241376,South,forest,23.28,0.3177
1491,2024-09-15,33.89498012815962,90.80531669036716,364.3470739900817,383.1088676542795,19.84450979021653,5.175316483899821,49.77549695545661,South,cropland,13.11,0.2077
1119,2020-10-12,27.0962142432742,72.30484850362035,903.7934611460628,68.64864267982342,26.994147471423204,150.0242802841404,158.0924045331787,East,shrubland,125.17,0.7146
1261,2016-04-14,34.67435108063546,73.20174136981841,429.50228502269255,,28.589762005275507,30.263122425878844,39.87547686769676,West,forest,169.08,0.7718
1224,2016-05-29,34.224055539259446,89.81110104941246,129.99973439102885,154.28416759278923,32.707805846154464,26.18823695318306,16.85167934363466,East,grassland,31.1,0.3835
1438,2017-08-18,32.81056251587243,72.33563781993713,366.18459107049927,139.95235253398263,36.27563235676414,295.82180912858746,121.55009861350091,North,cropland,72.37,0.5914
157,2024-09-19,28.395031613083304,81.61390868490355,749.2245144215528,215.15869440159182,23.733043624336002,33.704951241512525,4.129116956259152,East,shrubland,13.57,0.2135
1322,2016-09-11,24.45459294941812,89.21779461611703,408.5538185611304,203.6113653585926,27.10254429074421,64.47508712785283,2.5121950713500008,Central,wetland,6.02,0.1075
99,2024-01-09,12.648607919438954,86.88601593469775,739.522851056837,257.04925664929084,27.290415035345127,40.53134760057951,8.275311712478105,North,shrubland,36.03,0.4188
713,2021-10-10,22.67048827044146,74.10752139727975,848.7681999855787,73.24493300910557,29.896249156330203,116.87308810494824,45.2493111985372,Central,wetland,25.36,0.3365
891,2024-03-18,28.665166104646836,76.81484750189648,430.69491811592565,261.9895240470567,29.224418513848075,260.97311213965367,23.773232242089957,North,grassland,15.17,0.2328
536,2023-04-03,22.06314328505033,96.1002721939902,493.56049925402823,169.23581968750761,34.550033361798626,191.22546661424116,6.499181815650394,North,grassland,18.53,0.2704
219,2018-04-27,31.44245646695276,81.01144798449164,387.48457392305346,53.76282758434896,12.012219618674973,27.112561532196658,9.707564865551447,North,grassland,15.2,0.2331
288,2023-04-10,10.960709278175853,69.28926681665503,751.5521853344999,113.13209798737421,28.508126469337956,334.81242609602606,5.803821033442437,South,wetland,8.39,0.1437
1236,2016-09-09,18.285389397313118,74.36796208452364,377.51685291960285,156.08130871468046,28.9244660541454,13.811104677057742,5.803676465506835,South,shrubland,10.62,0.1752
478,2017-11-28,21.661039302028747,77.93061760019329,698.4007185156772,111.82853248239246,24.588624604820204,17.926447384725602,94.73256104727025,Central,cropland,22.91,0.3142
465,2017-02-11,19.67278298846592,96.985192724543,587.6929030690573,131.1479471354438,12.415941545026492,45.07369857698859,17.40165003373911,East,cropland,9.55,0.1604
1385,2016-05-01,10.931836791181933,76.77805487683064,67.21739956537957,103.6219083450037,25.634023335358197,262.48676935733505,117.86997242790427,West,grassland,43.93,0.4677
215,2015-11-25,12.145263939205025,68.7654796146938,726.9243508297145,325.7690234042433,21.73663542386015,9.43827160623994,8.248122688179413,Central,wetland,2.88,0.0545
1372,2016-11-15,30.615666907098152,82.87472574910474,546.8469460628055,482.76345613073374,36.06773245954234,207.93514250725363,32.82285308672522,North,shrubland,42.51,0.4595
1381,2016-03-14,21.078374998439177,70.42455616424533,1175.631183755265,195.74838157801238,28.25174821896724,50.293676715055135,25.2060150959097,South,cropland,11.96,0.193
897,2018-10-20,9.315505522323647,75.94796036217593,163.7581560279362,146.39759331509418,21.22709103503444,28.485629003839925,48.408797948507946,Central,shrubland,32.39,0.3931
248,2015-09-18,8.445263992396548,96.77911210672423,595.0056125724209,80.09341178412329,13.68412997122912,283.35755616863884,25.90791459424663,West,shrubland,38.35,0.4341
233,2015-08-12,20.783835853846817,88.43451704897447,333.82358847057395,257.3929665424675,29.543706093310252,16.37889731165463,53.789774996218576,North,grassland,35.47,0.415
427,2024-11-21,12.43822559995998,69.46933224920323,77.47449194165655,183.10760304350248,30.17689516246188,1683.3047118997115,34.9597574386587,South,shrubland,12.84,0.2043
866,2015-11-17,27.03840054197899,81.01191483916209,50.91838550077141,84.70219600913906,24.705338893078753,41.88958873553433,6.744505072927208,South,shrubland,31.8,0.3888
230,2015-09-28,29.473733488249287,72.97748786623663,1341.024609927577,85.03219604514851,29.62205289293365,68.35827038394082,41.79241084970244,North,shrubland,88.04,0.6378
683,2015-04-20,14.164011128341851,71.56539503566151,596.4708792702111,132.80670808520424,23.910376829220112,552.447012667132,18.117910316313356,East,forest,31.69,0.3879
173,2016-04-28,23.98877751180808,85.02489698711526,418.97795201759425,147.15593082251428,32.40329165100897,71.08629189509027,9.237584380940536,West,forest,45.59,0.4769
810,2020-04-10,12.170005374105422,82.66402079956626,106.08902605543031,193.4392350230957,31.95610901462318,324.8304382193089,40.20445364593388,South,forest,36.81,0.424
31,2023-04-08,16.196731593048447,89.54313094514974,1287.0503131918886,137.38053156086625,16.166447771582465,2.9161443008100694,50.479057525707105,South,grassland,19.34,0.2789
1063,2022-05-06,31.9974783428987,93.87688061872393,262.3909556646975,201.67322180800187,17.62884893635333,28.10941123729985,12.384365566759126,East,forest,19.91,0.2848
83,2020-10-18,22.690648470022392,75.15377386551819,617.8728446740947,111.88623535457631,38.18769033826117,98.99810095064484,14.146045027961652,Central,cropland,35.74,0.4168
292,2015-11-07,31.918994768893402,94.76676761300652,530.40445284808,137.56971789279385,31.59317810016254,276.47736261993344,5.017238579976067,West,wetland,11.41,0.1858
261,2022-09-27,14.081690712846688,83.02176140406877,1709.3443909652653,262.1324113629205,18.425713969828635,173.21694693579806,3.3044593424582143,Central,forest,9.2,0.1554
1246,2015-05-16,16.910657267713983,75.5062126273684,484.1755591939524,206.23008782622924,16.57771976946256,150.51280474010736,15.763414277805397,East,grassland,12.4,0.1987
80,2021-04-21,20.71570773833406,92.52778930497567,316.04186883476166,141.81592791097347,27.24663239366073,268.1607900643657,44.34741772511264,North,forest,39.56,0.4417
643,2019-02-03,20.962162030252657,69.03036762284165,603.3183472665198,166.1994525061446,19.146107648760346,111.33341970613384,11.32184794632051,North,forest,19.29,0.2784
886,2023-10-25,34.93649511395991,84.22577194671585,653.2735226654361,137.88631576219487,24.099755672450904,2.19289800677395,83.74644012906465,North,forest,112.02,0.6914
773,2018-01-27,11.090023612220513,88.92702451586904,2520.0987195459634,64.4357178044389,25.716324862395457,474.9952855229431,16.36141809707209,East,shrubland,35.64,0.4162
1021,2021-05-19,31.00305596124295,76.11935292752815,477.7326738605258,27.011369450511676,25.457369666811708,15.541323388280572,16.428057149532872,South,wetland,17.45,0.2587
1204,2019-05-25,31.319415064390494,93.04126560933332,158.15584947152473,306.4605743217907,32.75922969069496,87.39495090667637,15.04293264883633,South,shrubland,18.77,0.2729
590,2020-03-20,22.93636305152026,74.96825233738156,364.44152804763127,87.78380690699177,37.00853743475302,71.6295101330186,53.60233195736822,Central,shrubland,154.44,0.7554
1242,2024-05-19,17.28900354299715,92.35635419922043,602.2979030017752,116.42977704942838,23.126492883007046,58.61504642784523,7.698992142407794,North,forest,13.2,0.2089
476,2022-02-14,22.019104815783997,70.27780395114127,687.0649244993834,440.67529984427847,19.21604501718056,10.39098884580714,17.655367285977032,North,wetland,4.09,0.0756
1476,2019-02-22,15.896628029777222,72.63790016418452,95.05907045524705,78.36272211885516,28.333076929901456,2.9801096771351303,11.618841494832653,South,cropland,15.46,0.2362
756,2019-06-21,29.575901107878366,79.04855293315534,328.539315393192,133.80062224457996,35.78888068665632,12.139099906684796,11.455064672281617,West,wetland,34.51,0.4084
1104,2022-01-15,21.453537285178914,92.7676098711472,1642.6059103854593,270.72155569873536,23.580709061962136,188.54895018709476,20.804188663333854,Central,grassland,14.85,0.229
1312,2018-06-17,32.997738829691166,72.19297558867669,217.12640496176047,339.5955566013026,31.102153352085278,6.2343056281483875,17.933611853044216,South,shrubland,23.11,0.3161
1188,2016-09-04,24.812666297613184,93.387708954033,918.8604151489988,181.81381258177734,20.977186444795286,14.578947630362396,57.493465545240845,South,cropland,9.3,0.1568
1276,2019-09-03,21.88662199409645,74.66221427177102,374.9189615169798,258.5743302619534,26.127628208600736,102.21413553689067,19.870292950266993,East,cropland,12.16,0.1956
804,2015-09-07,27.198872557396612,81.12274355924133,500.1839839908491,126.80312076518577,19.02834630619906,11.691510588378353,34.988020972678704,Central,forest,42.22,0.4578
65,2016-09-11,21.606190039616326,78.22929772354979,109.59163491148196,26.93183628972177,26.064992362875483,24.177627337658766,23.873167907450732,North,cropland,18.89,0.2742
739,2019-03-16,32.421671461325076,71.42566057182118,405.77241319787913,247.13358084325154,25.301270127706402,61.727668977192565,81.75761867281221,Central,forest,43.19,0.4635
272,2022-12-17,12.980040943944715,95.38498244605506,596.6988475316948,140.14149065213556,29.64873739497246,83.4263418233129,14.844286314554838,Central,shrubland,34.61,0.4091
1333,2022-10-23,34.28041446113946,80.70717043181419,482.50336040164757,119.1764253933417,36.668369652137144,11.349356856907763,14.886110640528317,South,shrubland,102.47,0.6721
355,2017-08-09,29.929144899982184,88.01960657932963,426.8573602427009,113.6511597891385,23.66662747454394,67.45187461115385,42.31063986085157,West,wetland,15.08,0.2317
342,2019-03-21,31.23980077035148,84.6827626232569,754.3117493389238,199.69003871625375,14.001625115925846,99.31356115959453,14.64350889069234,West,cropland,9.59,0.1609
374,2016-07-14,21.03851147401892,82.54976158871402,142.4952097842488,198.5241267994906,24.78737666492254,8.08652595264631,33.06223467863585,North,wetland,13.66,0.2146
963,2022-07-19,30.60444183211513,85.88075108314862,617.9576413901295,142.26342984942738,27.795905740930575,75.35908316192348,208.07829050422677,East,wetland,26.41,0.3456
856,2017-06-18,16.28290025658454,94.05192687987044,45.363412083869996,177.41182629648816,27.211400529540427,18.63655836954526,7.546224238441312,South,cropland,5.27,0.0954
1423,2022-12-28,28.57260082123273,88.28005889512917,1103.308807527049,77.49023183868032,25.055463138288466,65.75086132875072,92.91364063215849,North,wetland,48.13,0.4905
624,2023-06-01,11.792154276503611,83.44192230420141,438.61045739587917,127.79013373860269,34.92628964477811,161.51830897620295,12.27780758909243,East,shrubland,41.0,0.4505
423,2021-11-20,16.290401730987735,86.71039285931332,875.7044559943088,79.4793290408951,26.817287239206888,41.9136466277514,76.52968165032031,West,grassland,79.53,0.614
73,2018-04-20,20.034781910712788,85.58543413476163,11.468855165993887,77.97978981494265,25.3712224092832,214.88932410198348,39.88681647855488,East,cropland,25.55,0.3382
10,2024-07-10,16.70263238987239,80.56051501710309,789.1957018763691,168.90751221355018,21.33376323901417,178.79161691198294,36.61022816094404,North,forest,38.26,0.4335
560,2021-11-09,18.44946212185296,86.11815629378306,254.08889140447135,146.20828038742158,15.519735875952822,213.09650599515737,17.271139178518727,Central,grassland,10.02,0.1669
1388,2021-06-15,30.142828109159847,80.86352420476075,502.80091011711716,112.0095554943988,27.975391617907622,99.94948514194346,15.634761408077923,North,grassland,28.64,0.3642
785,2023-07-23,14.930249087838526,89.97081695828545,798.2944240455677,124.49088298111468,27.472507399204137,284.6186846042708,9.757072629745167,South,grassland,8.36,0.1432
1340,2023-10-23,28.12259164817345,96.09846202214628,466.9474246680778,176.11810713957675,19.64401679043096,97.28481908626095,20.211990986800465,East,grassland,29.54,0.3714
152,2015-10-11,9.9902258660146,95.83609536741965,731.0013659781828,201.75135845139,25.733765842689095,4.477699680948419,16.711357093064954,Central,forest,66.75,0.5717
139,2023-10-23,28.674955902906643,91.80133780632443,379.546059864803,185.6047067139859,25.136891398837317,16.641407461856616,24.31317180580039,West,cropland,44.37,0.4702
1250,2022-08-24,29.38462755640387,85.45100801472506,1163.8212818465247,52.30899951203778,22.252996853544946,39.770061280803795,4.900537526873718,North,grassland,15.09,0.2318
160,2017-01-23,18.845866938567013,89.73062765405147,437.63405895147463,34.08355195308364,21.240135721104597,47.90239129995959,20.54556535461413,East,grassland,21.56,0.3013
77,2018-01-27,27.506901225521702,73.16340056246908,444.76851634425066,92.34929375899202,28.430490026629133,93.37355227067509,70.99809073317846,Central,shrubland,56.78,0.5317
606,2022-07-10,32.708736901117675,81.89153526210376,451.42178520493667,34.38068319278466,24.645129790697897,16.27405606379048,51.62719325222701,South,wetland,35.85,0.4176
1387,2017-03-01,29.619250285972225,75.46183818474957,492.01042589798465,288.603965578116,22.454038451433448,1111.05251508309,20.552894372604367,Central,forest,12.0,0.1935
1034,2019-07-10,18.542055780717916,68.10135445217107,149.9242073502948,122.32105814533611,20.829967845578587,46.82009709165996,260.4518747346459,East,cropland,36.18,0.4198
148,2021-11-19,21.07376488556174,96.0353896654902,210.63008637890718,66.90191762967173,25.220089605424786,53.97215718529717,11.275663098759638,West,wetland,18.74,0.2726
1255,2021-07-02,29.042653709216747,93.0516082937034,968.2766865732476,121.57770660108794,31.546901413218617,19.962915738509274,18.417990973012326,West,shrubland,53.53,0.517
1265,2024-02-03,15.900053925926336,82.89725993562787,875.3437623449561,45.08360419248089,27.2398404452809,12.120943931313594,4.709044414407025,Central,forest,19.33,0.2788
1201,2016-02-12,29.704833988339587,75.3704163554512,836.089644936353,67.79772800386837,24.57726786815218,45.17506359146773,13.41488200906262,West,shrubland,44.8,0.4726
1353,2017-12-12,16.857920849145412,88.09628109577787,683.335762053722,116.8171001387791,27.850942547410522,56.90174942603881,120.03869262684901,East,forest,92.15,0.6483
359,2024-11-03,29.76174572440953,80.60923145194789,321.9639842205213,106.69713798280395,34.1863100880056,47.92531469217177,13.93660480305711,East,shrubland,50.1,0.5005
1469,2020-09-07,10.34361197046953,91.29713646925828,294.3292819550138,116.30732785313215,28.942484211080796,653.7558178628822,4.358678028200462,West,cropland,3.32,0.0623
481,2017-06-26,9.198727016585934,96.98602519524754,475.92755629501556,178.967158431254,27.56120588943715,45.17464476574955,48.03831315703636,East,cropland,17.31,0.2572
1203,2017-11-23,34.937237078985206,78.12339561720623,1074.3625105304423,226.77404696677308,29.831177025559306,47.995443933146845,29.642532602579177,North,grassland,38.05,0.4321
869,2018-05-23,31.475342327336605,75.08768826086339,571.4263050401945,151.01946902342777,25.051917580865982,185.4792874230153,46.09230729055993,Central,wetland,7.43,0.1294
1169,2020-07-16,31.836882593587504,75.75409217504799,200.83510634194022,232.81689027640792,27.104406924617134,42.24142001474238,14.923675651251651,South,forest,11.87,0.1919
941,2017-11-04,33.68455858537867,70.70704112473949,119.08407896338475,108.00928621184967,23.066267456723928,122.61000206622442,7.336604514559173,West,wetland,9.33,0.1573
963,2021-03-19,19.83454035419117,79.42733969850451,894.7853228730078,248.62321161851423,16.696680071986815,8.01594667888721,16.71617305014495,East,forest,26.15,0.3434
924,2019-06-14,15.744559976364108,68.50532652879036,1310.7934622455748,152.25590899371443,28.057015114324063,8.111503329631118,34.98239679956711,North,grassland,42.52,0.4596
1168,2021-02-05,11.51067486548338,71.317471164637,89.53303946452267,217.02156090916603,28.080080506613218,65.56800489313615,18.684103085207916,Central,cropland,11.12,0.1819
1108,2016-07-20,21.53264660553854,75.87917667090744,915.8738515882781,109.18992646509943,24.27372225037847,38.573812810653905,29.60535251766866,North,cropland,22.47,0.3101
201,2021-03-25,13.94130465286841,72.63602050137494,671.6561071316235,148.7188538206399,32.2149264116106,16.223532759529864,11.742112189656195,Central,grassland,16.9,0.2526
1239,2024-03-29,33.25987313196163,89.23261388552103,246.3897946852781,362.2869892425165,21.670380074830202,65.54766586031863,30.725610618706863,Central,grassland,18.28,0.2677
804,2016-05-08,8.108085385955036,71.06253893516912,577.1390135575746,148.1463941808153,15.37169352881188,74.71270374964021,20.025091496142405,East,cropland,7.38,0.1286
484,2018-04-10,11.866311919064284,93.11382904571121,170.73029821739817,225.7858040150947,21.81730492486882,18.824414750328767,9.915766675667404,Central,forest,16.94,0.2531
771,2021-12-06,14.654848033252524,74.41232060761763,411.2473217579174,239.7737382841746,16.754364184688082,25.073368411440804,23.102715277262522,Central,forest,21.27,0.2984
1450,2021-03-03,13.371831213016266,71.14912789217546,496.638696281438,192.83029366425052,28.02821813294405,75.55983237267043,13.64410900915778,Central,grassland,9.88,0.165
1286,2021-09-28,14.096017787652178,68.29309268850649,1156.2111268206168,210.03708632152762,21.487532781766276,11.803337412151192,37.23184590893275,West,forest,80.36,0.6164
1250,2020-08-04,25.71328533665182,88.74094512534225,395.18910135218204,109.36529863123292,31.908135154974666,22.06407452760792,48.093975088564825,Central,forest,148.82,0.7485
694,2021-10-27,16.84282611445503,75.44188563221772,271.41223300603707,90.69823188325684,31.782792815356764,121.62015581308073,33.16641579679296,West,forest,105.15,0.6777
1176,2021-02-02,24.60565831139108,82.77545954899547,634.7307817971396,80.11688412448586,20.45015544057122,52.68053091890083,3.9157723452229303,Central,wetland,5.99,0.107
577,2015-09-28,32.03696420844986,71.23686535349252,745.1922835752111,174.73104642260483,21.151358820468115,26.687511824629063,7.654006576578298,North,forest,20.4,0.2898
1029,2022-07-05,24.269032669193955,96.57358177385123,262.68489131520045,145.95560029303866,29.20663791610191,14.08902353507111,10.62726781619935,East,forest,60.31,0.5467
959,2019-06-19,26.752385364732298,71.6361574330287,193.5097341733152,168.63970052008256,31.87903868868794,11.943449538861202,9.05834068263457,East,shrubland,26.25,0.3443
374,2015-07-07,17.86858905197665,79.94585187261447,209.61547158849032,72.68168758692016,13.92427633026123,44.80710756287768,11.671535624531034,Central,cropland,6.82,0.12
399,2019-02-01,12.312938625813146,92.69783556769951,1158.982749606268,98.55465752227092,27.69002522017735,1139.9261799416647,50.665665598949225,East,cropland,20.35,0.2893
91,2019-05-08,16.655769686147465,75.10172150593179,721.8544297089422,222.66626492840516,12.814456442940411,127.57187912780404,40.392916625340064,East,shrubland,13.99,0.2186
209,2015-11-13,34.03563151501092,75.74218177503903,374.2879481419261,157.6746262598644,22.70890334060743,7.3942571318814,13.146409378361502,West,shrubland,56.98,0.5326
650,2024-12-14,24.7889073802347,91.44648596083125,1028.8665080171088,152.8321352015819,32.561940847377386,157.720464026961,36.2991258600918,West,cropland,84.77,0.629
716,2017-03-22,15.49280022471841,75.92685005856836,260.8874730915461,127.29839164187715,44.05862080051617,17.49071359121941,27.906009292573014,East,wetland,53.63,0.5175
247,2018-04-21,20.174712213376804,68.08326802174957,461.386783741777,93.75227295902803,24.567056995106196,54.20179007368918,19.436275457738486,Central,grassland,30.2,0.3766
625,2019-05-29,30.558852010636848,80.40949789420854,167.93910699701655,252.73319490549088,18.517304729779728,22.571975016589676,63.32148598537564,Central,grassland,15.8,0.2401
906,2023-04-27,26.047976409055885,68.36352108067578,998.1521910164754,273.6624241910465,22.9190469535096,1134.7098055683691,10.367788007325787,West,cropland,8.56,0.1462
348,2022-06-04,23.13762669968754,94.38397623105163,242.45722273884144,149.10146159641678,26.396418128241827,9.962600505308261,21.173693473467203,Central,wetland,12.68,0.2023
507,2022-09-15,31.89939766911371,86.6125835011974,247.42265380801607,47.215275969721716,21.978552562766744,87.3932793331525,7.022644789068491,North,wetland,33.92,0.4042
551,2017-05-15,26.155868449853337,84.90741372041603,645.2319767015427,134.16753002021457,20.45105794412117,19.531221614990336,7.367441867587766,East,shrubland,8.89,0.151
757,2023-06-13,25.353702731359576,73.84609581500852,39.527714318392775,283.6054332142145,23.438899961165937,165.37938193819986,5.151227187439082,North,forest,29.24,0.369
549,2023-04-17,13.123739704690738,88.29843937743046,133.11527719677844,100.11904391289474,28.373463597351453,84.7902644416327,7.494300878878425,West,shrubland,50.42,0.5021
1105,2019-08-21,10.87249444133501,87.64038466667202,817.1693067212541,113.07656490191866,24.983546365661923,358.4642626254013,21.825970348626228,North,forest,24.83,0.3318
491,2020-06-15,34.05883716054977,69.75344364383558,206.68454468233665,217.47024871557812,20.710383199441804,160.3207814155747,14.84281367870397,East,wetland,14.25,0.2218
650,2015-05-16,24.169175992709523,93.5445493935066,2081.804751663918,112.07652126435971,21.979625001885235,19.292167734695383,15.334860636570419,West,forest,32.34,0.3928
569,2022-08-07,19.223452046953586,84.80298752496435,554.6348319699766,144.75886395337918,23.516848701977406,4334.250010550186,14.892189513784658,West,forest,18.13,0.2661
274,2024-08-08,23.903562164575874,90.98153955011969,82.22197208227024,39.41600491928535,20.003441614494697,125.60464055890485,118.24309412811381,North,cropland,23.28,0.3177
1028,2019-09-21,9.668922948936315,75.62450809173649,1355.512457180631,276.91295477499835,21.75713002167341,23.903074163584307,6.441876316680415,East,cropland,5.25,0.095
353,2020-05-26,30.197436395410882,71.53938619285017,554.1766932611753,208.38178787771858,29.861816003622444,74.31483455035664,5.78869385781856,West,grassland,19.59,0.2815
445,2019-12-28,13.849429460237072,88.37103762241675,419.78396652327206,244.0462438069882,24.618074232647057,140.64661110974944,8.624244866949855,Central,cropland,8.05,0.1387
1189,2015-10-29,29.72274217058457,91.0225979013997,552.6437471013036,86.24634949302857,15.47907824549589,132.84615354296113,18.69217833219129,Central,shrubland,41.3,0.4524
1423,2021-03-11,22.428217968117487,79.19497247495946,81.41612769793305,306.67204166711076,32.14969219438984,114.8976976075138,33.60824126328685,Central,shrubland,24.12,0.3254
1006,2022-03-18,15.467444368736373,68.68707598417302,473.3448718057824,137.92713351267852,28.500318918710434,232.69375454933837,37.28486998331954,South,shrubland,10.17,0.169
1374,2024-04-10,8.815668602535903,91.72936671496207,220.66461153462828,254.57809403716618,17.701202217516812,200.78938329921672,51.657651006156456,West,grassland,26.14,0.3433
1281,2024-04-16,30.027500593818356,73.97672328358279,,172.34072433016865,23.80772596331662,15.312213082283222,18.02502615045096,North,cropland,14.37,0.2232
721,2019-12-01,12.76442381967128,77.83192631502716,329.33088176433307,213.18760072756447,21.24740702565327,1289.591984204665,13.513360734853213,South,forest,19.03,0.2757
1155,2024-08-01,9.398738122276583,86.21869922553678,531.1451674261428,179.04379765384957,30.061434254477792,1046.6310137159608,102.86944859866723,South,grassland,31.54,0.3868
492,2020-04-13,28.40869873229878,70.89868685712779,374.025854796284,111.62048945793507,23.770086643714073,181.534794916412,1.240843788819665,East,wetland,2.53,0.0482
690,2021-06-01,17.451167004070427,70.08787721801544,311.6911096749062,56.85944605658829,25.56335999668423,57.861086434571526,21.38648162048872,Central,forest,30.6,0.3797
803,2021-01-06,18.512018150974548,68.74540937568295,198.5410644155784,264.35683519757805,24.86483348094646,59.37236153529143,30.876857173080104,Central,cropland,14.64,0.2265
1440,2024-12-24,14.670824856579411,94.58255594694421,85.94801139727183,28.608805274576067,17.119192821647644,33.594199152985354,130.80190490055,Central,cropland,28.8,0.3655
1272,2022-05-15,31.19781892481622,77.03009958379101,65.56865113244619,224.9783118772034,34.43237700774293,40.789457873024794,3.816881882402421,Central,grassland,27.78,0.3572
733,2016-03-14,16.027897204876368,87.15910563839682,138.016083366193,264.1869984298544,29.97398034310112,2.054070383870945,13.195321851289844,North,forest,49.43,0.4971
978,2015-09-20,13.675199383277644,96.68782222151452,772.5859551312251,,21.51569839370079,542.0700189602651,5.167504063281714,Central,forest,23.24,0.3173
303,2019-02-05,16.349742611076216,87.41407301329636,187.91893673952032,114.95314420508083,27.151171525972057,319.31576190631597,3.325844518632132,Central,shrubland,6.81,0.1199
1206,2020-02-26,13.485038529519718,83.22774907982922,268.80915214612406,61.09700895118836,31.84470748908433,4.414832132950879,16.370391509446666,West,cropland,25.18,0.3349
829,2021-09-06,16.576690961740603,83.10667807199992,271.0651124499046,102.84895995970432,26.33444607654555,207.4689878391441,46.20526523004765,North,cropland,38.45,0.4347
799,2019-10-24,10.239278017440672,78.930597305211,333.796072502359,242.06665682113112,35.34052512000854,53.969986590969114,67.08561156901276,West,forest,103.32,0.6739
1149,2020-02-22,12.280310786225375,85.39361002269747,679.0314569155805,211.9751330565348,43.507105051506834,40.50521742105597,11.800326403301145,West,cropland,36.78,0.4238
949,2024-03-18,19.260427851695994,95.80495029682542,370.9985540394866,197.8707225541442,25.243269584531703,114.34981045100417,39.11579073315009,North,forest,32.13,0.3912
108,2018-05-07,31.74560510092666,90.853276977251,878.283970765032,115.38452584247851,22.50482154175481,3.9980998709520126,16.482204795509166,South,grassland,14.57,0.2256
432,2019-12-07,9.546850161501718,80.30257189396389,139.7142385653417,30.788189101033147,20.063544487875653,53.68460240135445,35.04292641961904,West,wetland,29.31,0.3696
265,2020-07-27,13.742217082520828,77.64090004194347,813.8873224091717,70.8576478934336,12.718552261428274,61.511353356510284,63.71851933118274,North,cropland,18.69,0.2721
1102,2019-09-06,32.525333239623095,93.62241435907052,1247.9168785830495,127.29237759285446,33.48887030869787,61.60071310481134,16.539799388469664,South,forest,28.08,0.3596
52,2024-09-03,32.03039620231789,71.93778894317123,468.5791865982506,79.81152717023939,23.87903713962031,7.020018844540423,58.96678872351067,West,cropland,71.1,0.5871
303,2024-08-13,26.345172498990415,92.63797245196474,174.82226510279483,,31.2521344848204,106.7376491475916,5.971348087087643,Central,forest,31.67,0.3878
896,2020-02-16,14.492785960571425,75.39722607892764,688.890711509571,311.49972603824233,32.45871302533292,267.6613318058403,38.725973197273326,South,forest,26.88,0.3496
1042,2019-07-03,19.334885148506217,88.75324783750162,475.1309111044653,171.66364685803399,19.514178620413873,100.58440201885993,56.46795294899204,North,shrubland,55.13,0.5244
754,2020-11-19,13.702966849825057,91.38039684247008,602.3840904292782,64.8964371552796,20.41511483152886,38.71465200767887,50.917628860203855,Central,shrubland,29.14,0.3682
1291,2016-10-22,11.471889746380487,81.83289900064071,896.4544099608348,269.1907321445548,36.468121336702595,3082.6993496880114,6.140945298231361,Central,grassland,12.3,0.1974
1378,2019-04-04,18.259956651875072,73.57623530812596,347.602701618866,152.89561692385124,25.57960910123839,13.641789265189754,16.34936404998345,Central,shrubland,32.62,0.3948
198,2017-03-02,23.547183336899455,92.49826456040888,302.8113554003468,142.36062375594037,22.03827477728778,174.19527685535337,27.171676625070898,East,forest,22.04,0.3059
1428,2016-06-09,17.71818223754974,78.65774200654613,2353.961794507604,189.58855060226836,19.728960230574703,78.64236573770597,31.282299937925675,West,cropland,34.36,0.4073
921,2015-12-14,24.492262862581182,77.29972755399307,695.4367637102254,72.60133679674279,25.151265317593328,1117.0755401717395,22.553177144901372,North,cropland,16.96,0.2533
954,2020-11-12,15.998877855241247,82.79046928824975,1008.2631094396562,116.4113620768545,35.04736652586966,97.52655733838206,83.86314819219122,West,forest,143.92,0.7422
142,2015-01-03,17.337964249541336,80.61750099201362,859.9661817299557,137.3007452537902,30.112627890578757,134.52268781992512,5.497832861069092,West,shrubland,27.72,0.3567
932,2021-06-16,29.34818697440446,87.808514294123,1017.0149577914094,164.1844128918434,27.090574077864765,116.5797364979028,15.795880307723468,West,cropland,12.19,0.196
1088,2019-04-26,31.714497734134167,71.97873644280729,617.8535153069822,172.7385478767147,35.53112566154629,11.162011768629128,3.714439901181388,West,cropland,13.09,0.2075
871,2018-08-30,16.694920201338405,80.63499996738831,932.6529539576331,189.42137888540827,34.37465098982304,14.830402844467486,37.38422448433288, North ,shrubland,57.05,0.5329
126,2022-09-08,23.43092663632246,93.85935252553091,270.29669257619537,104.36427967408494,28.004733264335147,36.107412802687946,34.974507796397084,West,shrubland,65.62,0.5675
784,2020-05-20,15.510381665091238,69.04581857375204,83.36165187972654,50.252324491731954,42.656717945216805,229.53929301014932,571.6937041577354,North,cropland,214.02,0.8106
1403,2022-05-01,9.440035326100542,81.26281166144646,212.10122696895303,126.6191313656425,24.51546106643895,77.45097132002077,56.05647464596485,West,wetland,43.78,0.4668
1085,2022-02-02,27.922143896731015,87.1554270251711,421.86248742262933,135.01520515028773,32.58817098295516,40.04074937635895,27.976507528194055,West,forest,72.97,0.5934
206,2015-04-28,12.61709404737606,93.74362152421757,378.36411901381547,48.87882766417761,23.642020369747236,427.64768968964216,25.916895078580655,East,shrubland,21.25,0.2982
1439,2017-02-25,19.49423814116676,85.21980058106209,477.26003809805945,101.29278999765033,31.41709061851653,2.7908755359746937,14.634607336944478,West,grassland,44.78,0.4725
1438,2020-09-11,21.150228321237236,91.91004386594052,256.34772481937097,156.57682308824798,24.509676898611342,7.816757329068589,22.885137764885723,North,cropland,14.41,0.2237
254,2024-09-30,12.98073277283586,74.4580395498193,47.610803243696346,109.95231438462804,28.768209895502128,1.2905910702221344,26.476272686656046,South,shrubland,86.45,0.6336
1201,2016-07-17,10.552994467911699,78.23147365060792,339.4953830976088,153.33095786801658,40.34081545929531,334.4427645203044,2.8157838063136222,Central,wetland,9.79,0.1637
610,2016-01-21,17.396351396118906,95.32183594391324,121.77945859771165,107.38379597581851,31.711110808287646,47.224403540345435,24.456929490404946,North,cropland,45.32,0.4755
890,2024-05-27,33.711719503858596,93.6932782796879,,196.49199475133736,28.861046676139107,232.62731534600675,22.220372947237376,Central,forest,45.79,0.478
667,2024-08-29,24.608660929687378,84.18063649797243,640.0048505189053,83.38432934452305,21.351783246929653,46.344957785454355,116.04908831544336,South,wetland,18.55,0.2706
1173,2016-09-02,18.298076166878367,81.78916179605051,333.96743473244845,143.29164653139225,27.129372227019356,253.35090468115516,17.60755797384717,West,cropland,31.12,0.3836
1494,2019-01-06,9.050592160903804,81.0809543521793,164.2268373690909,146.919912666452,19.951984990552898,45.14463856964939,9.341386102145655,South,forest,11.23,0.1834
1192,2021-04-06,24.20737859755921,69.70490018544346,496.475975661479,221.804945203252,31.321858089422193,100.97441194324006,26.27274479049185,North,forest,34.98,0.4116
1397,2016-12-13,10.490956305255061,93.87893601474045,2439.373863386739,119.69578653864306,31.171265838139043,81.06653491665965,21.635772344438987,West,forest,88.17,0.6381
1419,2018-04-05,22.64868991828321,91.72633574404473,,309.3075032354766,24.92218732451846,90.60966950950575,17.626428179503396,West,grassland,18.73,0.2725
135,2018-12-13,28.30266372333706,81.23128319710814,733.512777834811,303.40468063714917,35.981191921302255,683.4174205189598,5.590178335227997,North,grassland,14.72,0.2274
380,2021-05-30,19.43680440395923,76.10375920886473,305.1032935769747,86.46514478296935,35.13737641621995,4.774853200641682,17.184030636765712,South,wetland,38.95,0.4379
1082,2018-01-29,16.08411036004616,77.94469758636939,227.23619228185117,141.1210538746104,26.897879590675718,49.275399777193044,11.254951079205366,South,wetland,8.32,0.1427
885,2019-02-13,9.279374313075163,71.5716569903138,1018.6356912829671,,29.393066729926836,73.47761641507122,16.175835633418412,Central,forest,53.39,0.5164
75,2017-11-22,8.669002629363113,88.93190249786596,26.75039918592813,182.01362317516018,22.46925669235339,58.69945962269785,41.7689492755835,South,grassland,34.14,0.4058
142,2022-08-04,19.610717380429072,84.14342584009087,249.24419810153213,109.12935672342316,24.366916836220472,30.059302160543588,10.231647989214045,North,grassland,28.65,0.3643
780,2016-07-12,31.850322308980132,74.78899926192196,1442.8041215092985,151.81473018931646,19.531953716218567,24.481692011800547,16.09916676622383,Central,cropland,11.8,0.1909
924,2017-04-21,14.589695027416141,86.067161590253,439.370386021733,124.87075138382586,23.129978061674013,541.8677582041506,34.50847572115178,North,forest,22.34,0.3088
251,2017-07-01,23.499498656109175,96.39767621339426,96.49403745107804,473.6164700724714,25.37366681446515,49.10291330594383,15.34205446942004,East,grassland,37.3,0.4273
256,2024-01-20,26.476257131353567,71.5494589288092,654.0897412156102,132.54267511467262,16.03779652006972,2115.2320480371072,272.9219855690716,North,cropland,12.26,0.1969
194,2024-06-09,9.642406422536759,81.2960653081345,335.8102616150999,126.47271331468245,29.460883849976735,120.59194361856927,25.761123152161346,South,cropland,12.38,0.1985
847,2019-12-31,12.133710146691183,82.33060580674167,72.61417218106243,229.10320957440325,32.13276962315764,35.357716297479065,5.801421465154406,West,wetland,9.51,0.1598
11,2016-07-24,16.94447342232831,72.83711920089027,565.1535897420966,245.60114069760562,,125.08809645369371,8.677185777532452,North,wetland,16.33,0.2462
858,2022-07-22,26.092515702011404,83.41582611892213,502.9024527180337,163.22747940650333,9.816547649368964,64.28969189110451,7.8464814737764765,West,grassland,6.31,0.1121
713,2019-12-02,19.853948030158616,85.5733404978946,480.61117508867784,249.034555485841,24.482043413509416,408.70715633379217,8.80195374791826,East,wetland,5.25,0.095
698,2023-06-29,27.823266841892625,72.56299162573636,687.9657368423723,433.29199508100197,17.63968272579512,9.472724093617844,34.362921449302235,West,wetland,5.95,0.1063
1018,2018-08-06,31.4251423704762,72.48699307125742,153.556999231212,121.39370539181832,22.34228580477949,3.6627748828991638,6.642514248492668,North,grassland,15.9,0.2413
783,2024-12-24,28.47605146816066,92.83411275337892,608.8923844993515,73.4757399524318,34.71161780377115,93.82876909199757,14.422568601013202,South,cropland,24.42,0.3281
1091,2023-01-24,34.79067459745772,77.0302356634313,531.3652117292679,174.90988531248541,11.39316150278279,191.24280423645962,62.97557219483553,North,shrubland,16.15,0.2441
1145,2017-03-28,28.36774885575454,86.27966822528029,1003.7791520649596,237.39366938519677,21.10182485067585,83.83563656468401,11.943985490567231,Central,wetland,5.32,0.0962
1380,2022-04-02,31.008838265201163,86.17641919458121,246.23801527438198,296.73139651442153,30.977417671129356,149.7118981839096,39.310299676047485,Central,shrubland,37.91,0.4312
1198,2017-11-13,30.473891678555027,92.33595539189642,1128.3365983055621,191.00950160600033,21.788443282708037,120.07965257966363,3.7323189623090385,East,wetland,7.96,0.1373
776,2018-06-30,27.717175581561257,89.45694430571419,849.3867818409321,145.13321698084488,21.329418936968448,5.926297835527742,13.865239406363505,East,shrubland,16.76,0.251
738,2017-07-03,29.648649049709046,92.37671656971006,425.65211754313964,93.59800398163884,38.194437011645164,83.25095129063287,8.281752599118807,North,forest,67.95,0.5761
353,2021-10-26,33.23644715242008,86.13122889986931,480.37927163697094,264.9023576301889,28.270324360463142,393.5353880622835,27.10642966056992,Central,grassland,15.62,0.238
899,2017-08-17,20.830599220209898,81.03425765490583,30.57272572151823,167.58441756149435,31.605814466191855,70.64380589760049,7.13649580519234,West,wetland,13.75,0.2157
208,2021-05-20,25.233749645638675,79.41342911807916,469.8388295652144,51.02691881698259,,7.652731994643007,159.11972085168102,North,cropland,313.19,0.8623
1396,2020-10-26,21.90337248246486,78.99186323318165,807.9105364044084,361.87141491147,26.97018434959267,33.08944412325112,3.898590610565563,East,forest,10.47,0.1731
1267,2022-07-03,30.97799865418597,80.13339983936558,374.077377756467,76.06300236929026,33.584149459832744,125.85558446450375,62.53842350210974,North,grassland,34.74,0.41
179,2024-12-05,19.646709277530697,71.74996831245934,1002.0325148739208,239.6382575844874,37.43207962680371,807.0982630151249,48.34085612488068,East,cropland,22.48,0.3102
1178,2015-02-02,30.132622820907788,80.29479275909185,662.4485456715444,160.58772663624188,15.89889845233613,2.902234269842059,27.381323490002693,West,cropland,18.42,0.2692
175,2024-11-23,29.58257352654275,79.29390230887601,1742.8951716179315,53.422815361557625,25.788095862877718,93.86411756772739,21.209161902038687,South,forest,32.39,0.3931
1081,2016-02-04,33.97092473695194,69.00257823622871,262.25868505842783,136.45946798733607,25.740807509609432,13.486492986266875,128.37538543468676,East,grassland,60.22,0.5464
131,2020-04-06,14.720858879950306,75.97879190446386,753.2334550336867,121.57639409148885,23.42433658812651,116.9317749355564,237.68918847209648,West,grassland,57.64,0.5355
732,2018-05-29,27.159726766919633,89.80530226746629,125.64951166889196,61.074432618278,31.88636377684063,131.86080893492277,16.325581777285315,North,grassland,110.66,0.6888
986,2021-05-21,28.43682643648213,84.76042157087913,402.8762104075356,181.77664408032683,27.541326095114343,38.4854087155498,23.51807733631668,North,wetland,20.14,0.2871
1093,2022-03-19,33.27951930572597,91.37885740592488,691.340571614163,222.81537735406988,37.552837186656674,140.80821728736865,11.560565517504742,East,forest,38.47,0.4348
627,2023-08-05,32.48636528749934,83.73795328704219,787.3303195860361,141.43193625322442,32.60159845577662,301.8238517113477,6.238330522260039,East,shrubland,51.19,0.5059
1382,2019-01-07,23.485198266128105,92.76842919878275,350.3861049798304,119.85068196347544,34.188214626732936,42.654912194943876,31.916169245205275,South,grassland,31.34,0.3853
1161,2024-04-28,23.637136018327453,91.08594588844979,1078.3854621644077,188.82709351745524,18.805014680082596,7.346761465990196,25.780603400189758,East,cropland,17.26,0.2566
312,2018-03-22,12.516863166914193,70.85025253412516,1242.1542806740388,23.796245350747785,21.16348445589768,463.2927907346742,4.013961719631146,North,grassland,7.42,0.1292
1006,2017-01-14,34.32399296544182,96.33318467246377,264.9963707212037,112.71465633236802,21.65785127078136,189.2449653061306,31.690025716028188,West,wetland,20.86,0.2944
1095,2018-10-15,14.885471492992526,68.42767596013853,413.22518830054634,117.24142936744565,33.9387128135027,127.18397337246884,26.659347859199237,West,wetland,19.74,0.2831
500,2020-04-13,27.567877898184886,85.30830309995893,378.90513667233944,143.82848272666217,20.196942283209147,19.366601810367236,11.00946450560212,South,grassland,14.57,0.2256
1107,2021-09-04,29.486465129743436,90.9828337701861,304.893234307805,58.81484766659937,20.37239390473543,239.40431362402276,10.313743633166853,West,forest,62.67,0.5562
1347,2023-04-28,19.91281862450729,77.6249300556762,1189.4582635805982,42.63925115453815,19.271867495596666,1168.689675742258,30.68517894222101,South,forest,21.2,0.2978
1225,2017-03-31,13.702230440784566,85.35852397661758,1180.100229032075,80.26950028422613,42.518163313272524,45.51466149116626,100.37183652231664,South,shrubland,72.72,0.5926
1143,2018-01-11,13.101930373931541,78.501553394576,389.54332362491687,180.33961323844818,25.146608542003257,62.91213369827508,29.91606507712285,South,wetland,9.92,0.1656
951,2024-05-19,31.125392024342975,69.75783427521756,750.5750983402316,116.17775428355806,29.179328099354386,11.047608944714765,43.83726484691984,Central,forest,103.81,0.6749
405,2019-05-25,21.790425142209898,68.2453840535906,993.9397954416384,79.96723465948456,19.156296092028786,18.554029657527337,8.739068511535617,East,forest,35.94,0.4182
1192,2017-05-31,10.4336985150332,70.75099887322446,570.9729347381528,333.59255090292896,31.755550399519873,10.893278203422406,13.272943109120664,West,cropland,32.19,0.3917
546,2024-11-06,27.359525764597993,70.85387822948135,365.5466980746227,119.79359834287152,15.358000248545078,66.43564899350122,36.89281338580056,South,wetland,13.17,0.2085
798,2019-06-27,14.7546184257358,85.71580354441875,248.22882540837327,144.28228286376782,20.125983528797338,32.74766202268647,5.163708977381557,Central,shrubland,11.29,0.1842
471,2024-11-04,31.662658270273738,83.25009169791288,802.8228304372512,262.89684515853537,21.611756603168,95.50708039440686,24.709843791360647,West,forest,22.25,0.308
469,2024-03-09,16.358438222809333,81.20843570502112,137.23020262671068,155.2330658321298,27.313229231049643,14.327041189861706,32.89836739202874,North,wetland,16.41,0.2471
236,2024-01-21,13.407312412433864,88.06572279247011,373.8125668819748,187.87617255265016,21.241506115476845,42.46436167598412,19.32628139752387,South,grassland,10.54,0.1741
1441,2020-10-24,10.291177975983228,68.487957973361,322.08606882857333,91.04945670158727,35.143988606574005,13.061848624789116,27.64298620831481,East,grassland,92.48,0.6491
221,2022-12-24,21.811340689216483,75.8585209610562,128.28121654613483,148.35686706349185,29.019339226558547,72.33856334351152,21.28111048981806,East,grassland,17.89,0.2635
129,2024-08-07,20.16991487109376,90.54438920734121,440.05918768928245,312.3352530552182,21.862379443494298,4.718606627985076,10.781572181344638,Central,shrubland,9.93,0.1657
1404,2017-09-09,28.28542790428486,94.38933608899643,406.0752496314782,175.87914474003105,31.985702462411005,68.53656931861038,6.183554288613558,East,grassland,24.19,0.3261
832,2015-05-18,20.544269854211983,80.71176129088987,203.05531705653897,163.10149672471175,23.640292572361652,35.941930046527716,18.35104737818757,East,shrubland,20.71,0.2929
656,2018-03-17,17.283031160958018,70.36303542401552,1158.7097658299829,126.16374784149687,22.457380176559326,71.62514026687235,74.03263454794164,South,grassland,34.92,0.4112
1106,2021-05-13,15.06468272208949,91.16313343762616,806.837407916117,68.19558758591212,31.374893884971765,4.57954656574778,55.94565263957173,Central,forest,103.07,0.6734
574,2020-06-20,15.509962127689219,93.66994256490928,486.43946010817416,248.78283278827027,11.283052544670813,145.77633731610482,14.220259945712652,West,forest,13.18,0.2086
191,2015-10-22,33.051893349350976,79.99614785011786,896.1588357771574,138.3835006989446,30.408902400372256,34.87902553857412,13.927921431033859,West,cropland,18.83,0.2736
1094,2020-08-08,12.457122256370933,75.05730236368804,1048.419280454302,98.32848000905202,21.721431234718047,75.61608862489935,12.939538328319967,West,forest,17.01,0.2538
263,2016-09-28,34.68076346304305,69.27517837846541,1194.7930116825974,63.933343182668466,21.71235617808577,3.3031898023583315,12.941201427861484,West,cropland,37.03,0.4255
829,2020-01-20,16.82682529019007,85.14140183495083,260.8808175023082,167.4234623012298,37.748821609536336,8.464661999839954,26.78251965695919,West,shrubland,92.7,0.6496
1423,2020-10-02,10.386536356272432,94.38621522631247,895.9133645098997,74.61009790408332,22.812723369381143,30.40991657463158,57.82848043240547,South,cropland,19.8,0.2837
1404,2021-05-12,14.714640281272356,87.65875274008944,407.46813044096007,249.88371206414953,31.735487796574347,429.77001113098515,193.0229772572974,East,cropland,27.72,0.3567
541,2019-02-14,9.577188247974705,77.2002093389473,556.147414318407,,27.67546837499014,120.41053422917061,8.759619601163065,North,forest,45.28,0.4752
1170,2019-01-30,29.330803767425728,86.64376140440905,,150.04830755799253,28.29794615209744,66.34129553776808,38.52010631473746,South,forest,49.8,0.499
919,2021-10-12,21.838928638609847,92.12998381599274,468.7171001398225,174.11540741092014,24.49674645303751,13.647246109775995,34.547472856404426,South,forest,47.8,0.4888
719,2022-06-27,17.098638709403623,81.79907172113428,905.1052660483622,163.98783582543564,24.183706985942614,10.38749392768041,14.443631352048762,South,forest,21.39,0.2996
209,2023-01-27,25.875339325052188,91.77270620993733,1404.844219140687,223.18853420911736,35.16793034097135,82.68041767020608,7.199350048798575, North ,cropland,12.54,0.2005
564,2018-05-02,25.027456200658648,79.36538062332427,433.22663226008586,106.72130884914664,31.582760418729393,156.18386691576995,26.45309320524678,East,grassland,47.43,0.4868
977,2019-03-28,33.376546409144936,78.10666467927734,209.37788097529366,144.80696015838055,23.00191424839371,74.69858520001009,167.31525492245873,East,shrubland,133.98,0.7282
1479,2018-04-21,33.954033952206245,84.90667015047806,1547.0005481922726,193.0795601327665,,709.3406042771395,26.28627932858048,Central,grassland,12.37,0.1983
7,2020-04-09,26.37846194296594,81.47590611313996,251.7819696400424,297.2737984998519,22.49315759971601,19.61525176963832,9.14098724110103,South,grassland,5.37,0.097
1076,2016-04-09,30.08103003559255,96.33624569337141,85.72950531073444,215.22362957415254,31.88897162030471,71.45407325099896,17.162618769305748,North,cropland,22.24,0.3079
1269,2019-04-19,29.39547770904982,82.97529328231707,292.53966745141116,235.5483983625885,33.07215064799845,4.306984097610569,6.422618964360462,West,grassland,32.58,0.3945
1426,2016-11-19,21.265195382897296,79.16998883856462,1013.0035262726209,121.43081637975149,29.329661612095588,74.93104427856024,20.46078824424939,South,forest,16.44,0.2474
635,2020-04-27,27.020373776902257,79.45307275072756,236.76327456325188,175.83114798751092,16.299374412749497,494.75357980144673,39.78174058178386,Central,forest,8.63,0.1472
177,2023-07-02,10.112993207456395,83.89025856778038,160.74905316475463,275.7600590511781,30.52267448317228,11.447102899215198,10.048264323051344,West,wetland,13.74,0.2156
406,2024-11-05,28.466569245058288,78.29244910223767,517.0463108915419,141.05615909711443,33.82146922161742,193.09789976093623,0.7744439162489044,South,forest,11.36,0.1851
1275,2019-06-17,33.96949119419392,88.96429145698315,1405.3024110847925,176.36220777094022,27.04133927406822,474.16701860082384,26.4930139249223,East,grassland,18.69,0.2721
1316,2015-07-25,10.294318334394937,79.03922490334759,671.6132030820478,55.31690401262151,37.87881833361,19.403061012123977,12.163594579321508,Central,cropland,50.24,0.5012
955,2017-04-11,30.57512618398007,79.14018720923205,134.87940098265125,202.5412399855536,18.074176064546656,109.99220956158732,9.481382748866567,Central,cropland,3.29,0.0617
184,2016-01-18,33.19046071953032,85.89222423192733,1915.3238346504154,162.21269793335495,30.10884512268185,583.7352944893798,9.399893849777603,South,shrubland,8.17,0.1405
182,2022-08-03,14.107100024655676,69.76455930818429,614.0419071333325,195.8091272079335,19.878671849222002,77.14700390785023,29.971649725120805,North,shrubland,19.25,0.278
717,2024-11-03,22.169902065448504,87.00529262533924,942.4762071057519,122.98044770840588,32.3512514507825,177.6956928008875,13.357714560891647,North,shrubland,33.2,0.399
882,2020-07-15,33.05217208750069,82.64419429760193,105.52848922839118,47.49430419115069,29.677165134446167,3.8155161896794585,50.92966852439074,Central,grassland,87.71,0.6369
48,2016-10-07,33.926102122120135,81.13775731431261,1703.2335653540135,207.37693824485802,36.80813490057637,133.71421387447398,52.06285127629036,West,wetland,28.15,0.3602
1029,2015-03-19,11.452824377512542,88.8583367305306,344.8074014766993,97.84112925942065,28.998251544249342,118.6118753264964,15.323199622136906,West,forest,24.25,0.3266
816,2024-10-02,17.423114089997167,89.98941767814097,95.78076695572334,59.05221166842442,23.575963891637535,7.468408326895492,11.930928057439036,West,grassland,14.72,0.2274
18,2018-02-28,26.84990531107313,92.54156503896132,565.4086821816221,156.5289370930509,23.053578725473837,12.852097390139734,22.821623950338928,West,grassland,39.41,0.4408
143,2016-02-13,13.982079483420119,78.86929050370597,942.1551666637512,316.5190329380426,24.498936553923436,135.0983056311565,17.36760723792073,East,grassland,7.44,0.1295
681,2016-10-08,16.76880697313098,77.48409307534806,747.744896352281,89.84688174354439,22.935655752644887,34.67198955438673,3.4815803303662163,South,cropland,2.56,0.0487
1083,2017-07-20,8.628858620126719,88.71592094334106,738.170236114693,100.03831818660295,34.08265382508372,289.42829580606025,136.197188635424,South,forest,137.67,0.7336
1238,2021-07-21,12.14508538514237,84.87234091507293,699.8925108444621,212.61232306320284,33.65382966057034,87.01585955338503,41.03132286777073,South,wetland,30.48,0.3787
646,2023-11-30,23.182896349279083,86.32224484420269,527.1237268223886,129.11272549765272,17.020595330345895,59.42311843029168,12.63555870213149,West,forest,24.71,0.3307
443,2017-09-30,25.633431790212935,84.11016430606922,105.07023870473574,207.01039758163373,26.230160858495882,42.28051958902318,2.9553491162522234,North,grassland,13.5,0.2126
1452,2021-11-13,25.5206194395876,90.40809767291178,402.53004427452316,125.46652605196131,26.374949100800876,84.69217376343907,16.769606950956664,North,cropland,20.25,0.2883
687,2015-08-26,29.01573271101185,73.51118576627245,358.3962521050184,114.99200203363972,21.312228309196115,182.07133462503052,11.156509954639464,West,wetland,3.65,0.068
473,2015-02-06,19.21259817094737,84.11565184950051,1198.099990360083,92.30197373812459,28.629499952443062,121.60475100473616,18.905006797865916,West,cropland,36.25,0.4203
663,2015-07-20,15.384249338511198,72.58495187936526,1014.057965649633,169.56162371382163,34.765105026968016,28.94759161557349,2.307418842788197,North,cropland,21.79,0.3035
18,2024-03-23,8.420678901148175,79.81030623943876,319.9080265746934,91.97893434717491,31.350853903719596,350.4281101272373,12.525334561522028,North,grassland,65.55,0.5673
452,2020-10-24,13.579005303414446,87.25582087906616,839.0521201631634,111.29338593837012,34.08241033365202,146.42910101417849,13.312162586840543,South,shrubland,25.47,0.3375
773,2023-01-17,16.434470929455006,82.29907664111094,450.4871934536835,247.87979560645906,21.68919291478604,97.30504496729361,16.57216903312444,North,cropland,5.86,0.1049
1377,2015-03-21,12.81158512497257,79.00815456349326,86.15577996531354,384.07413776751855,26.219046636600012,62.648877621296386,15.859874749610062,South,forest,21.62,0.3019
1107,2015-03-23,8.54390073040826,93.66413004105257,31.133483920223245,180.5266848307409,21.406113924403126,115.5928781345357,21.16292506183154,Central,cropland,11.0,0.1803
1171,2023-06-26,12.251085433960172,90.41194572042687,768.6548460315598,252.7016296145536,27.4365804234834,3.499015315250364,91.94378691199103,Central,wetland,40.38,0.4468
817,2016-01-10,25.984687946324453,83.26243276501087,181.60762700924985,118.50319582632929,27.976705454643483,78.41097553067715,12.00094999318127,South,wetland,6.76,0.1191
165,2016-07-21,24.998806244760086,95.55154151458915,180.82217491989806,127.04794149434196,31.759028032405443,639.2364353725716,8.075558607658436,South,grassland,14.68,0.227
586,2020-03-09,33.26345826374715,80.30659339361482,258.1502567126333,160.3051310601417,33.880951123081736,75.94276998123367,3.5703708811625003,Central,shrubland,12.92,0.2053
1495,2021-01-22,29.55054386772735,90.85411490005507,781.0318860965757,98.64563259799249,30.13386298367457,61.88117278287755,12.047881590132292,East,grassland,29.76,0.3731
66,2017-04-15,23.329415154712162,72.87015095424113,1023.7329303555216,114.12271524019035,20.838980822954714,22.335415144219702,4.946840431093993,South,shrubland,10.05,0.1674
1318,2019-06-12,11.714021382316705,76.28798183620731,1008.5404239822676,203.46447529905404,17.886963714054694,114.33021914470304,52.46237754997236,West,cropland,40.35,0.4466
1026,2021-09-29,23.229939110979238,77.8044818586847,74.37717531939809,,29.120120184231983,40.74725147691156,18.245056550042033,East,grassland,39.09,0.4388
425,2019-06-05,9.66306664468288,71.06880182843118,248.2313878515159,134.1389687359042,35.00312665316727,389.14408503518956,51.39109893563236,Central,wetland,10.4,0.1722
1166,2018-10-28,19.633892230093025,82.55233963720596,212.87602611103307,130.7418031470709,25.851248737590545,14.947894637233759,86.9816395258787,Central,grassland,60.42,0.5472
1255,2015-09-20,18.536982981574276,73.57554388966838,780.625140722528,80.60884058878045,16.835638627201888,27.703052303907114,8.456557134510325,West,grassland,21.23,0.298
64,2019-07-08,19.550972852799426,86.39139079404009,251.8461480351215,157.259117843612,38.50853574024809,22.168733929918602,14.191458078693321,Central,wetland,19.26,0.2781
159,2023-01-09,15.555299796659256,73.51267842761753,424.7504519135464,98.68302948719318,28.936427300968667,855.6561769970133,76.07249761140116,East,grassland,29.33,0.3697
998,2021-04-06,26.51742208584324,71.58168146283899,832.1289973196392,,27.02684909629476,41.073022025881336,24.269431109096125,East,forest,81.03,0.6184
1498,2023-12-04,30.705500617067045,96.10351510036881,492.7694357418257,74.24375994159165,18.99217309396174,23.995919755159353,33.83547935445479,North,wetland,12.74,0.2031
35,2016-04-05,28.749958800172394,87.08896886852207,612.1538617763898,132.03649973497542,,2.37288895655493,56.42868178174467,North,cropland,64.25,0.5624
998,2015-02-10,24.949306586353767,95.15707652654616,412.3442190868993,195.16462076484171,30.121304973173316,13.914646935261699,49.23056417381072,North,wetland,21.68,0.3025
204,2020-06-23,22.535309581991356,82.20674596780373,950.6152458654684,221.0412476847836,29.01812432332128,120.52141019189689,30.276128184135857,Central,forest,29.54,0.3714
975,2016-10-13,8.83927286021682,68.96867142883785,1017.9545813014156,64.33711873125377,21.920677231085403,119.79879322541584,81.15504697422857,South,shrubland,60.94,0.5493
934,2020-12-08,27.51921796468187,84.65676394251187,699.6610007000206,185.4605047058156,25.657608302255003,20.556869171066044,18.760351712659094,West,forest,62.18,0.5543
135,2024-01-13,22.71453936861943,84.19153771823554,1020.8348854868198,326.1235500505318,22.303959787779405,22.343068764107286,33.76465003538991,East,cropland,10.96,0.1798
1021,2018-05-15,15.310008367924945,68.43429257216123,2337.8910871127,226.60579464424157,35.98496949737836,888.7416644346606,16.831320995547117,West,grassland,30.24,0.3769
1345,2020-06-28,16.851735049042922,92.97601928765312,821.8131957055606,154.16774435961435,,3116.823470790782,55.731842881835256,South,cropland,14.71,0.2273
1295,2021-10-24,33.26138323468302,85.97914973787631,462.59295751850556,160.67497516429574,22.85399078840215,306.32875414071776,9.96655873174697,Central,grassland,7.62,0.1322
43,2016-07-01,24.85778061816513,89.59604391190824,622.837352933285,151.90825067125536,18.989182046869786,566.184406083955,3.7327441563687285,East,wetland,1.53,0.0297
368,2023-12-20,20.849635735753264,82.32371207856792,1093.5936663738069,109.7322654569838,27.66689049338757,778.3201120866551,38.66461294050894,South,shrubland,33.78,0.4032
361,2017-01-10,24.76488697212701,85.93367069933963,341.2968128851783,232.0898569741317,23.043095661696334,1513.011515590795,7.241739699141452,East,forest,17.72,0.2617
679,2023-01-29,19.171042774612737,75.4666269036272,318.32715895944904,84.5477224980989,23.49016001778437,34.7127900851066,6.558469967017584,South,cropland,9.9,0.1653
214,2021-08-05,20.69492137648144,96.23897526529078,614.937760561063,158.32726622139157,19.188715198637347,14.623035450000653,71.15993394097659,West,shrubland,68.38,0.5776
1281,2016-05-29,15.8383499311071,79.62088021888229,455.878090445358,54.37792264323845,19.931547652869547,854.2592120356077,52.787770849720964,South,cropland,7.02,0.1231
1165,2022-03-30,19.8760391159744,72.70747201879124,210.87442324546325,242.66729460536837,26.976020915363147,12.852765125903863,14.260582592344155,North,shrubland,46.05,0.4794
1212,2016-12-18,26.51099027582358,69.6215471328642,545.4483868390107,155.08060246316577,24.39872931294786,11.670985133932396,0.9555548358275329,West,cropland,8.72,0.1485
297,2020-12-27,9.078431977334668,86.44898605947576,1251.0298554967294,61.57116711051075,40.97908631612417,12.079961115763966,34.23471334018244,Central,wetland,80.92,0.6181
21,2024-08-03,29.46573999699618,96.51801568411722,682.6125403149997,283.14291426612743,29.565520596006877,44.83125235182491,38.95880760027437,South,shrubland,41.61,0.4542
1365,2024-07-10,15.640447603255446,93.97804040854217,172.38991527057922,137.284599821505,19.08982891152792,2.7827403868166423,33.67687280527601,Central,cropland,35.21,0.4132
433,2023-09-16,26.429114422677493,88.36103245710599,763.8020283785627,69.8204556622347,16.78618254189732,6.361955919974141,32.16418257017872,North,wetland,12.47,0.1996
984,2019-12-09,25.35358349636162,96.72733994079296,384.44605955413095,340.72477152468457,28.3890283319486,21.466461978849775,16.75356091897255,South,grassland,7.82,0.1352
1364,2020-08-04,25.620957326815244,88.9620195992211,1844.6734186267333,125.63367327237575,23.618797431637898,9.080343563274308,13.323519490609238,North,shrubland,40.6,0.4481
54,2017-12-31,24.419480738906678,77.83828257864049,720.5366852903123,93.15275502062309,33.98884969702793,268.70596666137527,6.644823499327987,South,shrubland,14.71,0.2273
8,2024-03-15,33.89574962787744,85.43532585874502,290.656182435431,162.31091670998518,27.69118303075964,55.145343141842844,10.0001823148535,West,grassland,17.31,0.2572
8,2019-10-08,21.72529239277555,70.31323263208128,805.5710768039125,74.56302620423729,14.104878141834,129.74005625777508,27.70144727274203,Central,wetland,11.92,0.1925
234,2022-09-17,27.77261611891449,74.42879221645369,575.5597564325867,109.73274546525698,19.883454209494808,110.08967587994957,28.160687664477848,Central,grassland,12.94,0.2056
77,2018-08-05,27.047131943333596,80.10866684192628,1169.9917415827897,266.65953480471467,21.948307663957227,40.03845492238401,44.24863613128119,Central,wetland,9.79,0.1637
1229,2022-05-26,14.379224586514919,73.85273631332831,316.8907981686971,351.4488557804135,28.652221630209432,240.3742990509505,4.921280420082732,West,forest,7.38,0.1286
908,2017-03-30,15.649257658044291,95.65152943001695,719.330390962948,127.2503773512619,19.683485420907523,107.57860909956686,3.8220019472528475,South,grassland,6.22,0.1106
1470,2022-05-02,19.44846165023813,96.87232827559484,105.2017363465904,179.9785692939163,26.91690556375146,33.86559459503405,13.73977467671605,Central,grassland,32.48,0.3938
1202,2015-06-17,15.497844122506649,78.7571416835283,527.5458277631003,272.6445875264286,17.983101072725518,4.3672573716002745,7.243122185670869,North,grassland,19.47,0.2803
1444,2016-01-18,17.902063671108913,88.56764059623876,167.7536175329665,125.16185268505427,26.03711251387072,119.22203424567154,24.19116433785741,Central,cropland,22.64,0.3117
357,2018-07-09,18.555936576064262,79.82535118923397,561.3012273721935,90.98923278458358,28.220155906689282,8.232131173267913,5.420149415245775,Central,shrubland,27.25,0.3528
431,2019-10-26,24.304343145335288,72.04576692719999,657.6754569756221,196.99698323281783,34.76906190414776,96.58511964262021,65.3810291739019,North,cropland,71.55,0.5886
1274,2022-02-09,13.937031153846664,77.77087858336115,699.3220971177971,68.20611849675194,27.473452541630998,61.456698537804535,8.828098460697818,West,cropland,23.53,0.32
367,2018-08-03,29.71588037867056,74.76777926275423,316.4820092988636,85.48419424572523,21.099590454495303,7.095396716155002,98.75818054375155,Central,forest,76.83,0.6058
85,2015-03-09,19.813481632830623,77.51426839181516,539.8591120261817,60.58135009688705,34.95803052174895,80.44675697412463,33.93007707940205,West,forest,164.86,0.7673
1003,2018-04-02,27.068591015447666,74.23562896353378,1071.877308352615,262.8838457943985,24.900931782753208,72.74638072981529,6.99200917096444,Central,grassland,13.12,0.2079
1201,2019-05-23,10.198946993502084,71.25800845268914,1509.5068206574476,149.0829660307634,30.641400608608677,73.14335276846818,163.1622354548862,South,forest,59.42,0.543
1452,2020-06-07,20.689065641357907,74.30542445150998,554.044177989252,200.74023462413305,22.322625372979132,68.06719478917381,26.191955316191038,West,forest,25.77,0.3401
1391,2021-06-08,8.761927368787864,94.26695392306544,1092.195768915685,88.6434776443226,26.54466955935448,20.520363217735575,23.715276206400375,Central,forest,51.04,0.5051
180,2017-06-22,26.24956977902025,70.47142859751933,228.37716555959727,176.38762844914208,21.19239239253233,132.6101606519442,18.817512413915665,North,grassland,11.39,0.1855
1158,2021-02-05,17.280172078920877,77.4179426689018,359.5852569333475,179.49803478824887,27.933559732095254,19.46302104553953,32.02616810608931,East,forest,35.13,0.4127
1269,2021-04-24,33.629825980857376,83.32504694057643,600.8519513951281,339.84982129949066,30.822968570981708,10.892926449484698,33.96805796683998,Central,forest,36.14,0.4195
1047,2022-10-05,16.751353794238323,78.28086702917234,458.24162207408,192.13885757664994,23.031204346852682,150.19741916067395,8.457266800018921,East,grassland,16.33,0.2462
1229,2020-03-20,23.222759246478624,83.01060575554773,421.23544645175605,220.7794741449794,22.693952483679954,222.437441736019,16.223301118570024,Central,grassland,16.78,0.2513
1256,2023-02-06,14.949464543754596,69.25918174679626,1014.5270607967354,155.17516360083576,28.140909310783773,135.54411373038832,22.549230873247208,West,wetland,20.36,0.2894
669,2017-03-19,24.74304098157819,86.80851936756696,195.44253548455512,26.323608104529743,21.049904180121267,40.01313230294167,35.971985848678926,South,shrubland,37.49,0.4285
60,2022-02-10,20.610143453597335,84.34088524512575,214.51322476588604,168.47062318939035,16.892337875987092,2.976658742505539,36.58686429939209,South,shrubland,58.52,0.5393
684,2015-06-17,18.00696306065209,87.74802170978606,142.1854255995776,131.5527737190145,28.119178510407416,503.9793305064334,23.677892198680436,East,shrubland,23.71,0.3217
302,2016-01-11,13.499612425164857,84.45047665898987,614.5030790915138,128.19904563852802,25.353816940280396,2.907675133903411,11.584604801764165,East,forest,50.14,0.5007
170,2023-08-23,11.011076287229294,80.69920389034424,384.0213627081857,112.39902191004629,25.22684365135653,131.51120934185832,11.005642430512003,East,cropland,8.76,0.1491
187,2019-09-30,11.236736616830179,78.15410472652839,946.9723037023685,128.19831266677704,29.12642248748744,1293.8211836886485,6.1013593889060065,West,shrubland,11.86,0.1917
1046,2021-03-16,34.97408047264993,74.56662051289351,575.7856424987356,101.15883585845833,29.96450211458247,68.31980340499713,36.32844940138375,East,wetland,38.96,0.4379
756,2021-01-11,19.132389625145336,82.50196407739176,310.189465809742,210.32430570476214,25.033988650476807,84.50828415522282,10.848457520663109,West,cropland,10.36,0.1716
809,2021-12-11,8.052102112580165,68.7555211189477,270.73017884791955,81.21213335291039,19.263983568260286,96.4458223653357,16.58080170812523,West,grassland,31.71,0.3881
1117,2017-06-15,33.729077346902386,77.51898401488044,436.5275692108684,,22.168479180973126,73.49747188391189,25.476180229793567,Central,shrubland,13.34,0.2106
822,2016-10-12,8.539457954204941,87.65829651337135,170.1433011384991,201.43645085333586,29.509783582792338,1855.519938215586,20.16471244718136,Central,forest,35.95,0.4183
945,2015-06-05,19.301825389972407,71.15279415090441,1031.2202759473773,238.2540654123287,26.81841598066989,15.413638292404121,19.973146238610962,East,wetland,8.31,0.1425
129,2023-08-23,27.37189482120771,69.82384602726633,368.8382838531149,84.57049365030036,22.70144380545512,12.767591294854647,8.12575039848445,North,grassland,40.7,0.4487
1276,2017-03-27,32.694179598037564,86.9131795534496,117.7181391422026,108.20650563275733,21.29368108498926,33.40643011146493,26.281428745009922,South,forest,42.65,0.4603
673,2020-09-30,27.247929868666727,79.53546691312816,1174.9676985092055,152.0455003605543,29.70693686153556,743.4097616562633,14.69006393669401,South,grassland,6.77,0.1193
232,2019-07-19,20.517895382300317,91.25292605993205,441.7144346104052,144.53648529950357,24.67008556662767,22.981397550778162,18.42299389328839,South,wetland,7.9,0.1364
1219,2016-08-15,34.30993505257079,95.1820278151684,,201.68783840107466,30.516300672632816,104.10993182874567,63.94149285237615,Central,cropland,38.2,0.4331
1101,2019-02-19,9.0616233418983,95.75417315824473,313.9787853721638,144.84007588837082,31.276014784631364,272.1933915148781,33.292035490932,East,forest,103.85,0.675
79,2015-10-31,34.64608946852621,80.3421927629312,1202.7278624578435,325.9632248290369,24.12296149828889,175.64684731732854,11.349734987731875,Central,grassland,10.55,0.1742
289,2016-10-06,30.93357189612785,75.66548950397593,239.4258829334261,85.57894463889313,31.69788490901659,251.41645873850354,17.306567857693395,North,shrubland,41.7,0.4547
23,2016-05-24,33.0811104624117,85.64979842353186,383.8740524985876,75.89316530893043,26.8304585267716,458.05055213607943,99.42831224192953,West,forest,73.71,0.5958
406,2023-03-29,14.87885545063349,86.21759485191885,80.21851751676452,105.40510433293511,27.606549425504237,86.6907826111475,14.770287301376909,East,wetland,16.36,0.2465
149,2020-09-02,11.846367951675283,86.04800314620101,1182.7548317398025,128.33323116497925,12.867505429328258,27.506618612079368,20.902760742224565,West,shrubland,19.64,0.282
1064,2024-04-01,25.909512543062903,77.33157979784755,281.21126782393446,248.70026329363725,20.17447221005927,68.08986220952941,39.02277962870671, North ,shrubland,14.02,0.219
783,2019-05-11,21.92820482562524,69.84880035610179,625.3554924099064,173.96732366641632,20.49983381673536,32.832530528614065,24.908061046923113,East,shrubland,23.05,0.3155
1470,2017-01-04,22.125534940098245,74.09014032594237,691.9661116323916,30.054200526180054,24.088071665578582,2397.85045813177,13.834727012051875,South,forest,24.75,0.3311
1124,2021-01-30,32.964717819046875,72.47816341264478,1053.3138068019596,32.1926742719542,26.686106045922667,24.557443861771127,9.55036561202857,West,wetland,42.06,0.4569
917,2024-04-15,24.74218447963808,71.593110027716,590.8378267153643,134.6290836115236,26.931501950245842,112.69798107351323,19.88371506500471,North,grassland,47.1,0.4851
763,2020-04-27,16.398723547823927,94.86221631107563,462.76343994965663,114.75821542380969,27.714481680747515,5.7471357559123275,38.78444810970672,West,forest,121.24,0.708
81,2015-03-07,18.801797023282653,68.40158173324507,979.5186497339869,136.7033629361423,21.890332452402973,66.63484171876928,75.25634406912161,East,forest,40.39,0.4468
105,2018-01-13,11.604387547479984,85.45387443785333,683.6065512099769,128.38086308038922,30.14817778264903,35.493309603717364,4.639682387868842,West,forest,51.22,0.506
924,2024-03-30,13.192479087443612,95.47674007646397,408.31616456457306,302.17246889620407,36.85573066130954,150.43454592141757,117.07143774608265,North,forest,226.7,0.8193
6,2020-03-06,11.870451895657538,78.44154069732971,1219.062315351681,230.07038576970783,23.88005067530524,156.43327371890595,15.053205330306724,North,wetland,12.1,0.1948
63,2024-07-06,29.87786621270657,83.28584458600142,722.6406171389212,108.42755039403393,22.017990995398108,457.3722946808959,50.64429903332396,West,forest,57.51,0.5349
328,2020-02-02,27.03158363524721,88.17772624077963,156.15090717393517,143.44171120130872,21.888009056534763,406.00034169816826,9.60673795692763,South,shrubland,8.06,0.1388
1326,2015-02-13,22.319315475493,77.19792114508893,1370.3507991545662,122.87775721278605,26.51280695918295,49.42926248499357,4.0114813022935625,South,forest,18.14,0.2662
688,2023-09-22,18.10793150794441,81.85190764351023,307.16376163794473,41.15474694082553,22.845421342321977,13.242360051481786,5.403537490447227,Central,wetland,14.28,0.2222
1064,2022-08-17,26.049345838757464,91.69598265964981,1049.719599664703,111.16958917359547,15.618029521500741,15.789426001275475,14.426160363386602,Central,cropland,9.6,0.1611
617,2022-02-23,29.948444387785546,89.61531429312764,120.00742410243573,111.99667840414563,17.25948876528997,85.9793339124966,33.922996681047,North,cropland,14.66,0.2267
259,2024-09-11,31.793296823136142,91.44503293329238,975.293555336088,98.95371272945594,32.12114083680467,69.17774245626069,20.72192786989705,East,forest,48.28,0.4912
556,2016-12-17,22.769438161571006,96.63286474520203,165.90151134362887,109.40234585543622,33.69076424074025,80.39000770393955,15.638962073708193,West,wetland,73.33,0.5946
137,2024-01-20,30.136898289131924,78.7394967731492,579.1011492367119,124.15401917373632,35.59933752774785,24.467226801761758,61.4376794361094,West,cropland,55.07,0.5241
1155,2017-04-29,21.805260742142764,89.66564662513741,708.1486234537201,181.1480523981794,27.35782663267626,471.4703176021087,20.125462835172225,South,forest,13.82,0.2165
275,2024-09-13,20.812312408073055,85.4807524459575,415.3949902472986,103.29544374192818,20.05456695227713,5.995290632898557,26.57005076262289,Central,shrubland,38.31,0.4338
564,2016-11-29,31.366660101796707,87.33153824941469,506.4183726391086,267.21373751221574,23.37190310505691,22.517712630325942,450.8015956867888,West,wetland,50.54,0.5027
1470,2020-07-01,18.432096279145927,89.45634324015509,202.28960000802792,85.02368665256755,17.05167419012091,10.851890853922004,19.92472640488267,Central,forest,46.85,0.4837
887,2022-11-21,18.689642334098963,89.74220819144313,905.4493137721437,244.61947602903462,16.820648062748155,39.90653981030469,10.015710269115248,West,grassland,17.48,0.259
687,2015-10-13,16.232606322692735,93.68660932954977,602.412912039505,,27.531576263376362,354.1957102205909,32.49089081499054,Central,shrubland,17.48,0.259
814,2015-09-01,22.00494666395465,78.1303285818456,238.15739883751056,72.1574304194292,29.234069296442108,35.458717953760306,41.84988085111706,North,forest,81.03,0.6184
1176,2023-06-29,22.71095090961544,86.95095932724541,619.6188940667121,,37.750241334357455,63.574726141913025,27.13931618575988,South,shrubland,40.89,0.4499
381,2015-08-09,25.83245092338234,76.12842251630882,633.9324410116717,307.9233047370525,25.501438542884024,147.87455080660678,23.497933057207323,East,shrubland,24.26,0.3267
954,2021-02-18,19.623562372958403,85.24249244839228,525.2285007844324,85.93066243824103,17.85299113516639,33.017095175476754,88.43174067946332,South,cropland,22.7,0.3122
1309,2024-05-17,13.881606880857182,89.78407906498592,32.175146560472015,312.28724518365965,25.268477697469805,96.92538894480046,78.04200538224245,North,grassland,28.45,0.3627
858,2021-02-21,31.404735685174646,90.93903149868757,368.45267901461006,183.73371366397703,24.305244805319592,79.52994582251347,17.865988969684754,West,cropland,16.85,0.2521
669,2019-10-22,17.34202341542639,80.18361058668455,895.8095205283885,168.15485255510256,23.05260993920932,10.01201657469328,10.554005310000127,Central,forest,16.64,0.2497
217,2019-03-03,32.919472335684716,82.75288647283944,736.888188046574,178.36768222676795,28.06249740484925,27.208431535029867,30.85203903010266,East,shrubland,33.16,0.3987
372,2021-05-18,13.598539991714304,77.68164568393502,721.0535815201126,120.83255962250391,18.713164825363833,92.93296433268038,10.493611485245374,West,shrubland,12.18,0.1959
1419,2020-09-18,23.121551858378222,72.90205404964928,599.0004264685194,11.90392061280377,26.78432859695577,373.63823324044245,48.67481098811036,West,cropland,40.99,0.4505
811,2020-01-06,22.48860752529521,75.55500475058344,969.1697770603471,88.02966838182569,29.909379594316874,373.1164011500334,30.69366483789895,East,shrubland,46.83,0.4836
452,2016-07-14,30.373491894028874,94.45197314209491,305.5803304956788,146.79866271511605,34.51842662139178,1265.5100805889701,290.0435367609349,West,cropland,55.82,0.5275
627,2021-08-15,11.748987442272403,76.96011672987017,252.25924487822098,171.26545513182526,27.862255094215634,113.09020040113731,87.64520429018891,Central,cropland,32.4,0.3932
867,2022-05-24,32.568303668771456,96.2680206728227,1604.2778079222633,187.9970909401008,32.25872270311566,29.371598440042092,6.829554892776338,North,wetland,20.72,0.293
806,2022-01-31,22.348560648645893,75.00286447124607,278.6396670354333,184.28595340934774,23.33662375816343,49.60400131658872,11.95573785524637,South,wetland,3.85,0.0715
1049,2015-10-01,23.824953365687893,88.9690615369503,150.56944173272763,208.1673650027587,24.174258355524646,46.032734941058884,2.962547871823994,North,wetland,4.6,0.0842
386,2022-01-09,21.77448991903971,84.64319551358324,409.3782306280527,371.9178769215884,34.08708224729385,29.611999868682055,2.3684913549219235,West,cropland,9.48,0.1594
973,2022-04-17,8.972672484579194,88.20923143621916,540.0578610446632,163.93455872301683,17.770493450217103,96.97304130585361,22.507011149482093,West,grassland,19.74,0.2831
664,2016-10-31,21.42144786877815,86.67478045166625,973.4765296145937,260.2769038421018,23.581158186526437,103.98355326169889,6.095899266407299,West,forest,9.84,0.1644
1410,2023-06-26,15.115840892278744,88.49570892433009,369.1079970351003,191.4732973037908,32.770677840355795,9.387356724337112,103.66719620959317,West,cropland,67.34,0.5739
236,2020-03-27,17.25258087020145,94.26086440462831,366.5769946876342,391.8266412944169,24.733329711484934,279.2912297576279,63.938101823519744,East,wetland,6.56,0.116
222,2019-09-21,25.525743178052778,84.34061538581196,502.5551474929593,152.01430574736702,24.286387808772474,3.4722215053547636,15.309990152071801,Central,wetland,12.48,0.1997
692,2022-03-22,21.43782249580086,69.96761470421586,318.795726111115,143.53187022438067,24.40800730060093,39.10604546897762,14.464358075329006,North,forest,37.27,0.4271
762,2020-02-04,10.516891742021432,75.85393759896009,121.57774035802841,252.14852785385742,26.702910649083474,306.11869214873707,88.71002965175275,West,cropland,48.49,0.4923
1036,2020-06-11,9.972114418567491,88.53835043185416,162.84803937824358,252.30686740374549,32.51650305151544,135.78695365162162,111.56499014157694,Central,shrubland,57.67,0.5356
606,2018-02-13,13.012757781668999,82.32816421129453,1157.501290013085,126.11274012547695,31.545389109939283,31.961730365598203,7.904261876456329,South,shrubland,12.38,0.1985
1370,2024-04-09,13.15389895745004,83.90800749597092,832.9577093877693,187.9947790496669,26.068743448993764,1046.5300645877744,6.950522666043608,West,wetland,6.36,0.1128
711,2024-09-08,24.42412043822685,85.30083320602846,489.39522268578105,209.23115054318947,32.554331404944776,28.216015620578947,14.86350460404886,North,forest,112.22,0.6918
194,2016-04-21,12.800990529229654,79.09624891655253,735.1831582182649,203.3744514681399,28.05075777997842,2.7103385314052764,30.913460544362746,North,cropland,31.85,0.3891
178,2022-04-29,31.806424428418808,90.4429702275478,850.5288338762808,178.5073737276969,31.154721006924987,107.67414954060585,12.017072459543012,South,forest,21.29,0.2986
1460,2015-03-27,13.663537836562154,88.9825116329999,291.57056226728463,51.95224212425951,19.829783155442012,3.7894832601668877,31.57021662120541,Central,shrubland,42.04,0.4568
201,2018-09-08,10.46054902651233,88.7146829536003,200.30087678526957,204.85095885162167,36.43131640059838,15.686919423361859,141.21713053621664,South,cropland,72.35,0.5913
1421,2024-09-10,31.645142441710465,88.7439950470134,1077.3469651124524,209.60232759829776,27.32127832487257,138.95156200205636,4.923249612567786,East,cropland,5.78,0.1036
417,2016-09-30,15.97384455407179,93.82038204797318,45.10346593770023,182.13548250808483,9.510143916093117,27.349917192101866,12.862603141936148,West,wetland,2.86,0.0541
140,2018-10-08,19.486411005510867,85.26639060385496,743.6126640275871,118.91231748168158,35.95716304081614,130.4401187928451,5.017882763633505,West,wetland,12.4,0.1987
457,2017-03-12,33.89371236833594,96.0450937854118,573.1513982860378,292.5918924318844,26.030329587263974,9.610449557745529,8.700801849924574,West,grassland,19.3,0.2785
922,2022-04-12,33.4979689172599,71.45658784732849,1004.5682631437126,87.09310573727505,23.62703623309164,197.89172474399064,14.959155312253118,North,wetland,14.61,0.2261
641,2019-08-21,27.30275601015278,86.32681032122207,763.2662917761377,254.59269771139088,22.365901608876804,4.321403626857,9.706432744436501,Central,wetland,5.47,0.0986
1178,2020-12-04,9.861351696778977,88.79086983213807,731.8240286809313,86.47088494390724,28.63701121120621,394.62952442508964,33.78367056423977,South,forest,34.39,0.4075
916,2024-06-02,24.020183386107732,81.83939191767642,219.81059856854398,239.08167179963692,20.669666486376265,26.761536316154814,23.358391139234353,East,shrubland,21.3,0.2987
601,2020-03-16,34.70510424614096,76.35804320725116,873.4660689386667,88.68511006023633,22.538561223975606,542.7982929735263,27.086056647681374,West,forest,30.51,0.379
951,2022-05-03,33.56673816744747,83.95108612862187,679.0922027552152,232.15592030393708,22.682731377129873,15.475088950234131,14.780403571152608,South,shrubland,14.98,0.2305
1457,2015-12-24,10.862067298038458,78.57768272843037,247.00546202009576,325.00103160509633,24.246517737786576,979.6035241169885,16.206169657489507,West,shrubland,16.06,0.2431
617,2017-02-24,18.691117183439953,94.36459806096667,577.0272479318942,325.62741293867845,22.908750501608836,12.981280120649359,14.144267981899919,East,wetland,4.08,0.0754
230,2024-06-18,16.51949213937666,78.34697996346439,178.844843840254,290.0729877994034,31.116884789929173,3.702754418005539,15.663642618276908,North,cropland,24.87,0.3322
613,2023-08-04,11.50265888643245,73.09550278836174,437.53720005821475,151.54152838519056,27.626373828786196,58.244805597567805,30.539145240624403,South,grassland,16.45,0.2476
1260,2021-07-24,26.759554403716546,84.71528506479814,2044.4727091562386,108.42727485249655,28.3582204300657,347.57607386535375,2.9344185201174087,West,shrubland,11.88,0.192
326,2018-10-12,15.393905837726392,79.48378515003071,208.76955911575257,27.79355685873786,29.663613281103725,178.7847858765052,26.787659807516818,North,grassland,41.88,0.4558
1423,2016-12-30,17.311376684383042,70.78104619922439,120.23226997280173,139.25734405361845,25.441434379005795,312.4538892051726,8.425555732851999,South,forest,25.39,0.3368
882,2023-07-06,10.439689670938286,84.38042817893934,164.83643600122096,245.05384413830575,19.87814402525706,184.15546085241047,14.312629937862251,East,forest,7.19,0.1257
902,2022-11-06,21.44512408702397,83.59754592380534,432.6105680342593,203.24621885633334,36.83103487626129,15.952222585344474,4.214230875010833,South,wetland,7.66,0.1328
475,2017-06-01,12.270532318605525,73.02271551236265,803.3589245597175,409.71555133355247,31.565207927776473,172.36689968825965,14.031829646710746,East,grassland,11.66,0.1891
1380,2020-11-22,19.666441436646206,85.33150689983545,514.1524295629706,114.21140026558861,35.6769620836135,62.75579526252351,26.519598697111114,Central,forest,123.85,0.7124
54,2021-03-08,11.87023999678914,84.45341024186718,139.12812799504613,336.121257212886,32.20723052576869,18.829090100297933,31.72434467511214,North,forest,123.87,0.7124
448,2019-10-09,33.75394702865394,90.43476606820613,795.9602623575911,144.98989227019533,23.23777157680711,71.4523740930872,6.132904668133753,Central,forest,14.16,0.2207
627,2024-04-05,11.91452839632285,78.4855279654364,69.04563499175276,86.28009332790208,11.912132370026804,50.17471905311246,30.230115150806256,West,shrubland,33.85,0.4037
715,2016-03-28,22.0909531539671,75.21402618624553,155.52673314878533,175.47179037449274,18.625421446833528,456.682669836803,62.7887620343639,Central,forest,25.33,0.3363
711,2017-07-30,13.318455283612662,95.58537672215249,307.657726525442,200.65295415758442,29.81913228024942,25.221174783397,12.259608053319065,West,wetland,15.95,0.2418
221,2015-12-13,10.061768693760449,84.27530816070086,1051.4516689196525,276.7409546411239,25.389512483980997,23.513472668087218,20.103885705368203,Central,cropland,11.79,0.1908
338,2021-12-04,13.46233270873665,68.78705880764123,530.0350235256108,113.95774559056612,23.480900846505534,19.145008701392587,2.538195597319191,North,grassland,7.65,0.1327
142,2021-06-08,9.478900899541774,91.80063883924055,546.0992089375508,175.44298378547242,11.02667899009192,939.4294326811606,8.190426271882906,West,wetland,2.77,0.0525
858,2024-11-12,11.763729344266698,73.70598376664928,141.59682917238558,152.91738359032752,25.92123641453431,20.82117220554584,26.32503051538115,West,cropland,32.73,0.3956
526,2020-06-02,21.324072259606858,90.79505321172945,334.3560121003872,125.8850938229406,19.509328698486193,381.93763979387654,52.220096133711415,Central,grassland,14.35,0.223
848,2016-07-03,25.599019068554504,88.44971038752297,947.6497308151172,318.9476523475241,21.653704515404467,11.622219612605301,11.031140295762244,North,shrubland,20.26,0.2884
884,2019-07-04,10.358175006938154,96.09559800363157,647.5840882402149,202.1046701349539,31.10062458138282,116.7384232635249,289.8565286465279,East,shrubland,60.92,0.5492
1053,2015-11-19,19.90750284541525,96.00179974624126,816.8193001905391,38.48891356441462,19.82514827549594,80.94452940755497,27.49185118461613,East,shrubland,34.65,0.4093
820,2021-09-14,23.693669617040502,75.95790811501703,486.9278260282911,176.90621593297544,20.397864167760847,347.2526758314864,5.621750679731631,North,shrubland,18.49,0.27
971,2021-09-26,14.32409325769866,90.22703785547914,954.8318371701198,59.33230222474613,27.113481964460718,279.3787077549071,72.76119018828203,West,wetland,32.67,0.3952
880,2023-07-28,18.046117110932684,77.18879748761779,140.6572442266011,168.024990467044,31.234172549679855,61.73401438360036,5.737691025396958,East,cropland,7.63,0.1324
978,2018-05-25,9.939541482807433,86.24674022605824,424.37668239118915,65.50461708395333,23.583764627559223,24.395193028222586,27.89442994640483,East,grassland,21.44,0.3001
924,2018-02-05,13.943539166293561,85.3346364636832,719.9926086026362,202.5768177860556,34.803292430137446,624.8067854444495,7.930839844620487,West,forest,39.87,0.4436
474,2015-09-18,20.60232899981138,69.58176195301378,,58.792240549298604,18.327984932449038,21.001184113580738,5.168412340998152,West,grassland,26.06,0.3426
369,2019-02-24,34.7419388309837,68.15027074522537,20.51967152670813,89.01592727633366,17.275666396349546,1.8192318247706196,52.570345633765506,West,shrubland,73.85,0.5963
1181,2019-10-01,34.8991566993566,69.67515642324948,1605.2387753949124,225.64877290900938,16.764284010288456,3.3607085013309614,15.490439645357785,South,wetland,4.68,0.0856
514,2022-07-16,34.44978539035577,71.7103193784205,535.6481437820885,151.55737580681938,16.08689741353741,4.842387945994822,112.80628488306314,Central,grassland,19.31,0.2786
823,2022-07-14,19.423332430108843,75.47192224908544,86.31523224887378,69.08366589227836,28.019293790960695,133.4255064262104,7.25772495021325,South,forest,23.66,0.3212
295,2016-05-26,10.178370217195955,94.3017014740343,525.2842264781184,308.9282588334475,20.133264083664965,1512.7756216098,4.222212578547141,South,shrubland,2.35,0.0449
647,2017-11-06,16.736482805732003,83.04034758505391,157.86407929767935,121.9317157624472,17.538845816904686,2.5601324421600187,12.432754920427062,East,shrubland,19.34,0.2789
794,2020-02-10,14.418288135016386,91.10986042638288,219.7476458821286,132.8671032372241,28.278780170813633,16.880644593427988,361.5892140721954,South,forest,323.36,0.8661
939,2018-05-07,8.381417522566073,92.31104081110904,1076.0779357484128,139.22896907827146,30.943695483144303,62.398341230800284,46.24325462458949,South,forest,28.32,0.3616
789,2015-04-04,10.571307477786135,89.3133498591257,314.2193887157963,210.96938195365044,32.305150381492396,554.6073847279389,34.94911036105625,Central,grassland,13.48,0.2124
540,2023-06-14,20.236182246324784,79.35016860819658,312.0478223448669,126.9568481285158,31.251706788018645,16.74489978190067,36.12334059011861,North,cropland,48.54,0.4926
1442,2022-04-23,17.170886522716017,93.0519224213885,152.76526573069197,142.11895283239133,20.491379203744465,132.4492739120685,12.36854502639647,East,forest,16.97,0.2534
769,2020-03-13,12.869550484131043,89.5194428463067,373.3838891265265,263.3525260975912,27.65654578669823,37.51969996283653,307.76923763336737,East,cropland,40.46,0.4473
1212,2018-03-04,27.334699207786173,89.55139185874651,562.4851697309407,247.12974135982876,28.981229464354545,2726.4139394042436,31.756118769471556,North,cropland,13.26,0.2096
1105,2023-06-03,17.6421210892087,94.1456554878015,313.91259686284695,137.59358772723624,23.150700529465446,67.81683252407889,28.91372175321512,South,shrubland,26.13,0.3432
837,2015-05-09,31.000432105156698,85.36124070127283,1888.5663237146628,140.09262279018085,26.98851262342829,93.08687153873521,53.77791868289755,South,wetland,10.48,0.1733
1329,2019-06-18,14.506383327104167,83.32865846890311,192.78310081150738,29.289314628322973,18.4902906202299,61.95358272300824,5.622389639850963, North ,forest,15.31,0.2344
192,2023-01-02,22.536624232338866,93.81471417031518,191.6950737534275,166.4970588879255,22.23439894343479,29.31121327553551,8.336580171033992,East,cropland,8.84,0.1502
1381,2024-07-10,12.971758863027926,81.17939011676171,360.98805536055846,229.91596731812763,28.230723833528497,226.96722262952323,15.712964090065103,East,wetland,8.89,0.151
1275,2017-07-06,21.373116642417735,91.53555018483644,1740.7502749792432,123.40519729901315,35.04525592608317,9.597077932498934,54.126733765765366,South,forest,133.82,0.728
755,2021-07-03,12.116595742416427,69.56154445289943,826.4395184975543,286.0272629079139,32.90863767993103,2.7102920575097253,5.484615479516373,West,wetland,11.49,0.1869
1100,2016-11-23,12.362622858031092,68.03740838923335,305.0327174933055,54.80536021341795,29.965150866405914,43.58478245696265,18.7772415555006,South,grassland,37.15,0.4263
780,2016-02-28,24.530031180134422,83.32048219852635,305.24627380159967,92.46897604148067,,185.5539324932055,16.29976156242925, North ,shrubland,38.57,0.4355
403,2018-07-12,15.122223138745703,70.13474492067503,185.8115419923236,274.79613566300964,25.54861692214809,22.84733904075656,4.160412351736159,Central,shrubland,10.94,0.1795
1199,2023-11-05,12.653915117234677,96.31974739013884,352.25871155638293,225.37428557577982,17.31440027667409,72.22135779465479,12.074168803172324,West,wetland,5.95,0.1063
368,2021-11-21,33.103742753646976,68.15953404715417,414.9658363150348,52.74814531157867,20.98696079666297,8.749140945607346,34.544630240322896,North,forest,71.56,0.5887
471,2019-11-21,9.161087769981378,88.82633945846075,799.4420416561815,59.18230684602079,21.182870872437853,268.80735360633884,4.557300051993896,Central,wetland,3.61,0.0673
778,2017-10-29,23.258999042788954,75.0581561778004,682.3623267559317,204.16599758646197,29.448555893243896,145.16404516645875,82.37933311196983,Central,cropland,17.52,0.2595
1256,2016-05-31,22.80312372949816,96.05900815288963,342.6010925177259,,31.66968662891496,56.23798839725327,32.07398884934305,East,shrubland,44.42,0.4705
575,2017-09-15,14.766439608882614,79.06470786820898,1324.5543260804088,131.70306151860154,30.419440517158773,70.3227023412606,28.389139252281545,South,shrubland,43.84,0.4672
741,2016-07-11,20.224837118046082,68.79121936165208,269.8342297555994,281.13723758941586,33.09599862841879,6.750638581372122,20.250674020267,West,cropland,20.65,0.2923
62,2016-11-13,10.368920143231158,68.7811371968547,117.63627287492162,105.34339576856972,26.43354530915888,7.218592680680413,6.737426498933647,West,cropland,19.43,0.2799
173,2021-11-14,27.47429393994491,84.04782778001596,582.7729937139313,39.89242265493304,20.102418904436682,45.468185624195115,10.488748903109382,West,wetland,11.88,0.192
83,2016-04-29,13.985823006174225,96.61464739190716,1021.5099367534237,210.91973177912476,25.70040262190446,117.99027621211822,28.84263611349565,West,cropland,37.39,0.4279
108,2015-06-22,13.22140471531701,96.41343251632586,471.93144908147815,234.610813570743,21.650977457405123,127.30273708744444,10.468228318509793,Central,wetland,6.03,0.1076
1302,2020-06-02,16.50171891349258,77.7809161963887,146.56471297032095,108.7140091891379,29.94715995053658,31.677311175359915,24.258063398918054,Central,shrubland,64.39,0.5629
1262,2017-11-12,32.36398784710484,81.998405826478,547.3274848544823,78.23563045222848,23.84547558141564,167.0123120312327,8.175310361360973,West,shrubland,37.48,0.4284
1232,2019-07-18,29.50459950365565,70.91321836813667,600.8721082392725,41.19948999806116,25.40881029659328,459.98196910651376,31.545467348342832,South,cropland,11.29,0.1842
83,2016-05-25,33.56609186061145,83.14312882376022,648.9123739157396,150.05055381481657,30.1617333780265,47.79872067431872,33.990483826888486,Central,grassland,68.35,0.5775
116,2017-02-05,25.602983342893307,85.39134637239992,555.8042452493344,178.57952152673033,21.553434262450605,86.87722020871144,3.944457165121505,Central,shrubland,9.67,0.1621
420,2019-05-29,25.898880797866365,75.28078830272831,1116.5516278704993,243.1896721288227,31.783859514933496,39.973582742631265,21.484001384810824,East,grassland,29.34,0.3698
847,2021-11-23,20.960836984507857,85.75131864154004,181.4703521135015,184.1446080156428,17.914421888242316,45.17485092586036,4.385624671451964,North,shrubland,6.85,0.1205
501,2019-02-21,32.44003073090833,94.09108979919137,8.481579862446942,113.39257678643087,27.83930580763295,70.41078760407811,3.123515164603728,Central,shrubland,12.91,0.2052
731,2020-05-31,21.793683030298883,68.02770466928094,69.14560061095165,166.5118657148295,25.454606016064353,702.676372378622,11.090709207386146,East,cropland,3.68,0.0686
259,2020-03-19,17.586621911465667,74.6390794549304,144.38829378420857,249.3307709279971,30.964050778543875,215.49001316934968,329.28299960089686,East,wetland,37.48,0.4284
1096,2017-09-08,25.290125267776958,74.0876673363942,900.3001276580925,177.38931071918825,17.75375622881609,188.2510888342341,43.6144253822546,West,forest,28.08,0.3596
470,2017-10-17,22.74576632182601,71.59269988798098,373.2968673024201,231.424302397145,16.815253263252732,27.643364040349923,80.81026856534139,North,grassland,26.42,0.3457
99,2019-04-03,11.348535013367178,72.81693516937595,,80.42354056487792,30.50026631516682,14.192835241449327,36.90756481322863,Central,grassland,35.3,0.4138
1114,2015-04-27,18.6035861756356,86.15146381559624,168.6086312791049,206.85209353972198,23.654467150704875,97.9349185305867,24.66643430200802,North,wetland,15.39,0.2354
1354,2021-11-06,16.45978609955096,70.97813731436864,1377.2527861610886,184.3052835596801,25.455187377390768,352.70004716309785,49.17530746564331,South,cropland,15.01,0.2309
22,2021-02-20,30.864511925300558,89.41741666160092,222.02163087999025,126.27609697759073,22.04150503454517,724.2282446894693,10.595492039169432,East,grassland,21.69,0.3026
655,2018-01-22,18.228749038273936,93.72365512619312,414.3583980626875,251.6361669955788,31.47686227896342,1.3785665343839169,32.15328480621074,West,wetland,69.33,0.581
1240,2018-09-26,30.181991281250102,94.8710440011727,87.06925790508518,369.57146676545904,27.795297262460235,2142.186764585854,65.17642425911026,North,cropland,12.03,0.1939
1059,2018-04-14,19.94451903532553,87.14509861527132,1254.0962559865832,63.70804278915919,27.443984528342263,102.05178927014029,40.42392133578785,East,grassland,70.21,0.5841
1284,2021-07-05,28.34451521303147,73.72449590837486,461.06669775618354,51.65438783008434,18.982277190950832,213.4484915630848,69.6010716879128,North,wetland,22.92,0.3143
622,2022-08-04,11.652612069802128,70.47360069065734,1945.026830080375,129.60354075828891,29.009033319226415,4.015186655697986,24.109360308358262,Central,forest,58.59,0.5396
558,2016-02-01,32.965555930778486,74.72872366040299,1054.6221609527727,144.48635213852495,20.046722487455124,38.2690411730592,109.0799011575459,South,wetland,14.56,0.2255
1063,2019-02-17,20.97511705157079,95.89675838776623,406.11367204218124,150.13213740966262,22.048681833912354,187.59246590523432,16.309834120800534,East,forest,29.6,0.3719
230,2015-02-20,15.014552631910272,95.90801085077065,256.11496174617963,106.73035221002685,17.807914011289096,9.373423164490577,166.9496767215311,West,cropland,274.35,0.8458
359,2019-07-09,14.520219371849786,79.07564763363192,928.8317271628121,57.85742740124348,25.06075115249353,0.7171522950920757,35.644947880794604,North,cropland,84.47,0.6282
901,2017-06-25,15.157086791524243,77.44795469182897,500.03448233660424,133.18862175451076,32.38683956040386,90.31088794963962,13.681625718062307,North,wetland,20.66,0.2924
1002,2018-05-10,17.90155266878513,82.79030688551289,243.8367192821314,145.07703386314148,27.36016993497908,50.66959392048955,6.177229165742203,Central,wetland,9.15,0.1547
179,2019-07-25,27.373027382241652,76.45895465255462,528.7621825933553,127.17691554410851,23.34907456102098,474.37855007704087,8.95318170546261,East,wetland,7.05,0.1236
762,2018-03-27,33.63928215832142,96.41021109801133,55.81548825293685,146.8510206205359,26.654877908607133,42.953678298552134,7.695519941417801,South,wetland,6.4,0.1135
547,2018-12-09,26.06401061333807,74.41542031071275,658.166820958086,168.52306355651342,26.621683832805303,47.938637630237146,18.380324900457243,West,wetland,22.49,0.3102
752,2022-08-23,22.77348931549072,78.70513778330029,753.768578196396,135.81469335484482,26.396412103558955,155.47986822628184,5.618370438439891,Central,cropland,6.83,0.1202
1437,2023-02-05,20.112140816462635,80.45175539530517,162.69585447525728,106.05765283343527,27.06400658155894,257.30976063086644,73.16802061715184,West,wetland,20.93,0.2951
114,2015-01-22,30.361250610015645,71.6268566693537,1137.4722865800636,147.2907977274498,19.760033876329842,18.856870891579888,22.437257859303028,East,shrubland,32.63,0.3949
1493,2018-10-11,30.94074446604389,79.10191997633376,974.7341371407201,175.14374497711384,26.639230160181263,225.14578807232866,21.545127283709235,West,grassland,36.0,0.4186
674,2023-06-19,15.912017209686102,92.84519088295723,614.1257717584839,154.0565702818307,15.468509784197666,24.963113108087885,6.262711077519105,Central,wetland,3.78,0.0703
1158,2020-04-20,33.74234671364262,72.07046904224599,207.02974290264675,381.9673861698594,29.453741650423872,55.96812910453869,9.3088196145062,South,forest,13.81,0.2164
636,2017-01-19,18.668114806572316,84.93663657395943,786.8155302854805,181.47221104107618,19.38350484853772,149.32940150774314,2.1806710595657326,West,forest,15.64,0.2383
466,2020-12-06,29.60210786817125,79.79247700374049,356.54283901041066,150.51822521629794,33.0655869809535,193.97019549990102,101.2715112769824,Central,forest,95.06,0.6553
1155,2016-06-12,34.104136708220295,72.94556505740618,566.5463658978385,97.78805005749956,11.328582418029177,88.0119287797672,4.86605407070268,South,cropland,2.31,0.0442
1031,2015-03-21,26.998768723101502,68.35774876902697,841.7425375681698,99.06589515835424,36.046549655160284,10.795906229530035,5.249307992346857,Central,forest,38.4,0.4344
216,2021-04-27,12.36186961418223,75.9269558012071,119.93037693755142,127.33107022981807,16.16467593933251,3.302295841575736,82.53095144990316,North,grassland,49.41,0.497
1058,2020-02-24,23.825697789696132,69.79303986024206,82.6760065303372,129.4076864726566,18.800392225177212,41.18466661989876,29.593793456482462,South,grassland,30.66,0.3801
1129,2022-07-24,11.206982323580618,78.92628566760533,327.5828093323154,126.83227999124794,27.794342227646005,234.37614641060924,22.663071360081464,South,grassland,18.0,0.2647
581,2018-06-12,29.30683507646101,91.49608581528102,1727.9968918233262,185.44753597822788,29.712289906547483,107.18391193023425,28.226703863608996,North,forest,65.05,0.5654
1388,2023-07-16,15.595509694594838,88.87087256545075,1999.2101257203722,247.5816237527282,24.299687440903696,78.49614466778853,52.138329709122225,West,grassland,31.05,0.3831
961,2019-03-18,26.7708002226205,95.47412763935124,647.1649328630002,211.289229218559,31.35563631354723,54.02571653331992,22.19518374112792,East,grassland,26.42,0.3457
500,2022-05-17,32.57242120151537,80.38344710277501,993.9880981183991,199.11808595420425,21.22067448346364,86.80400535178813,4.290765932217485,South,shrubland,4.98,0.0906
16,2016-01-02,12.887265968094654,88.52624055916374,476.5695994838565,91.91267129807389,23.601848319307752,12.290950188811133,41.81227147386664,Central,cropland,26.87,0.3496
1012,2015-12-21,18.607161642231503,87.29490994095859,529.129439040103,265.84412130176224,24.187532345105772,175.96810002420204,30.641149995040795,South,grassland,10.15,0.1687
313,2022-10-28,25.47220727798629,74.29434279158953,413.9589084168763,96.6407203244984,22.769624850930498,194.31094547012492,64.81605580617557,Central,forest,82.1,0.6215
1134,2023-05-03,19.33078200585653,76.80389265174709,1079.6277374306735,172.97183769936512,14.39492855365266,32.043736571595375,5.759790695867167,West,cropland,5.77,0.1035
787,2024-06-01,12.720111423867312,83.36505646853504,1407.1545350297547,193.08447342901832,25.851997600949034,105.16299143608217,9.685772947646091,Central,grassland,12.92,0.2053
700,2018-03-30,8.78493358255752,91.10306225117174,519.5147712513684,269.7047397618365,25.30995707778361,4.158588872745464,29.727985792479576,North,shrubland,41.43,0.4531
245,2015-03-23,18.978149879952998,81.39256929942505,527.3292085833178,347.4209355331522,32.469096582262026,71.52677634692229,7.810651924834131,Central,grassland,13.73,0.2154
1067,2024-10-16,25.52864371771185,74.6045045490903,431.54000062216755,124.54027944450503,18.284333505776637,44.71513829428988,1.9101036299293779,North,wetland,7.39,0.1288
248,2021-01-04,23.497573620117194,96.81050501813073,1431.3962168888827,165.7357955783024,22.163556055581854,360.98967625981555,24.46712986871226,West,forest,21.58,0.3015
626,2017-06-20,12.218513473537346,71.35178538425639,907.8559778888803,257.5681327891904,33.22094735314127,40.52973345866267,49.15642857719834,West,wetland,34.82,0.4105
1254,2022-08-20,20.16872298441944,95.7207783172485,202.39166751012445,362.29542725177555,27.759733167706113,200.93807380587748,17.655867758891375,North,shrubland,9.38,0.158
1380,2024-01-13,17.975718246893827,91.46234236448417,1692.8651198350365,131.6237126227797,29.296278116938232,30.363500123760627,34.748455579037845,North,shrubland,114.85,0.6967
1483,2017-11-05,15.403464861921798,92.3279120599277,30.069281049264745,94.48923050259252,28.72060174003719,1.7697688204448347,30.06517467293667,North,wetland,39.72,0.4427
1437,2022-09-10,27.69032358423051,91.05260990965348,1335.3699295561723,69.01233382327626,28.747229884607325,38.927288898733295,20.29745193236109,North,cropland,16.71,0.2505
833,2022-11-14,16.360604810733975,74.03695729783404,1019.6023367622931,53.21258038595529,36.92629996908609,73.34217969916867,23.010788166970464,North,shrubland,60.86,0.549
300,2020-01-06,22.583832712991786,86.34488894446201,520.7827568988856,103.22498994903576,26.549243947881905,68.46045337310845,77.41171393672347,Central,cropland,43.54,0.4655
1258,2021-04-27,32.92703545227965,89.94574456107702,510.87620272285784,232.63213347125196,19.93194033894357,70.03014259822781,7.657989053289432,South,shrubland,4.02,0.0744
1202,2017-09-10,22.560451520846726,89.6248879709479,449.41862831751666,239.37172453468267,29.83278491736735,25.541860550704797,43.5123502804214,Central,cropland,24.76,0.3312
1485,2024-04-14,24.65961857433514,75.87539574577825,211.83804113335398,,22.600689954637353,33.59605456394902,6.166443424623533,North,wetland,6.13,0.1092
976,2024-10-28,9.977641626523887,73.25246224514676,1603.2442023826566,128.5764391748603,25.340378141490255,10.079304206514077,9.072245313366242,West,grassland,29.11,0.368
212,2024-10-20,12.80962188102688,77.51556653352193,498.9754710475985,185.7249074181371,28.221086010534314,2.732157258521609,66.41462675817854,East,shrubland,66.32,0.5702
754,2022-05-14,10.725682381049063,81.91548993094436,208.20177359703194,155.29001102964904,21.071874108686867,46.539969146597244,5.9904624016713015,East,forest,11.36,0.1851
672,2015-06-04,28.649949605607684,84.63964166484662,1538.0390778587846,131.7851532498772,22.93823151308139,17.853425172865222,15.774721476356216,West,forest,39.46,0.4411
1264,2018-08-30,30.569869184754744,92.27156050725566,702.0391318867063,177.2683304694441,28.85509142642247,275.821348612314,213.011702502673,South,shrubland,80.46,0.6167
588,2019-06-13,13.034292916253596,90.30199260343386,733.4420360031238,125.66769005052623,22.70813017274557,2.0689153211139257,56.01114340480833,North,grassland,62.92,0.5572
492,2024-08-04,13.920337274923458,87.60836524432897,1775.7238561278832,176.83252632265402,31.840311895942143,84.48113024507765,9.610228856037034,South,forest,29.43,0.3705
120,2020-06-19,16.72659681630514,75.64118949534006,808.6608362983079,190.93772054713367,20.08305441282421,1315.8404912877525,11.406401694898255,Central,shrubland,7.67,0.133
1253,2020-05-11,23.959095657753558,81.88753446911336,292.9659619813656,214.32019731951817,20.06285374153059,41.50153243600698,16.943493093212822,East,shrubland,22.34,0.3088
1132,2016-06-19,24.788497232600527,77.72764034971087,807.7677858056027,59.24582252861546,37.436335194531935,54.37355226141321,74.58535923453894,Central,shrubland,166.49,0.769
61,2022-12-07,26.542356880619355,74.8129172069655,230.47919042755817,267.63306897322155,16.818641350442284,103.49467426008898,7.376895285006139,Central,cropland,2.65,0.0503
650,2018-05-12,32.44020441776349,68.2971154511209,343.39739951767893,145.02016240634583,25.83970082601026,116.37051385481759,6.943674200535401,North,wetland,5.9,0.1055
719,2015-12-02,15.96608379340653,77.84439714655002,631.5293482171691,349.3531437793695,37.1089030853774,29.58415740251265,40.99102158039683,North,forest,114.02,0.6952
703,2024-11-13,25.786492708582944,75.42737176372403,983.3995432147053,233.40132602314424,25.828451312604365,12.031830563203416,3.739167648281836,North,forest,15.44,0.2359
1378,2016-11-24,23.11251683599769,84.58516748203769,308.0341777157195,96.0019931435805,34.08062401438399,145.3407806431922,8.076211165111586,North,grassland,41.77,0.4552
226,2015-03-01,16.257605491139312,69.80675133822766,438.9586059649276,200.7380062070409,29.91484918643009,3.120233749961622,18.447170871385236,East,wetland,20.02,0.2859
459,2015-10-12,32.50021003802918,75.84506830459583,435.2025434217421,258.01870491163544,25.95678869459119,190.25066270541322,19.417598383091953,North,shrubland,18.88,0.2741
271,2019-07-10,10.578052122898873,69.29831520966404,1105.001625318449,135.17970234627796,25.216128431222753,30.33500159269245,5.131408090518613,Central,cropland,9.87,0.1649
366,2016-01-11,27.22402772446539,86.60111923088965,510.3603368261652,92.09655449645362,13.284095515143537,54.851401128755676,28.60954487779885,East,wetland,14.56,0.2255
1360,2023-06-03,27.652590251610253,84.47749719849011,1677.690660972919,83.79612161704347,24.085330040687825,24.818471466440478,34.94463765729775,West,wetland,35.42,0.4147
1411,2020-02-14,32.71381624762896,77.78692066915973,343.1708660015303,67.81913137135068,27.393311034987164,466.9975144521367,10.355426418512893,Central,forest,27.23,0.3526
66,2018-03-28,22.001675993486547,72.27270341263078,319.9248085067945,42.73356284636258,27.38997745815545,79.32204311004635,105.71611186226207,North,cropland,116.86,0.7003
948,2015-01-12,16.68380313191964,95.77967515029331,1318.87369129785,146.48416415007043,40.795152542923375,33.69646784289948,28.208012487464806,East,wetland,20.36,0.2894
349,2019-10-18,30.348998086220554,84.94738097426979,760.8528695837689,86.19411845010197,27.685748396897033,32.302533269109475,7.353239958886677,West,forest,30.36,0.3778
288,2016-07-06,28.8118776094746,87.69428763058997,1285.3417378697004,108.79176888386765,29.78087192476307,43.7181915460444,101.57328384484691,Central,forest,93.68,0.652
438,2024-10-09,21.5085215893257,83.4091138448141,156.85639740854091,353.4840410337859,32.98977900445941,1989.0457195734311,11.901632965955276,Central,grassland,15.58,0.2376
291,2017-11-28,28.7321491421129,91.38946418173995,500.9552055027542,191.3842160174973,29.24300786916675,7.571320301029583,24.01967927919309,South,wetland,21.44,0.3001
735,2019-09-30,15.23264125608604,93.99502143689551,630.9113909151923,,25.48370559957986,277.08470992738967,12.344600695130298,South,grassland,6.89,0.1211
1493,2015-03-09,23.916670920893633,79.09860576433127,598.0449938112082,434.1938378692217,25.51287589676358,128.01634238272757,37.49295690753639,West,shrubland,17.64,0.2608
879,2016-04-22,31.359953279272638,88.0107340546877,444.6732419398656,176.12905617198496,23.896073106582314,549.8896537862116,12.40961669799543,West,grassland,9.46,0.1591
1084,2017-01-27,16.58558162464584,74.66673705184552,588.9795102384047,20.666404470648153,28.66526617481948,140.27435630057786,13.185842095499266,South,shrubland,-1.0,0.362
739,2015-07-08,21.055849525630066,86.90379636769912,612.8900182753579,415.02500606102603,24.978075674120728,54.87426627977991,17.11614821540316,East,wetland,7.24,0.1265
20,2022-04-03,33.67821106266801,79.57551326932003,312.3041502265164,311.67207986149464,29.749618343189628,252.15436082264463,12.15875814379327,Central,forest,24.99,0.3332
126,2024-06-12,29.55171973323689,68.19666638263784,1073.9628999844485,,19.945476138021803,77.06530941083612,58.663315844464506,South,grassland,21.69,0.3026
403,2024-11-05,31.950053548924924,95.71030818425601,1550.3892569505915,145.86971249808525,26.881090750451865,169.42901455384109,5.709929768620506,South,cropland,4.98,0.0906
365,2017-08-28,18.40167064404205,93.18480482062284,857.7201328853957,231.05963811090547,35.31240392844421,465.1357022131125,19.353094394362515,Central,forest,32.86,0.3966
1260,2022-11-18,34.90564201013309,76.43425996003482,685.6559561426312,171.52955872439762,24.652259015931115,62.7262462628663,21.965324904362028,West,shrubland,49.48,0.4974
1265,2020-01-14,12.11927132646295,96.93496211275296,,120.21340051551479,37.05800976180066,28.887891483801713,17.731907814939962,South,grassland,107.47,0.6825
1281,2015-06-17,22.006805746840342,77.19670256213949,627.0213041119472,116.3101131857175,26.98202868397357,20.78605239035011,52.89446084196529,South,forest,38.37,0.4342
956,2015-11-28,20.940381321998736,81.30648140731317,675.1488229731311,,25.660950847124,107.31952627315017,4.464030269375417,Central,shrubland,18.05,0.2652
834,2020-06-22,29.55766915160363,92.68651175905809,212.57601462225375,94.29878102810892,26.699711013823197,14.62521928104106,35.44269771814373,South,forest,61.7,0.5524
973,2019-03-27,32.53267985790532,76.83329418851318,1037.4328426836569,247.70234195024312,24.131460535017283,32.30727876422489,5.783723919697487,West,grassland,19.77,0.2834
610,2015-01-31,27.740763176517614,81.0656682472375,363.0823106721299,157.432301950834,14.116663573361517,12.78978566513121,12.076041887151865,East,forest,19.31,0.2786
1005,2024-04-17,24.924038375518176,87.3020278465744,1366.9115936317507,60.684800660555645,31.281049149338905,117.03917146699128,5.219021092616764,South,forest,43.58,0.4657
1191,2022-04-19,19.5405881529096,71.78355908840042,574.3037281964556,257.56769575825456,39.15627898368268,17.668198773138577,14.409804237425783,South,cropland,21.26,0.2983
1144,2020-01-08,21.778799761044823,80.24816069205981,,95.66696962051729,,7.924035678622599,11.265993055048218,West,wetland,18.76,0.2728
920,2024-11-11,21.75110845707019,76.97288818348717,848.6499205036162,102.79219873846351,29.247925768138757,10.317452363976285,103.3655565183217,Central,grassland,110.67,0.6888
87,2024-09-14,8.549948789478197,87.62645487007973,158.93417378729004,138.47149838423172,24.904443886652025,23.181799317702385,25.56863494230455,North,grassland,61.04,0.5497
1087,2024-09-24,21.582236730347297,71.94311231175078,1284.6669370674806,150.14887728500523,32.94673459298386,26.563783663037263,31.180285501484445,Central,wetland,24.16,0.3258
549,2017-08-02,31.11121160470137,74.74921289392718,267.7184028493747,179.8237788093158,25.764370289241352,79.61312517018065,6.635914132300175,South,wetland,2.13,0.0409
1115,2023-10-21,27.150398300840703,88.629909908822,342.99423722912064,250.94450974217602,27.60332058918138,42.84397665250741,42.10123658586812,West,grassland,40.13,0.4452
809,2020-01-16,29.48413279737513,72.53050672199933,368.9583488333012,246.79232391644473,16.608701195214657,95.15110345090032,103.3608207169917,South,forest,25.9,0.3412
1321,2022-04-04,18.543094723750066,80.23855860495681,104.62745807208574,114.41583514751655,22.823948778533307,107.33113623564896,47.93803160291723,South,shrubland,29.1,0.3679
507,2023-08-04,22.282277396649867,88.67354094068594,594.6333129218043,116.41732709857939,,165.79453274256213,5.408584561980488,Central,shrubland,13.82,0.2165
1397,2016-08-19,8.904056362921713,90.19858314847015,1095.9480182631148,237.60799204289415,31.443270407503945,3.1213423035260486,12.627262249755338,West,wetland,37.21,0.4267
1266,2019-06-25,18.340944438572276,70.75155418147838,1344.321587752541,86.53356812566807,31.609638452777027,10.066015447505238,22.38721665905628,Central,shrubland,25.11,0.3343
496,2016-04-15,20.80923321210139,92.70787267316487,444.579220121452,157.38695076974747,16.524914508093502,125.50305293252974,11.277807134321435,North,wetland,6.08,0.1084
723,2017-10-17,14.890640289175206,88.99519673276902,506.95630015475615,300.2591548888224,17.133321348511508,74.97228507768126,252.89916532639427,South,forest,36.94,0.4249
797,2019-02-18,8.843506432747546,77.8395430721061,890.6724572720334,123.56981968438922,29.50482260633128,236.37024970283565,12.400336002728624,North,forest,93.2,0.6508
1152,2023-07-20,26.641018937031706,90.15028271757696,454.52197762653907,67.17094042013971,21.519149671971004,5.386918729766957,19.233405736061727,East,shrubland,41.65,0.4544
1033,2023-08-15,19.747369272918768,89.12066709487911,1164.5660544047182,95.68165211862274,31.367555636250653,26.769632797787697,11.020663520575665,East,shrubland,51.31,0.5065
1278,2018-11-24,19.223311214030325,85.42584556874318,487.70359825182874,99.05695978661596,16.21899074550789,35.00287130283639,25.322256532076114,Central,grassland,18.98,0.2752
554,2018-04-16,14.74964235876974,84.19595402876948,235.9797759780642,91.33762364335361,25.409540337599314,70.0945946531707,80.02587469133344,South,cropland,26.21,0.3439
757,2020-04-21,22.521420772946463,89.30640117808798,606.3197844117045,135.06901829585118,25.7945790965413,57.61690774127481,22.530173444108712,West,grassland,76.41,0.6045
646,2024-02-11,19.82672309430975,96.97853714945818,127.8844678885873,,28.88280258201947,110.34553536498213,16.134934164715183,Central,forest,9.87,0.1649
1364,2024-10-04,20.797580771785455,84.77801523016068,600.2667687845678,198.05289802446478,19.813040023121882,45.971381346717,6.862621789308664,North,wetland,4.49,0.0824
457,2017-04-07,23.683526407782313,91.4528182811052,687.5807331225685,141.90470304603252,14.199415632047497,427.73524016760155,67.27820719372333,East,wetland,11.6,0.1883
880,2016-11-11,8.170765475472855,89.58393780215191,268.8958169319872,148.25774640336425,27.02763656927409,690.084405732325,17.39714412355745,South,wetland,7.21,0.126
180,2022-01-23,32.50778939553741,92.81844365898095,667.8374484984205,106.17349376953051,29.15858163527287,10.207827928241826,16.66488340485629,North,cropland,27.41,0.3541
1275,2018-01-05,9.919359717517194,95.68122098014001,411.79980033350694,147.9666345059882,32.044729775798224,58.42049764913362,1.9368497622789353,East,forest,20.02,0.2859
576,2016-12-30,20.174968177531852,73.59941301636364,259.11252416040264,293.69094472668996,23.848690079695096,180.7276881370688,17.68617744410958,South,cropland,7.53,0.1309
510,2015-04-24,13.5990676314633,72.79832945545837,109.76907546774984,160.1052506394496,30.65408984609268,131.36661110266402,13.448869125632822,South,shrubland,26.45,0.346
874,2019-01-11,22.14212397298663,85.00420302403212,143.4775738409533,246.0293341903337,28.914642649330574,29.61362511904133,3.234892152313478,South,forest,9.39,0.1581
748,2018-12-01,15.566212937522721,81.02955682370863,1461.7550634263498,229.87553984616744,33.93443046628602,80.02165838696057,54.03388934663126,East,forest,81.97,0.6211
1271,2020-08-17,31.220175447690306,84.55095809465591,398.33990698708584,401.3882653891728,25.667672503734693,5.077467065466148,11.7606308033558,South,wetland,4.66,0.0853
797,2016-12-31,18.701715516985345,91.14323930007976,675.3102163454362,227.80492978951887,15.620604183235528,53.05277550366379,133.6960416831945,West,forest,67.69,0.5752
775,2022-02-20,25.24640000574781,95.01971992142815,441.667600924896,387.46100749244994,25.594041958284517,6.1076644105991535,82.63567927044711,South,cropland,13.25,0.2095
157,2021-10-18,14.719752659992732,80.10505893075819,1486.303547895889,255.2283601456104,26.53070449077627,116.97596028636436,9.777622821835276,West,forest,15.43,0.2358
32,2019-08-15,8.523966063338472,88.8200467207651,260.2335566219,179.86513928187196,29.109165454390965,10.237557623693718,78.98939889586056,East,forest,137.55,0.7334
597,2016-10-23,18.912172461558455,73.70717644740087,541.0012319156519,101.27987837716141,16.8039058019563,69.72436052974848,100.53864636014916,South,shrubland,41.07,0.451
1497,2020-01-25,22.485135218073836,83.50200653128118,341.0286224504504,245.3092577765869,24.127731111152755,88.12827165728358,11.484111191144642,Central,forest,29.56,0.3715
1376,2021-09-29,20.40777308406726,68.63233855563507,1042.0462358633945,255.72860738643556,31.20862142938769,61.1785007974137,7.151627052077358,West,shrubland,15.31,0.2344
943,2018-09-22,33.97438782310922,82.60876644685982,670.0240635200196,259.1453296301189,25.375487283673202,21.15911338521048,2.3271522760700196,East,wetland,3.95,0.0732
946,2017-08-19,27.084657693842765,83.8147573146395,525.8691053026395,27.2979099517273,24.16559370720749,39.82311906460594,29.383744083292864,East,cropland,23.25,0.3174
587,2020-01-23,34.88308461688567,89.3279147375716,163.7874214498648,121.88656089599256,37.437958386701,321.05341216145825,7.588804943084483,West,forest,47.05,0.4848
266,2018-07-20,15.966622438477243,86.83505891600277,1938.387256640088,196.76993884362332,19.57997487901069,28.87821198431716,30.28016650878122,West,wetland,7.39,0.1288
12,2019-01-01,29.304438549392955,78.39350529486825,451.896775158061,126.78706030080969,33.39892825990589,56.381729467941064,11.38331873982844,West,grassland,29.01,0.3672
508,2018-06-27,23.000078623758576,68.16619612068052,222.7118586618719,115.94583803752259,32.12749841524514,23.684404494016338,9.209802527536768,North,shrubland,53.99,0.5192
474,2018-01-12,24.517529570109485,71.34909033506551,110.31959592701658,105.93734692398291,24.649001230298225,252.30549860035742,11.455944462397708,South,forest,15.06,0.2315
287,2022-03-01,34.61803641194285,96.21875895200611,138.5852959380606,61.806084726348196,25.80265668150604,61.359264033023116,5.474949656671371,East,forest,19.42,0.2797
388,2019-08-07,25.657654393280158,94.74766159114387,521.9919619824707,191.49232109203692,25.781247602287017,17.357748173394537,11.450652549767808,East,shrubland,44.21,0.4693
37,2019-08-30,32.26805609309678,77.42770172935322,1053.4197784732323,111.68343966310489,27.09168653806122,55.184818473257614,9.615605303062353,South,grassland,41.96,0.4563
911,2021-07-11,27.59525633741967,75.50673525779274,637.5728725199335,123.68832780456407,22.432751855373272,38.03292293982533,19.80321625529647,Central,cropland,12.68,0.2023
1391,2018-08-11,11.439425286568252,80.65607251701108,117.46193308255553,141.90664233788527,23.43111064142798,440.9242827868592,22.292673595905487,South,cropland,4.3,0.0792
1036,2016-01-04,26.884440178702437,88.0082608587501,521.1517081158836,207.20832781083578,23.868652814613128,51.058331816765026,6.881419217332243,East,forest,20.67,0.2925
672,2023-07-10,21.076520894508015,78.34800250708123,1277.1424562634509,177.4145522722392,24.060213796406703,6.861160986471654,60.38889259585487,West,grassland,28.4,0.3622
630,2015-07-23,32.807545810523244,69.9515215842035,387.17389016170387,173.24025747632564,24.13546261668758,115.34756268653994,17.123150292682645,South,forest,11.51,0.1871
461,2020-09-18,29.78453007414229,79.68105768088749,639.0004911832841,38.491828846817626,12.555051265783568,795.627530677314,90.23698262405989,East,forest,39.57,0.4418
213,2017-08-28,10.81163656539508,75.55708083996153,401.20002107088413,248.4180462302162,26.58589452757671,328.782465937501,25.561371879760546,West,wetland,6.6,0.1166
897,2017-02-19,11.615722378646078,77.42297032512514,745.5186633592328,338.6921709663457,22.835193319076403,10.439529473201578,21.522610610952185,South,forest,15.6,0.2378
849,2015-06-03,9.879497048562351,72.72576012783183,256.60492904378543,170.83122065798077,14.799133480311799,36.485239572050894,12.292900485967325,Central,wetland,2.59,0.0492
10,2023-12-30,21.31761161810467,87.10636201392377,5.234567853133545,84.82274689364743,23.899693910534378,52.14223296664458,37.145379604046894,East,cropland,23.26,0.3175
623,2019-04-16,10.180837498598532,83.27229706411153,173.5167305527364,117.56689967866002,23.714255131955657,53.09998852567898,20.77118627656969,West,grassland,53.58,0.5173
417,2018-06-04,27.53931508751674,75.85503040156527,347.9318258350389,86.97274544860966,33.651467162494825,96.6835027733724,47.39258155258188,West,cropland,44.06,0.4684
255,2022-05-29,22.913681699161685,84.062011957881,481.4040177057676,318.77910807343073,22.764620249423505,32.58488363057874,99.9492340473094,Central,wetland,13.49,0.2125
1054,2015-05-23,30.568895473934845,82.2885275678499,359.705755926305,123.33130150117485,30.006741079240975,13.826184946187333,9.709911149212989,West,shrubland,36.79,0.4239
788,2020-08-22,15.554486294125539,91.08327084041481,353.70926878762924,174.8525542257914,34.296872020314304,227.62522004875072,37.094309620118594,East,forest,47.47,0.487
950,2019-12-11,22.0168011723508,95.72354381086585,1059.6221751363323,138.90900940548605,22.231587745870453,10.121388688154324,36.057546512038506,West,shrubland,42.5,0.4595
1070,2020-07-13,11.171951519584699,71.78944476038102,201.93789510397147,202.39988164941198,25.715016740829462,16.39252090508941,31.756959820423535,East,shrubland,53.85,0.5185
1472,2016-03-28,31.884470071557573,93.63349088833151,523.854171651514,97.64936422936216,36.372150649458206,10.027471448902725,13.024091312174276,Central,wetland,14.94,0.2301
1204,2024-07-08,12.725133981825635,88.43911121026215,125.77008563570539,171.3669714515221,27.373856930895478,136.77245781793678,13.290288819552014,East,grassland,16.55,0.2487
930,2017-05-20,10.763780786460934,88.08405281363923,858.1300487431722,123.96613833198006,28.242499052413564,64.0527500957156,11.20228560886225,West,wetland,18.75,0.2727
1318,2021-10-12,13.536366160125949,78.8547260171317,625.3720107579088,264.8634096826863,23.556476456190033,205.46083453272394,10.98227861823882,South,grassland,10.43,0.1726
716,2022-06-19,29.768250195520498,77.97333766848271,1913.4754712128176,41.034453009079044,30.12230498259344,16.813966420840156,8.670058464218773,North,grassland,53.68,0.5177
1477,2018-06-09,10.856992247486435,68.16354505985299,194.51139002608852,131.23555694795544,25.762144317886495,8.335140097897558,18.092594560522677,East,shrubland,39.75,0.4429
1142,2016-04-22,24.58954236063048,96.48394136448192,1534.784953310327,252.2628258358189,15.00738237272083,28.054486530634712,9.413846581698298,Central,cropland,3.33,0.0624
976,2017-12-18,28.14689511660839,85.58866913881842,220.58962283036217,237.6704977849672,23.868604796103096,41.523273192195106,31.051393725015377,West,grassland,43.83,0.4671
1354,2023-01-24,28.27919133303752,79.66753009379384,384.7231236481812,64.51836803531118,18.9009272586813,74.71227941202238,21.262694165179425,South,grassland,11.2,0.183
772,2024-01-22,13.13164393841954,83.76929583487318,148.78461403992117,224.73463347255276,26.67344578563527,4.377214442622645,23.786604304855356,Central,shrubland,26.0,0.3421
1081,2024-05-12,9.663847956195525,69.1752839887916,1896.9300312986345,92.69995904825413,20.49896541764673,111.9549205211821,15.27948190247478,West,wetland,20.06,0.2863
427,2017-04-06,20.117772361849873,73.0358777034584,697.4502431356283,107.99006292727688,28.86877079415488,14.276886380640251,21.518182892200993,East,grassland,50.42,0.5021
1444,2021-01-22,13.467104321602744,86.07743782393868,702.9630246714539,245.37067970723893,26.26858052560278,20.67399281945505,15.6845714941081,Central,cropland,12.99,0.2062
935,2016-07-05,26.880311843376326,82.91359016082498,239.90963131201627,129.80393426823258,18.51194597852681,317.52745807270117,43.79602587279192,West,grassland,33.69,0.4026
1173,2022-02-05,17.630705590696365,90.82516986490135,,61.94912421087765,23.044771306317898,2.0651538593974874,12.90494692890743,South,grassland,25.2,0.3351
691,2019-02-26,20.13255640789457,87.10353802291478,371.8056669160775,80.09943534181362,29.723376209786505,88.56644318249569,29.239615024439043,North,shrubland,37.28,0.4271
1300,2022-02-17,11.064093193746219,85.44163460340224,315.49565536476644,158.34861910780216,32.887958214883795,88.06656465744223,5.43918403608066,South,shrubland,19.62,0.2818
111,2021-11-05,23.323857736801177,91.64270542485409,74.25048326287998,127.5574185207839,20.585472612356398,15.987745694892611,40.93865930677099,North,cropland,24.74,0.331
171,2024-12-02,13.009153120061498,69.97963006100512,392.5372532399811,,19.415357030353718,27.924195036356508,11.481523716474262,North,cropland,8.33,0.1428
760,2019-11-19,26.332612844703302,88.03571709650727,524.6122340204633,200.62437770443483,37.70590964180632,340.8935311712943,8.066571945974433,East,cropland,8.78,0.1494
1098,2018-05-31,9.92155820879313,88.75213068538145,732.6082062259965,182.58676403040826,25.941392321029955,1037.3091837956613,6.4314522392644635,Central,wetland,3.94,0.073
1213,2020-04-06,34.34915399159573,75.97974294072031,43.49628122156899,132.38381364164954,26.548813611931838,269.6402869891803,5.942194760342469,West,wetland,4.96,0.0902
660,2016-08-17,26.482228421816917,73.67383945813444,158.34760091818333,239.67554171765892,21.563653669390106,924.0881815266109,12.410323516266264,East,forest,11.14,0.1822
974,2016-02-12,12.906698330922007,74.20172178822398,247.74412037423917,201.48839622702667,27.291321371242322,19.355993497693643,89.89368504010694,South,wetland,19.11,0.2765
829,2020-03-09,8.380555427470107,73.74608503952783,1092.2268070062037,177.09626121288596,36.29057405924105,5.103231162097638,10.55581764153501, North ,grassland,58.6,0.5396
1442,2023-04-01,17.030498089540906,83.18968353620424,1077.781414440201,117.04976165798628,27.526191613141595,50.4542879524832,2.2052233969989814,East,shrubland,17.69,0.2613
981,2020-04-30,12.1259581294096,71.93316302960902,669.6537702727163,258.5685679183737,32.38977949483606,182.59817145232472,28.94699174573496,North,wetland,21.21,0.2979
625,2022-10-25,13.89710599422774,87.11928998116116,386.8297821343433,125.5257211086974,26.173903139217956,3.3799970638956744,6.591252936895716,East,cropland,11.26,0.1838
1454,2016-10-11,31.564256977823014,71.04726950951432,1139.4285012944088,131.59231829331515,19.84518085625634,13.603331500429773,45.36802577746686,North,cropland,35.87,0.4177
160,2019-06-29,24.286525821372937,68.77979956899743,609.7546142667104,322.3735677709943,21.90057998424204,16.06924763196427,13.182935672351938,East,shrubland,13.19,0.2087
1476,2021-02-15,12.764356631780286,77.25941703093027,1095.740282392061,95.47566724974153,19.293186948171027,93.20909880416752,15.27155552991427,North,grassland,40.66,0.4485
231,2018-06-23,23.029803818561117,73.56393198825819,692.6770980050462,94.76458860713902,27.30671950152011,76.81725931921294,66.50724265624238, North ,grassland,32.88,0.3967
432,2015-02-21,14.906077642474816,96.67119960689239,87.71664013215492,134.2653248592456,33.34333276190001,17.068912725765323,37.25288944342992,Central,shrubland,38.91,0.4376
1232,2015-09-26,34.35742333766841,76.7868927178993,34.5723295816849,84.39397149626521,26.96606565290494,71.50138331217154,5.7754891242455875,North,grassland,30.95,0.3823
1100,2024-04-08,8.884445217119772,74.4398584947399,354.95759020991005,85.63017666166809,24.153309088218396,9.804017227497377,6.690853279642559,North,shrubland,38.31,0.4338
1455,2021-01-17,27.77259739853101,73.70632488147723,933.9779136940674,317.70911889298577,21.26216148627576,28.799636947605723,3.3752522414338655,South,grassland,7.04,0.1234
1124,2017-08-23,28.870919707168536,78.84173423930122,311.9571569506661,133.13846884985864,28.132675177071043,8.189199246328622,271.2988450394277,Central,forest,222.1,0.8162
955,2017-08-02,9.813394626857907,85.56961796461576,1293.4669322885472,180.06346489673237,18.57120768323826,43.58195804071099,8.476458347767025,Central,forest,36.05,0.4189
519,2015-05-25,12.640472834246491,90.67641297634219,874.7589691330796,68.08935042272209,19.195393530421676,16.432582664858344,64.70335046110968,West,grassland,57.73,0.5359
7,2024-06-10,18.376279795806852,78.57271118454898,1216.011304398835,91.01338519664098,31.4009796058435,153.78607758240335,11.795586479750035,West,forest,87.16,0.6355
185,2016-01-31,31.44018031628483,86.15315842124089,363.35828115386806,339.6230829568136,24.333589625956414,52.495077007423426,6.821943846723777,Central,grassland,5.94,0.1062
446,2022-08-04,22.498998337299483,81.97973705010223,208.6650838826926,84.8479770686585,24.2152748418999,38.8569079697495,20.5232989736418,South,cropland,16.39,0.2469
61,2017-05-26,25.693284950196844,92.54836504134855,180.08185955236777,182.92490785690293,24.985603902123504,774.475908494997,14.488218636804453,East,grassland,16.67,0.25
762,2018-05-10,29.14134655733475,84.50221153759462,741.5120060203053,25.77092053278384,30.355226400475622,97.02146721650419,44.78506363220818,North,cropland,68.12,0.5767
1166,2017-09-26,30.359315285113038,76.40685848449391,97.21377211393744,65.13865073855965,26.993016038146205,31.430189326801102,45.34880903485036,East,grassland,77.55,0.608
1444,2023-03-29,20.859682663259388,88.40403045816942,104.78625544681637,132.02746818000307,21.54151135000452,22.746174544571424,11.132391156431996,Central,forest,6.65,0.1174
734,2015-04-30,21.737414746883996,91.78187015266688,296.03942247715264,236.03007957200697,21.75744669830899,9.283522839645121,4.759038168232789,North,grassland,12.38,0.1985
1312,2018-07-09,27.386158141370043,81.49777904615499,592.5513665162113,153.8384477200462,24.829335134917798,49.460490137404605,6.066828311719214,West,forest,22.37,0.3091
1478,2017-10-16,15.110243685861914,96.62871992758724,251.5566555642266,138.2013037007629,27.81331845616185,86.61043575523358,2.049389690148023,East,shrubland,11.13,0.1821
1289,2017-09-23,31.071222881869158,93.4938094965481,1079.4544446485716,209.6330296410062,25.786940339012457,3.0908187122893316,15.264660086216663,Central,cropland,13.57,0.2135
697,2016-12-05,8.561244260847722,73.71168542029925,1228.0050335959552,170.097111385045,25.25305888296149,7.057033009291122,19.84991354105388,East,cropland,27.7,0.3565
487,2024-02-13,13.285833259662567,90.81592029253088,16.050227796606833,55.19576098976693,26.277701354360847,25.17485845383653,6.4055966298840445,East,forest,37.47,0.4284
1466,2018-10-13,29.605398461985587,85.42758608614322,702.5190477303995,148.71048109157834,25.782653569434903,10.514223149006046,5.676579736817471,North,cropland,11.03,0.1807
362,2019-03-07,17.18697172110215,83.50952763642721,313.2897667710645,118.37605066249338,21.31770258461637,58.25828004498273,19.765067692390534,East,wetland,5.82,0.1043
617,2018-11-06,12.045486482692262,82.90421901080748,964.115542706727,135.5496989886893,32.64230547403265,71.75288510545714,10.67650306423897,Central,grassland,47.98,0.4897
111,2024-10-17,13.04237840420789,92.74892314069044,720.3133265028652,116.5720357179232,23.10613126884899,45.44664261784103,16.233403189816276,North,wetland,10.44,0.1727
1190,2018-05-22,22.330422852273877,85.7153108782,571.4308447718896,149.72770523262847,26.775323304104354,124.61904977115859,13.912325182455362,North,cropland,14.17,0.2208
974,2018-06-01,30.84690129231467,83.59347356655827,451.38453588912813,186.08525554221544,13.637988523769783,22.706053970086764,25.757613175593885,Central,forest,44.89,0.4731
127,2018-04-11,9.907569325819987,69.41693729598342,105.38306912251166,72.95090853486593,24.708954271650114,50.96518279592326,11.41263394756641,South,forest,20.13,0.287
332,2018-04-08,8.822984546365534,81.00078322299817,2099.3137109104746,103.95007832193318,19.40246501952182,12.122092602952923,12.32039226184629,West,cropland,14.45,0.2242
833,2015-11-24,20.559539667594763,94.33320529931973,156.4604071303848,206.23111906933264,20.12586938180426,83.67410584045535,3.059346148503182,West,wetland,4.65,0.0851
810,2021-01-14,33.81706020644813,88.64036515099394,1546.0593870056753,219.26670184697915,40.533115681800695,61.18256315961285,19.099600831132047,East,cropland,15.37,0.2351
1203,2015-04-02,15.533264692181412,69.47766536362845,,295.18873980616445,27.497155403785158,9.04486793026073,21.948346851394124,East,forest,18.47,0.2698
399,2017-04-04,33.8976045548103,93.63577618238023,327.16469213294477,155.4322376064992,33.35613306829321,43.26789639164534,16.815491093117743,West,grassland,41.84,0.4556
1387,2017-01-07,31.967391767930035,91.97334941993456,285.92492553980765,100.75730723719458,31.13182149992472,51.58687037947547,135.88841085402876,South,wetland,32.2,0.3917
666,2017-11-29,15.6446470624628,83.85384213551632,100.23556192937147,104.9322299300147,31.89945729198839,83.22250922696564,23.636182680394857,North,wetland,27.38,0.3538
1233,2022-07-24,30.057597734915962,68.64975849028616,515.3809384156363,152.89694171822435,24.805570030441412,87.98600430637912,17.176168981179636,Central,shrubland,15.41,0.2356
357,2020-12-28,26.518417169358106,84.31045892298022,95.44364036473868,90.83997606580081,35.638412071469176,18.508333527154498,33.08714931759333,North,wetland,59.04,0.5415
55,2024-11-25,21.819204500428445,69.58308244786636,1122.734428020738,285.10868623458134,31.08012379145896,171.65162501744737,166.14543806000182,North,wetland,14.2,0.2212
82,2018-07-05,19.418735862157618,77.29098982948693,615.7595420632804,116.16528563649814,26.248009710813818,119.65152003182902,25.860663850207292, North ,cropland,23.21,0.317
559,2024-04-12,30.01857440998733,86.23837894817943,488.83139386976364,265.26767962050064,27.579737746745657,18.414356679432824,2.1738866517798234,East,wetland,5.24,0.0949
1429,2015-06-13,29.413144682765573,94.47447943258305,539.6904534796561,84.35568916822876,25.17960550122501,9.835068654808655,30.940269390481028,South,forest,59.36,0.5428
73,2020-01-15,28.437281070449096,78.37607348052488,634.7365806993515,135.8333621302854,26.31343510919826,20.65118147505272,8.337509691334942,North,wetland,11.96,0.193
553,2022-12-25,34.952910682812984,92.94068970362014,378.87967736577133,125.30752992018762,25.738395589479538,6.004613428690883,2.937399934951932,South,cropland,5.57,0.1002
163,2020-04-25,20.919836445417367,94.63246930161498,422.49980298546,66.97508216860687,28.289201787418943,74.59024750078639,109.67936515496012,North,cropland,57.07,0.533
1397,2024-04-29,29.786920401137728,68.61027253326212,1658.8854067083216,130.40311904445642,36.439842808462785,322.2539452646573,88.36239651266762,East,wetland,65.91,0.5686
1012,2018-02-22,31.28691590855392,74.94340729482342,1046.029162265231,169.78375011490695,18.768715298247585,460.50286947357495,8.123998662560124,East,grassland,5.94,0.1062
1144,2015-05-02,13.713269699249466,88.58600667759747,798.885587737968,39.14390039089018,32.85412858105284,10.654558976675771,8.177356082749371,Central,forest,90.48,0.6441
1069,2022-09-25,9.135793935432647,89.9484482493069,327.2395524693446,194.74183774106302,23.79059309773239,177.71948683471763,23.57453754303913,Central,shrubland,31.22,0.3844
985,2015-09-06,18.928206859091652,79.38008865629456,59.270890263900924,177.13714851491966,33.617978889588834,61.976254317995114,8.288103374297032,East,shrubland,14.94,0.2301
1160,2022-08-23,31.13189047979295,87.04588377041279,732.7483115360815,147.92978874601124,23.999327821915045,1.5009368515544597,17.547760875741133,East,forest,48.79,0.4939
12,2022-04-30,15.805788592251776,85.75259990349902,538.495769223331,214.35616775523164,28.476522059241518,33.161987893962674,9.843565346173115,West,cropland,10.55,0.1742
1298,2023-06-09,26.900274159820448,89.45347388643074,414.7757434294677,221.71583237373991,,28.06365731315751,13.45832247263335,South,grassland,7.29,0.1272
1109,2019-10-15,8.198399754735092,88.84109440460853,470.4022961198087,482.1419782877073,15.616447259730446,335.7030011633802,4.931507906393444,West,wetland,1.91,0.0368
1109,2023-12-13,17.59483967264642,70.49025314172047,166.15340089003334,65.01675610195764,36.433861257763915,14.784335920425082,45.91988866447935,North,wetland,82.33,0.6222
590,2016-09-11,24.61895075847008,72.58925524726176,218.4514594760922,306.0233208092958,20.343478318868197,127.0520088062542,66.93948749704805,Central,forest,27.37,0.3538
1201,2019-05-05,11.503444131953096,71.84908727052016,1047.5042864016493,241.9485215484816,26.503297166937895,46.49605626631478,18.170438418652946,Central,cropland,7.01,0.123
572,2016-03-20,32.208386627980715,95.04192202544175,40.1396594413942,177.07532210494136,19.685469282949555,6.24191168395544,19.370620212284045,Central,shrubland,26.16,0.3435
73,2022-08-31,12.21939738216114,94.49273680223669,944.5230476708907,85.25431399423574,17.977990091075277,23.848517049017463,37.68103881147261,South,grassland,12.99,0.2062
1361,2022-02-20,32.56442571510786,91.12495581831213,1333.3138854379063,120.55891891196664,24.770360961865208,543.1834944881525,20.123758759156654,West,wetland,12.88,0.2048
351,2023-01-22,13.842511334440317,71.38483825960282,721.4090466191308,111.62815601016146,22.438932427578372,42.095640192312416,113.24615913139016,East,wetland,21.57,0.3014
152,2022-08-21,34.845524195727705,84.653872627668,695.4121307574726,,18.98710987216144,212.46995480717342,5.385106801842293, North ,forest,16.14,0.244
932,2018-01-30,24.328215258980954,73.42968815660569,216.60319541994005,210.17833546834902,25.787404311636887,195.69971764145225,47.510082880460146,North,forest,42.1,0.4571
350,2015-09-06,10.277312149834405,78.68313418920528,248.6320449580835,277.34592047743484,17.108559661413018,27.871487787097802,17.917853802666777,South,cropland,5.33,0.0963
1287,2024-04-14,9.762485330923816,75.74564702248497,351.1802905168813,349.447771227958,26.75284279048713,7.963481556956109,6.545563594320556,North,wetland,7.78,0.1346
665,2019-12-04,10.022885799005657,92.03899846313651,132.3718216137208,121.05419871589709,25.236039086015122,9.701422327049512,190.01228783385665,Central,shrubland,111.2,0.6898
6,2015-12-11,23.9271041768557,72.18909058605892,231.8395943010536,163.07810489458296,11.117563792992334,481.7862561790899,218.15381175651044,North,shrubland,36.89,0.4246
1427,2024-04-06,29.8586384628394,86.7391958896922,536.9708133205079,94.21975484826447,22.861340581700937,68.55292796114857,16.31573635379333,North,shrubland,37.34,0.4275
771,2024-12-08,18.879994027803654,96.53294524950884,333.06688005196474,247.4910250708243,28.81046006136052,4.05223387661758,31.334676134570294,North,forest,51.56,0.5077
394,2019-06-15,20.01056550061027,87.92458291435537,574.1621740981387,182.7883971196326,19.61872469026088,190.74563597724588,12.538623212280518,Central,forest,16.85,0.2521
1015,2022-09-11,23.910767998944955,70.29777118120182,1044.7651993709674,133.50131074057248,29.070753166614857,3.7423849617026645,14.72733303560019,East,forest,85.93,0.6322
795,2015-05-13,22.392096329231606,94.32763555691322,570.7412297736876,62.676859932618825,28.596075259481466,15.81270347880962,6.472101182694616,North,wetland,19.86,0.2843
44,2015-12-07,26.577666793734295,86.64931065299828,701.210157321369,164.23661787002584,19.893671438286773,61.67887926023322,5.583064442849131,South,wetland,3.01,0.0568
1139,2017-10-06,20.738214444401716,81.2330184085509,93.52206563322727,173.02847937441067,25.92630618016409,2393.7791247527807,126.99528654141875,East,wetland,17.91,0.2637
602,2021-07-23,27.274238496729822,87.13108187769244,1031.7078936450657,51.832097912586136,30.949946500085936,185.67570259087628,19.321763752671938,Central,forest,44.59,0.4714
1049,2016-05-01,34.92739004875912,93.49228558370648,90.57478861753096,73.6163447045928,20.741466617236906,26.480679671047046,21.1276989682158,South,wetland,9.46,0.1591
1343,2015-05-05,17.458041740716652,81.83668960954223,313.17156481140813,162.19676221754196,24.76513665451227,56.96695962203001,8.930583913889851,North,wetland,5.95,0.1063
915,2021-09-07,8.329817498714473,83.40832300155465,174.75074851231247,334.20133107086605,32.90143470788685,216.92763635410452,24.28770371394853,West,shrubland,57.46,0.5347
1007,2022-09-12,11.39187622989468,81.12097457732065,59.73329783210797,260.4161940558659,20.85420761144474,460.7220516142604,4.46471698968659,East,cropland,6.64,0.1172
381,2022-05-22,22.944882994647752,70.1051513633863,547.9828598078633,135.46958626877816,28.75494971481271,37.65782450612086,9.265162859605963,North,forest,32.25,0.3921
356,2022-12-27,17.294960252905604,90.8250336808934,746.6465216291991,125.03134710433572,19.52485335024636,39.333422372784156,6.05101053102397,East,grassland,15.69,0.2388
622,2023-01-09,33.3795300300348,71.66594056561333,1356.9944895403287,102.27932170073404,25.03422858082996,15.719897106886945,73.17721622218936,East,grassland,113.19,0.6936
1279,2021-01-07,24.94104443289934,79.44253029836099,609.9653594808435,96.63400873965358,28.680360287443374,148.0778310366205,3.850109680255673,South,shrubland,9.09,0.1538
786,2020-03-10,22.049590021067633,79.21786252262415,230.49435769894313,129.81081829777983,11.572839260379759,254.41276043302204,6.176702189703267,South,wetland,0.83,0.0163
522,2023-07-25,29.547066534344506,76.1211829705154,326.21151238750497,383.9083455923754,22.7940615132882,2.980146988513393,2.591950622942032,North,cropland,8.8,0.1497
1169,2018-06-24,14.981926518325569,79.67270665093814,72.35920566998801,124.54297664630538,28.57599156311827,30.10800186753257,8.248139567959798,Central,forest,31.61,0.3873
1280,2015-12-24,30.13294058762371,85.92226420109043,356.77259472163985,149.83264974816802,27.355064655190382,8.844811070444296,12.685746230210052,North,grassland,29.05,0.3675
1353,2022-07-07,8.08264983133051,77.03023205402364,483.1590348791288,76.55664843753958,22.86572969217726,68.46758594482954,53.39837832498845,East,shrubland,51.59,0.5078
448,2017-10-04,24.73128877766438,73.00284619325002,723.4903713288141,198.49667600216378,19.372507966512977,8.525661907987573,16.086849878780264,North,shrubland,22.65,0.3118
1064,2024-10-12,33.23844307823603,93.21165780471073,871.3112635561681,148.5126647515938,29.77078929316548,7.536730175025895,13.321950537864474,Central,forest,156.61,0.758
885,2019-02-20,29.27221870491449,96.15414684585693,705.9443684337041,120.71771826528476,24.065559574869102,294.499975843574,27.11014802464788,South,grassland,13.52,0.2128
673,2023-07-07,31.048123187978703,81.2989308924133,207.83431947720362,86.90597998363826,29.27208320977403,42.58954484459696,12.898317507929928,Central,grassland,32.99,0.3975
595,2015-06-04,18.71777676963051,77.483571657993,154.2634175409274,99.17426798949177,28.281338813105044,49.90597608703491,223.61098381703076,North,forest,348.61,0.8746
171,2021-08-03,30.25445154470341,69.37698025556865,826.5499392832921,,23.31549028658908,104.32673848627329,11.122794672740449,South,grassland,20.77,0.2935
412,2019-06-24,22.872454955817197,69.06869467769154,56.98330316746185,120.41591874155642,32.4353704579679,234.21241101304022,30.377791010831316,South,wetland,23.27,0.3176
824,2019-08-16,24.70058638558637,79.39357787371665,1813.8551984644416,,22.43433433978303,29.13996941380276,45.89957158467117,North,forest,63.41,0.5591
1329,2017-08-26,9.590714162066694,94.977018530728,251.15754799771457,141.48481326674238,33.142723844911416,30.130203117770407,10.80799346222075,East,cropland,18.95,0.2748
1299,2024-09-14,13.441895823708588,89.19054775864537,1133.4828897787067,166.18986545527457,33.927755183285186,30.322809231581896,23.697565767675222,East,shrubland,23.9,0.3234
281,2018-12-04,22.87603921886592,78.12881314725247,294.6530393105529,216.1784827458841,32.300688046941346,276.51452272303334,12.172198602442155,East,shrubland,22.76,0.3128
1018,2023-07-02,9.587628561234437,96.07334633027978,759.6933012765323,324.9536341233944,24.916633079802214,49.29375036672788,26.417345157279666,East,grassland,16.8,0.2515
127,2019-04-01,28.019063777868258,80.4339791944162,160.0572806087264,51.0573110426339,41.282474866207934,35.28128072253951,22.218475912343127,North,cropland,96.95,0.6597
1012,2015-06-26,30.681539230091342,76.02698957526472,506.53025282596434,178.7954989344732,26.91106675453546,98.13505555073158,17.45658619193133,South,shrubland,39.83,0.4434
512,2023-10-15,32.84978375495973,80.36424409700636,78.55782878329572,127.66985009863467,27.44633887307876,851.3993582779613,6.324534553526793,East,shrubland,19.14,0.2768
674,2016-11-06,10.74774839785476,74.13475358253115,634.983111687344,42.37686759104561,25.86763192857135,61.03361124195592,129.50180214325076,West,wetland,89.1,0.6405
1076,2017-09-13,33.3724466966156,93.68352433582308,157.19273467772035,106.23613427755414,19.221401137661946,36.44590705983394,36.103840263659336,South,grassland,20.31,0.2889
637,2023-08-10,9.825740205990964,78.47402600211302,183.61430831404542,54.95949703655111,33.770439424308584,1006.7652798162975,4.101540551722726,East,forest,43.49,0.4652
1211,2023-12-07,20.799517830051016,87.08109997033532,,205.02913316484822,22.56557942201637,401.297265592847,13.192261530540215,Central,wetland,4.9,0.0893
800,2024-02-29,30.68677755695092,79.28236876598774,403.6090466218826,191.82357096485833,31.51766615622388,322.8660430328704,4.181223766916265,West,shrubland,31.42,0.3859
1498,2019-04-04,9.898400741240295,94.1502111209549,724.3045413876713,158.32499164707394,32.95731864991126,25.76378615940699,43.037910466961534,North,cropland,63.04,0.5577
957,2022-07-25,8.492238970702559,86.62904179975328,671.5422724191104,100.50208682150844,29.61992828329572,22.2036862825915,19.652750390954033,South,cropland,22.09,0.3064
444,2018-04-11,8.673588405079569,82.15930481815768,548.9969985535654,282.4749707901258,,3.4860466180736456,20.167608447669394,North,wetland,6.48,0.1147
1162,2022-05-26,21.804296464772904,71.83214610625882,942.402360887417,80.62643080533786,23.953530466926907,232.14805396793645,8.650635391448647,Central,wetland,10.68,0.176
611,2020-01-09,29.9131121041099,94.15558322271393,657.5296203202054,121.60934507323128,9.937542915912072,61.282586078230345,14.649936686837293,Central,wetland,4.75,0.0868
801,2015-07-09,11.44052011896019,83.85768917988136,693.5109912016623,133.1765734540532,25.30119406180043,3.664413094001173,44.13195400189755,East,cropland,44.41,0.4704
205,2019-03-05,11.364476860147597,76.2665362158811,181.97620215834894,142.92673150325464,30.8162611261999,331.2162227743545,57.73318578949651,South,shrubland,46.12,0.4798
179,2019-09-04,23.350765086344374,93.45987986268442,994.4765388232163,420.00488372946137,24.574969525508457,32.91648409595203,46.82518128870537,West,cropland,17.01,0.2538
862,2017-07-28,14.32598122192194,69.57877239443782,909.1125907844447,311.5483672115498,22.459518246456035,39.601988789039844,4.253886924677557,North,cropland,8.39,0.1437
280,2018-09-28,27.715770848911596,77.10823060255758,569.8271167314763,188.76453115752037,24.213518455343003,5.6437348539744425,16.67455614498157,West,shrubland,35.48,0.4151
1496,2020-01-09,33.64015548077225,83.56802363486229,885.5963971442811,149.05837340035214,33.29219582191411,114.23956158409055,25.87593683925439,Central,forest,66.09,0.5693
1283,2015-07-01,28.682901978211152,77.8546157452555,475.95159296908565,148.21088456033772,25.67380586663922,115.89157302260854,9.633286170560627,North,wetland,7.19,0.1257
1051,2016-07-08,31.683734892230746,81.82529340598688,1404.2938007281132,212.55193091177495,37.14749705845168,50.80621402427307,3.8228043376601093,East,grassland,25.44,0.3372
1102,2022-08-30,22.0288235544351,75.66517131759853,529.8895780936604,255.77567429419213,22.57559897069166,29.155486149039362,5.547622478631542,North,cropland,7.66,0.1328
892,2018-07-08,30.4726212138734,71.77240963705401,463.0683537814709,79.56600408549433,27.30339071078758,2806.5225176877093,89.99685890831026,West,shrubland,50.98,0.5049
90,2021-01-29,12.938385967640425,69.0687700198887,661.1359539594619,326.4787734919031,23.399588446237836,8.979537665267669,6.101524260044823,West,grassland,13.7,0.2151
588,2020-08-27,9.84539304068194,72.57175038245211,1606.700617900072,184.10920795893554,38.446918482547936,18.50136497333512,21.06390049818748,North,grassland,57.31,0.5341
743,2020-07-04,25.71073397336652,95.63544890671955,303.0132629828292,111.38481069632299,27.07823186785616,157.96683513183407,17.17860999551842,Central,forest,28.48,0.3629
1372,2019-02-17,9.40271760146751,84.68669086676542,628.9652032883663,138.69164972009398,38.76845682320709,11.921459495091332,17.22252848230891,South,forest,84.73,0.6289
329,2019-10-31,32.096998316771376,82.1798436330606,323.1434528308301,189.07404005987897,23.479234670586084,10.672705826705544,14.587113955231077,East,wetland,11.86,0.1917
745,2023-03-27,26.671961971900302,79.14539133986555,462.5947751385485,193.6788137234837,35.16547505513037,298.0549810466837,44.21822407298345,South,cropland,9.31,0.157
516,2024-08-23,33.709419586040624,88.54418423351817,,87.2058762555909,26.708020233640973,135.33965577766378,20.81373112307786,Central,shrubland,37.08,0.4258
201,2017-07-26,16.474939720457364,72.0965248012767,679.9747024354377,145.2495664600405,31.019933567273583,112.86664235637345,10.743977231587568,West,forest,42.33,0.4585
154,2021-09-09,21.126274348443765,76.00776616192724,496.1270473196199,165.9111288667404,18.6817341325457,71.71767808963513,21.143738808369015,Central,wetland,5.95,0.1063
548,2024-09-09,28.025639856218213,87.02116147024883,872.223003311973,,28.09048369525584,19.33215758421983,5.598260005687834, North ,grassland,6.51,0.1152
123,2015-01-28,14.555032607442154,81.89286657297161,1048.9245320676973,271.5104008524343,19.5852773720558,37.37467531024422,32.32835139038541,East,cropland,9.67,0.1621
100,2022-11-04,22.629918143015004,90.33268362981357,1162.1222418619348,74.40494594478746,27.542578404230174,48.49146374067379,10.165840706525175,East,cropland,12.95,0.2057
526,2019-12-19,25.805616425147907,94.01618547474294,334.25763811128115,152.90249363720253,16.889659681771082,194.28468458548423,10.768539213863491,South,shrubland,13.81,0.2164
302,2024-09-01,34.427833670070115,91.87780514974902,662.1178065030354,108.27927024345492,25.435501882571437,103.41872601945008,33.55035810331408,Central,forest,22.1,0.3065
832,2020-10-11,28.10698894454439,73.34202371356123,1214.4245613108058,186.88759745813684,32.57367222276022,13.57506700456727,13.365597907372388,Central,wetland,10.58,0.1746
26,2023-05-18,11.189532957534997,70.65263683028238,227.93673100511512,409.3275946561266,29.285323273965233,178.45087292638158,14.13966325948137,Central,forest,9.18,0.1551
452,2016-08-28,20.834003187349378,72.91377741580641,,242.77698551008,18.596299702454694,4.402800981516989,64.5622732849714,East,shrubland,42.49,0.4594
679,2016-06-02,23.896811140718448,90.72239005640668,242.45047128236672,195.2034472399472,14.609681702977419,33.76305733838604,7.58985332482079,North,grassland,15.23,0.2335
1444,2024-04-05,11.958824857337524,94.5011015952886,1592.1837730882821,222.56811255766348,28.981667482764607,9.844642852358712,33.06201372344155,North,wetland,29.93,0.3745
951,2020-04-05,19.66308353848912,94.83801716341186,1204.7874596467836,,35.48719277215048,15.094717275337253,51.91065290118831,East,cropland,21.7,0.3026
1321,2020-07-30,15.668157041067222,76.64825789174293,748.1948874671184,232.06266327751268,20.216323778779,982.2829635083623,64.51496413404645,Central,wetland,6.19,0.1102
514,2016-09-12,11.208343641074702,92.36989996239319,739.5875475926256,81.67830363865497,38.58442446905817,6.013390787409081,177.0655528054153,West,wetland,129.7,0.7218
674,2017-04-07,21.82513220351327,83.5508305156408,264.2668315512577,338.7235468223863,25.961040270985997,15.977938324250973,10.568308529885202,West,grassland,21.41,0.2998
630,2023-03-06,12.472093187333327,91.86096360209801,1304.3851351142816,160.62829733667914,14.247838797953804,117.40184901564217,8.432254438645039,West,grassland,8.32,0.1427
1331,2018-01-12,23.94451003181453,83.90258042902003,388.2275283927619,183.16672846331676,16.63471785971899,26.97730238746273,45.47739782376635,Central,forest,16.83,0.2518
1438,2020-11-02,12.581817170530368,72.23090337359443,288.2343440450687,271.35230480210544,30.619694896228474,68.94689676221329,51.431000533094,Central,shrubland,50.38,0.5019
1443,2018-03-01,27.53706293727617,70.29736698111982,,399.35054330049286,26.777408245010207,466.06469223447726,9.109022011741951,South,forest,11.81,0.1911
1127,2017-08-19,13.2715238218011,95.75935532707085,358.1052333174747,121.36335226199054,34.893325794759576,145.7571362790046,32.616049762682174,West,forest,98.22,0.6627
754,2016-08-28,32.19969772095604,80.34827413651578,298.97010127936886,263.9984213134842,18.811251399810885,27.030786979788452,306.1903173361046,South,wetland,19.46,0.2802
811,2024-04-16,8.70765262681784,78.16509870202222,908.5696798817582,117.46835592366881,26.710968788982676,44.67530021045588,22.301733398206515,West,shrubland,29.04,0.3674
1470,2024-05-24,22.09392945023487,78.332789458281,168.10621638219465,175.62897210316612,26.04056636833014,121.01433560806375,50.57709495401144,North,cropland,10.83,0.178
426,2016-02-25,16.642828678936766,78.9890979327887,754.9217701873839,67.15266004961263,25.141912861656547,141.52617032004594,97.19676077975483,North,forest,51.26,0.5062
520,2018-07-13,14.077066195913952,95.4049080089358,543.4549051957347,117.82143164205831,,56.324471869562544,245.61030395420198,North,wetland,50.27,0.5013
1345,2020-08-20,20.733275037458995,69.8184330346921,855.2178686669456,171.2043948070954,23.823803746769116,93.77642577701943,25.679670077649508,East,wetland,9.7,0.1625
579,2018-10-30,30.73452748075504,71.45277733408668,695.3250199351526,200.48771390394353,27.047874945682246,93.91345442576778,70.31840322487521,Central,forest,67.39,0.5741
352,2022-03-16,32.71248454921951,90.89989394897363,2284.6747842443615,194.83199782056758,27.815486167029295,47.5442173206948,9.129453943107341,East,shrubland,20.1,0.2867
840,2017-08-07,16.187712689991834,83.93287524886402,583.0688751243174,247.3483810488149,27.51543710061946,22.024238357463037,20.591553027072546,East,grassland,36.22,0.4201
488,2015-08-03,12.164577796566924,71.72756598086761,357.17978795536,126.9571389851271,33.23592505344271,166.3166326333389,12.852617988454098,West,shrubland,68.61,0.5785
1336,2018-05-14,27.443792084290294,68.99934396657176,498.3269107056469,146.26530286538883,18.792328926267675,84.5796075772937,3.0485294684216178,Central,grassland,5.54,0.0997
1363,2020-12-22,23.713965587311684,74.5027961000976,689.8271411530721,149.91952222610126,15.129898792971584,2.407359313768658,4.042916054118168,East,forest,9.99,0.1665
459,2016-10-21,13.427436014294116,75.56351139359786,1532.3604024691542,,32.10179032632718,15.81955321992852,30.877648505670212,West,shrubland,44.33,0.4699
794,2023-02-26,28.52798627836079,68.41217785766462,790.6256707976519,,20.33884975454605,26.549013338354257,31.490594879114735,East,wetland,26.32,0.3449
1475,2015-02-14,22.01112175153781,74.26662561177861,251.58085231879747,161.18434462030194,23.723145088308936,40.37872207376352,7.087774652228966,Central,shrubland,10.69,0.1761
1113,2015-09-04,25.641670386700003,89.41124917161959,4446.746455733501,227.56187874071585,22.32740216070334,332.25986199132274,95.33389007973312,East,forest,22.0,0.3056
323,2020-02-01,17.702153917011493,92.80757699947311,1018.7277972423217,181.29379570892883,22.198926067449364,6657.430349154744,6.619490497664214,Central,cropland,3.17,0.0596
886,2020-02-13,19.855634155164154,94.04883906332182,238.35190288749035,123.4711235135368,17.250415770650456,1.3658385102550668,25.97849185972663,Central,cropland,9.1,0.154
929,2017-12-12,12.869236656123439,79.30750694666276,183.2768070023482,162.77928086205836,22.58283447359171,86.19477314387689,13.26011347819951,Central,shrubland,18.11,0.2659
980,2017-08-01,28.425928426424207,77.26299805120317,151.1748463309668,119.56932475615801,29.895986673677186,60.605108027150834,22.352720231109263,South,shrubland,29.31,0.3696
37,2015-09-12,12.23930575209838,96.99596459802873,478.09164063800415,202.99846835534538,25.976411362340144,41.64849847701709,49.33004199796225,South,wetland,18.83,0.2736
449,2021-08-16,29.014170058278655,90.31087307672607,494.0577775035352,231.26571085232695,29.027042771041486,123.27397508765486,42.83442134138073,West,shrubland,71.47,0.5884
1281,2018-10-15,29.546212081883823,83.58321034631908,282.61799534712566,233.99740189231062,23.023508015330908,68.35283984423874,40.765749824306496,Central,wetland,15.97,0.2421
362,2016-03-09,28.158226029488286,75.3883715479925,129.33512327644112,138.58098002181822,31.41707594469158,31.748612910999334,35.87912418800242,West,wetland,38.56,0.4354
449,2018-12-30,8.524415277585991,77.31785813366804,187.2529075556065,120.8971127594705,22.94982874793879,57.04634432353999,5.625194685556972,West,grassland,12.52,0.2003
483,2024-05-13,15.374596740380186,82.94556611605223,802.1665764202061,247.34871643319178,13.348656196844635,125.81970847007813,62.46020483133139,East,shrubland,11.17,0.1826
266,2017-08-11,20.64511905537897,83.72040467393177,393.68941258983335,133.1907933149143,27.89974275755778,109.09367281255363,6.9567437039382884,Central,forest,18.43,0.2693
233,2023-12-10,24.079698225353486,68.39668068393665,208.2223256103486,161.4633494963563,30.604308614172083,72.45375247559707,18.064811105225782,East,shrubland,81.37,0.6194
520,2017-08-02,32.818996682964354,95.82260247287276,541.9920697262362,180.35363369957437,22.64456592548464,22.7559934344939,14.135269804655824,West,grassland,22.68,0.3121
1311,2016-11-09,18.14136124747496,84.69258117319535,623.3858842937714,154.8260495999813,33.19523760445048,3747.013212109849,28.50624803719831,East,grassland,26.3,0.3447
2,2017-08-09,31.625629606896762,85.08558908786486,675.1657951839607,217.28765147827875,20.89584687377102,93.62242768331218,12.370130717202848,Central,cropland,11.51,0.1871
424,2018-03-25,12.412590779694586,74.13266287886076,526.3059391627496,71.51401931103456,30.024360877204,171.34770267173334,17.14127653215422,West,grassland,48.69,0.4934
90,2016-03-16,18.024573162732928,90.18462818523619,465.320773769527,193.81921254374828,36.4686556529429,25.490257509447552,101.37920977286248,Central,shrubland,85.63,0.6313
842,2020-11-14,9.41161429217572,89.38067108266344,1152.5056082486851,102.60542174551107,26.2203859062293,72.55613522626818,5.499991940183296,North,cropland,15.94,0.2417
375,2018-05-02,28.0472108585018,70.75958122873816,194.82165545986282,125.82789981772216,24.641101483861846,71.69436227823515,20.036058361008923,South,shrubland,18.72,0.2724
1187,2022-03-05,12.06762445068865,85.25483679553768,417.7929040522435,169.25768700123768,25.36596994715561,3.102087640875679,6.59210575712993,Central,cropland,12.83,0.2042
877,2019-11-28,14.93954042250836,87.08761861456651,69.49401478602415,61.60706997348782,,18.6343911401951,39.4230093525947,North,grassland,146.84,0.746
1175,2019-06-04,28.9312978092168,92.23147706264244,374.27859785447805,142.39910380763507,28.416695442747063,18.124868954659195,9.711115793788613,West,shrubland,34.57,0.4088
952,2019-09-16,22.437351370413168,73.9766441886136,571.7230139754545,130.3467086251558,38.865216063312026,22.18274757573509,20.87466954123812,West,wetland,49.73,0.4986
657,2016-07-24,8.377263424298489,93.45140910738577,902.2059753982513,146.33376491093958,27.675508327664122,10.970844974535186,5.340584297874218,South,cropland,16.99,0.2536
1291,2022-02-15,8.060350528179722,81.38295107952027,72.27210546707806,126.71937052401753,22.077220040577537,58.31060929704723,73.07891109309473,North,shrubland,47.18,0.4855
714,2016-01-16,21.78783705697722,70.7991849598637,558.8675114195854,161.9935803954807,22.49895838872074,444.0947412429934,21.602086709004507,North,shrubland,38.67,0.4361
1424,2022-03-18,16.23379887122826,71.0630154238154,1687.1611506591673,117.34455601756696,26.369643592957683,66.40238998609271,23.052299235883655,Central,forest,32.22,0.3919
1492,2024-12-28,12.868409041869782,73.73632915652192,712.8566670346707,151.87601161107335,13.752064304181884,9.282160354183219,46.019334390224856,North,forest,88.77,0.6397
883,2022-08-20,24.567036318334996,76.19977047357395,161.5020460007042,169.06085066541726,23.150060979676233,11.630653376296822,5.746502872732113,West,cropland,8.45,0.1446
1011,2019-07-21,14.167784736370532,82.39576832933419,374.85149405675133,251.7099337822063,23.28321299570139,31.013521170604797,10.858820415546045,North,grassland,13.75,0.2157
383,2018-02-21,23.989593041493592,89.71378473459224,729.9609601652407,278.4542138109142,27.4387385325132,6.5311969598816555,23.8087738423128,South,shrubland,46.39,0.4813
1221,2023-09-20,18.240180665829367,73.41505115856354,294.3233107061163,74.8861546417315,37.6509093224087,86.2013316513012,3.4487493455736193,North,wetland,31.54,0.3868
1007,2017-07-27,13.042147877084322,96.78690204048655,608.9871370612312,261.1727380738803,26.328898930455075,415.5688500461005,3.8396196599547703,West,shrubland,15.29,0.2342
1353,2019-10-27,11.728827922456214,72.68413602133907,582.3672825115009,95.19999992767666,14.464045477241807,23.01494254616187,8.835146386317781,North,grassland,9.35,0.1575
400,2022-09-14,14.395236284436777,85.38196106394227,472.55676980841025,152.50251863793363,20.516554100738233,61.20328473193626,6.417331370989868,West,grassland,15.01,0.2309
1181,2024-03-20,8.805466916350596,94.93927264026885,144.59682459077607,64.00357512805857,27.57372717122548,28.690296613095917,14.241164126223625,Central,forest,46.35,0.4811
705,2024-03-15,16.31942797497925,92.14271526342799,267.1171479326141,47.10207126817569,26.557968558072183,21.23303498957334,33.866696981724935,West,forest,76.74,0.6055
277,2015-11-17,32.352776634908444,86.78878684823164,1802.1580616779293,,35.7467331338755,72.55639357296252,42.51599368275616,West,shrubland,66.24,0.5699
256,2023-12-23,30.446777398841764,88.74929690693605,354.6522313715422,154.54213101611938,31.760463790228243,20.1870589755667,122.65930675676995,Central,shrubland,81.62,0.6201
843,2016-02-21,18.04410143143079,71.89196317445557,391.4805957679586,137.93858994768078,31.580692842666302,16.238733110689456,19.636214816026662,Central,forest,35.56,0.4156
479,2020-11-03,23.547507701708703,68.2802285590472,389.7836715326893,178.80553903671083,24.697201447084936,4.811760026700317,23.438003785987387,West,shrubland,28.54,0.3634
152,2024-04-16,23.31873509337958,80.59031474645082,886.5190019563458,139.58052387331097,32.594726219305265,60.15246013642338,19.591963132087322,East,cropland,46.4,0.4813
640,2021-07-18,30.37591355823023,70.5960488638108,407.55936149260714,229.90635671292083,20.624461242816253,270.56546733658763,27.66777184880932,South,wetland,4.06,0.0751
979,2024-06-20,14.379832740958072,78.37482429547191,481.06734919744474,173.8885451919289,31.809765855762414,157.74237792376272,29.915220817873305,West,shrubland,47.78,0.4886
478,2018-06-10,16.002462197411333,74.4885410135224,559.1208475236481,211.95678751061646,24.305486581055796,511.8286986574941,50.50729389827828,North,grassland,17.55,0.2598
1433,2018-02-22,16.14820671113151,94.57405494904154,957.5331124408369,103.16040338820216,17.31203956423684,19.85045279899726,50.31022071554229,Central,cropland,30.26,0.377
1169,2018-04-05,9.103489723835207,93.52162397123367,482.8277037579744,69.0796993912461,29.559420203689243,195.62784044976976,33.762923847875456,Central,grassland,22.56,0.3109
769,2018-07-20,16.49657230880819,91.74934260739924,524.5133817339017,242.5878238669696,34.38526171168632,10.44424461591305,90.93753312744602,South,wetland,19.47,0.2803
1401,2021-10-28,31.703671967876186,88.70438465400564,306.8661502714409,182.58503723688332,23.560388772104226,158.20441593909266,20.630221413812155,West,cropland,12.6,0.2013
649,2019-07-10,32.62366648442999,72.46808594401678,619.5928340798406,81.76912924858834,35.37657050146076,643.0875788652214,10.8963982701918,West,wetland,19.23,0.2778
209,2022-05-15,10.960154335750861,69.4026553597754,,82.51552972651082,16.064354514070722,115.30401566835839,12.832165492650978,Central,cropland,9.02,0.1528
53,2019-02-27,20.36758062369765,86.96274787778609,793.8312244576694,163.7349752960738,18.819240579341827,660.3152849433297,18.068410785444925,Central,cropland,4.43,0.0814
1407,2018-01-28,18.296420342866256,86.62548597807788,1619.2807466050526,203.93856275548345,25.11964374948717,22.240212026131626,6.796208743415483,West,forest,53.95,0.519
1439,2016-11-24,21.212698308831474,78.71330425787994,250.4614091129227,94.83235203511785,23.775416684433836,44.64103046633638,10.876803897454167,Central,wetland,7.09,0.1242
1108,2020-07-04,22.977427149584287,81.70791332663231,498.5766935417622,307.6234510205551,21.997199683644656,13.824943453528663,6.424779888518963,South,shrubland,5.54,0.0997
154,2023-12-24,8.546986520479145,82.1853322589017,409.7429103885027,216.8795444020388,26.80206631290934,57.5229945271765,28.331103412450336,East,grassland,16.69,0.2503
440,2023-08-02,30.740540693871342,74.95791584964869,1427.0504348916998,250.90899242859916,22.828457253017874,81.81910147044799,28.61185376106582,North,wetland,7.84,0.1355
61,2017-07-13,34.288929975680134,77.11083174531998,815.7352496266326,161.66837580391893,23.846152017183595,56.772530679407744,3.424943493081198,Central,grassland,5.66,0.1017
76,2019-10-10,25.641929924098342,80.13329708524155,103.89540619984592,154.99164955710006,27.670550422102227,26.810445768033084,10.442853373584672,South,forest,34.31,0.407
369,2022-01-18,25.832210439320967,85.4921918674361,284.75217107637815,77.81907124528286,21.994778705171832,26.152018032295143,124.60999825115904,East,shrubland,56.11,0.5288
858,2021-02-13,22.25545616142913,95.71875697450437,370.8938363947725,103.64436779866102,25.36389103208616,91.62973967935076,37.70452100456283,North,shrubland,50.73,0.5036
98,2015-09-03,17.025382116288306,83.61605367605216,121.27346137397393,145.4646271413584,22.126765721842464,42.99438838378861,31.63729047103476,South,cropland,7.96,0.1373
1476,2020-11-27,12.02240125284707,89.20375337675284,528.083932121869,184.9230070371343,18.766277499439823,9.701645324877521,10.337176259557008,West,shrubland,14.58,0.2258
682,2015-05-22,23.769710252793367,91.40303196947104,318.4842913710788,168.9221992886294,30.582213048042224,3.171075900328527,26.77001864549813,South,grassland,62.71,0.5564
395,2016-03-01,9.213417894748591,71.29173551794806,1666.8389584018307,51.88657763150783,36.246766645052084,22.34868023892807,19.796201613830178,East,grassland,137.7,0.7336
774,2021-07-14,30.261569327680597,86.94061535906428,615.8701716594535,92.0376972529637,32.3874319704435,6.866104363236567,9.054425484816178,East,grassland,69.36,0.5811
1185,2016-01-10,19.36461588570662,81.98121088737831,358.97457651581817,174.31783548858982,27.9902964911679,15.590239061016451,12.25838895083212,West,grassland,19.28,0.2783
468,2018-05-22,19.19836405237332,84.60049732518887,207.09805634231716,187.21337162407835,22.1508293435842,28.93471610515672,12.537781193869764,South,grassland,7.01,0.123
71,2020-11-17,16.833613178849454,69.1140911373023,465.83973580448475,125.6029371081205,24.278487654903557,43.85335561133467,4.532740570394724,East,forest,43.64,0.466
76,2021-07-20,34.172554994861834,94.28025635987417,1344.8722813669447,207.85976552465434,32.342127562803974,20.105456625509746,5.346449705649985,North,grassland,22.24,0.3079
1277,2019-06-15,12.722757724809409,95.63074033768805,413.54734930467265,206.36105292320894,12.311079397859512,1460.890795049713,16.453384766489656,East,cropland,1.87,0.0361
167,2015-12-10,12.0853111798307,68.10097578685374,469.07021010502336,384.26121829886137,23.820438653636895,8.234605437443953,8.60206171316608,North,grassland,18.67,0.2719
953,2022-12-26,12.469350541715814,74.17095616920382,1050.8356215021693,155.50660924319936,30.404695518465598,334.8955482408757,14.866076370319387,West,cropland,18.44,0.2694
576,2024-06-28,25.780242036970627,73.22563103755955,602.7136998626552,123.19526416694755,19.17031770689298,42.7833062434378,4.032341232953081,Central,wetland,5.31,0.096
1166,2023-11-18,34.78117360569915,90.65783100111568,873.9678084987463,95.14309687874054,28.54032970547322,20.362814380305398,44.760497896619896,East,forest,36.76,0.4237
90,2022-06-25,999.0,85.3443217142428,648.3304722026716,72.3915458057477,28.261935624594138,131.81033267074028,160.85115616746788,Central,wetland,35.8,0.4172
1346,2019-01-08,32.45166972082217,73.14267623560522,621.8852119897384,202.15993190949263,17.274005418425048,27.67926766188123,56.1145759423897,South,forest,38.42,0.4345
1047,2023-10-04,15.522647098620656,91.60515770424695,97.73640947639976,191.36044355319382,26.521868660857603,16.273743329576373,62.21117805911812,Central,cropland,20.63,0.2921
673,2019-11-17,25.493297843383104,78.2507712823667,180.73540513682994,77.46627273636747,22.295328391990882,800.0825048180973,37.56686823578017,East,forest,56.98,0.5326
310,2016-05-13,9.09347170220093,81.36484941249996,555.5547035880934,202.8155648551152,28.4965920553012,2.030556575499751,26.195452870564495,East,cropland,16.12,0.2438
1465,2023-07-02,21.382657313557104,79.23189155429871,225.21801272204019,165.99522323905398,30.018732115347582,37.81437274712809,21.900794192449048,East,wetland,16.36,0.2465
453,2018-03-14,25.67338908953251,83.12002598679565,466.2295186251318,132.55890102166612,28.393633602638904,72.61034688414169,8.048400588656555,Central,forest,51.44,0.5071
735,2024-05-19,22.48063398501097,81.92413159603304,165.02743403544684,49.42703447150646,26.43555394545858,451.25554595040967,40.047079961358534,West,cropland,18.87,0.274
591,2018-09-06,14.421555391808361,75.96293607721084,1056.756950130558,190.43345018722027,27.733227634535435,30.03470820927942,37.73954369621349,East,cropland,25.39,0.3368
345,2023-09-09,30.36941760323372,80.31212508732136,250.41542599030436,328.1890707395726,18.943609466503975,2955.7948147097277,12.641567773213584,West,cropland,4.54,0.0832
624,2020-05-14,34.19368580343249,94.3417773457747,206.51560649325216,101.63387152103242,25.815489296820658,170.490332122555,33.9878831416284,East,shrubland,40.71,0.4488
227,2019-09-02,20.398294583685765,82.5839299578981,130.31303555426155,166.14128646809402,21.221100519667967,1.5668398928947147,10.034756327750701,Central,grassland,17.36,0.2577
2,2017-12-19,25.16982016010985,94.5752059022489,787.4842547705717,197.8424630276919,32.189232520922296,6.168624666763641,10.694660854490968,East,shrubland,28.26,0.3611
434,2023-05-09,29.34115824533046,83.95368438672098,465.7228855771801,36.85916878147682,30.09942893588864,77.89805628767289,43.602101515273176,Central,grassland,62.66,0.5562
168,2015-08-10,14.520204636788439,90.2957015046606,1030.0829545103804,93.04467879369176,30.08240810071922,9.81783484622072,30.89293242251518,South,grassland,43.76,0.4667
622,2019-09-08,31.340160312077206,76.51414798013167,308.6690699849082,66.19581885676449,36.28094933458389,124.18220310012862,15.927635197252995,East,cropland,16.67,0.25
1294,2018-09-08,15.565424443369933,90.92199121128783,176.16953448759094,327.2239168498928,24.020135211197907,27.643906532301052,14.18711055793784,West,wetland,13.15,0.2082
243,2020-06-06,28.947431694911447,75.66532677656458,449.47607860403264,35.65273722193738,22.7059558867349,9.078966769035503,23.921383099735998,East,cropland,17.68,0.2612
1,2017-07-18,11.026679275513395,68.56694917764622,1173.9610662951325,132.25788874701533,23.87838370245534,12.847072175082387,3.2046390120021693,East,wetland,3.73,0.0694
166,2021-08-22,15.786440992182582,72.6611393521531,95.02698189300149,175.45373341334422,16.386581552970775,195.95213253033901,9.414307270193682,North,forest,11.22,0.1833
762,2018-11-09,22.40773821637643,68.62793337592908,592.5832149903669,101.19128360637143,16.858501274923952,2.62628338237406,5.668309283740701,Central,forest,13.82,0.2165
412,2016-11-17,22.17289658401651,95.46481661485143,637.9518352250477,40.243545102423354,29.72661805380867,261.8867707789941,20.325028703520005,South,cropland,14.49,0.2247
734,2016-12-19,30.961641981131887,96.99933359211313,1307.341899551827,135.07551619236384,17.629159214457033,273.6377931895948,59.65741567877647,North,wetland,8.05,0.1387
43,2021-12-17,34.895435956242395,90.1046776449661,234.1929103653566,100.30942629456744,19.550524609939647,33.211287208662185,32.367625797416814,Central,grassland,29.82,0.3736
499,2017-08-13,10.894692838223797,71.13571674879604,87.92540341449076,185.04925214495438,25.389680737370238,6.641488006449147,12.043222238936057,North,grassland,50.39,0.5019
615,2018-01-26,15.327479586276,94.06941834964684,335.3735560012185,218.51469066326305,23.526634383574,125.68720414651824,9.908600884830019,West,forest,24.21,0.3262
646,2021-04-07,17.655151676023046,89.56950931471702,865.1748256098393,77.7893829392834,31.3139141467764,26.323472304955065,9.451123296742024,South,wetland,7.13,0.1248
826,2018-04-18,20.930797010870137,77.63509094666055,489.4780111322283,105.87822315656622,26.36276783000897,5.625576765339605,148.35634607668726,West,forest,154.22,0.7552
1170,2018-11-17,21.335563065168774,82.56605944245904,688.0983336039588,108.72225772841787,21.209187924966802,956.9109557389211,21.500201270519916,South,shrubland,14.61,0.2261
700,2017-06-11,31.11726670500725,87.1910208965971,187.07734024986615,216.95631140547246,31.829798058458476,14.488859678745882,24.526420893046982,West,grassland,24.56,0.3294
1261,2018-06-14,28.805101175197695,68.69746379452486,393.754063845653,156.98058275465908,30.372748309032694,6.000085204665928,2.4323804188407654,Central,cropland,6.07,0.1083
794,2021-12-03,8.50899263402474,82.54468645089696,503.62481971957436,79.52816633587165,17.534099374556604,83.72823277098779,6.166068357532666,East,shrubland,6.64,0.1172
390,2020-05-02,20.285587535746075,89.23946756439457,111.43294286365192,250.73450955831103,27.513599867960195,49.315027180884336,19.217534512522654,East,cropland,13.2,0.2089
343,2024-12-19,24.6879936325904,73.45853578499366,501.3241333571486,101.03080279561598,21.70953926248911,507.39132693364786,12.204905125865622,West,forest,62.8,0.5567
483,2022-09-18,20.43068085151163,80.86992663090066,364.3945918934852,115.58081273879782,21.551373243198995,30.8525556280717,22.944037073001407,South,cropland,6.89,0.1211
896,2015-03-03,11.527421912693963,83.44337374636306,2591.109423177501,89.86886688149356,37.21708796787506,31.345337280958745,22.64363667632995,East,forest,144.03,0.7423
363,2018-10-14,18.7318002596475,89.33139578681774,474.2615314245145,163.0024789673834,26.74562833071073,90.2733553065582,36.61478962939042,West,wetland,17.23,0.2563
1371,2017-11-23,19.114703768502874,95.96915761300012,1356.1754694591837,125.55065894028309,24.69476906891632,73.64651930396226,3.098252858336245,North,wetland,3.88,0.072
719,2020-11-14,13.068329906143486,92.59999089212445,684.3370816435103,286.87655762203303,26.509707351773724,77.09639888085715,6.65102791738074,East,wetland,9.39,0.1581
1294,2017-08-27,28.420292090715744,86.02403418666856,430.196786489699,158.04732571992818,31.24544157697576,82.09911572563136,18.181192343602294,East,cropland,44.63,0.4716
1024,2024-08-27,16.677818363846875,84.92557957020946,1221.4437790625227,92.8574382904631,21.790373144279336,69.89013033478471,10.512833949418559,South,cropland,8.99,0.1524
500,2017-12-28,23.902656845352638,85.49241409910745,161.60170285456041,149.47641411304352,22.814900183353988,29.23233768801557,14.72758718375479,East,cropland,14.18,0.2209
342,2020-03-20,21.924714885886722,83.81018063713344,329.0612912549253,306.88350106423735,29.940028748877964,190.37891870753262,22.399248772202252,South,wetland,6.75,0.1189
1115,2016-03-24,31.690531138842495,69.72152352750878,901.80434807288,74.48579508921551,16.901664257057785,31.82187339101534,9.535931841926981,East,shrubland,16.53,0.2485
496,2024-02-03,11.294403160296632,88.25059544305795,40.54389783906939,190.34059059037367,31.944631045455747,182.4589920000253,24.343627783052895,South,cropland,15.43,0.2358
370,2024-02-11,11.085101222843424,88.77376720375848,462.03600412649877,49.856092402799455,16.368921591058637,437.74788184313024,34.604527681341274,Central,wetland,10.99,0.1802
1395,2022-12-06,16.108631066321426,82.8619305057438,458.9340195198313,276.97897784801376,24.525399148547546,19.7605731802084,21.436156836325548,West,cropland,30.76,0.3809
723,2018-07-07,19.642804139397548,93.24124055667374,578.1815208416361,117.15425482252658,16.407002760995965,2011.6793062899594,41.294436411895234,West,shrubland,17.73,0.2618
72,2015-08-03,16.060640716307766,87.50066727994368,397.26418828053147,91.45210525030134,19.662490028393943,18.74787930406723,2.2865831208273333,Central,grassland,9.24,0.156
742,2022-02-08,28.60605122467158,78.5172750778535,876.0891984774089,297.6581627450087,33.78600115162972,18.952156642070257,11.178195465161918,North,cropland,16.77,0.2512
691,2019-04-16,14.62217776395109,68.5711362543604,245.00305403052326,144.45658378752475,32.266747243008325,122.72992963047987,49.025026317666196,South,wetland,28.96,0.3668
1295,2024-11-23,10.288918054850608,69.71568774843273,963.6738214043746,147.2954057014657,32.90793379866863,105.88394190458897,8.462519368916727,North,grassland,76.37,0.6043
1067,2021-12-23,19.172594866871982,78.2021495876118,181.78480003610912,118.0785374116828,17.30607029876957,60.80808993517643,7.388619716787957,West,shrubland,26.37,0.3453
287,2020-05-20,28.881240779739066,81.4010544307618,612.8075567117228,120.78404651984937,19.693663050790022,186.3034194483205,17.702959165449233,South,grassland,15.46,0.2362
225,2024-11-10,30.965172476842014,72.83926246574433,1123.2029224130226,46.72004717767059,28.03923541298679,79.75385377978725,19.740669892571294,West,cropland,43.93,0.4677
905,2022-12-31,27.80031090581047,73.49052088625633,226.0041743792673,188.93778550228362,30.29190494107609,1210.287236855504,11.767047855848379,Central,grassland,21.89,0.3045
71,2019-08-01,23.062940319493087,74.67612940460076,278.5821859777227,66.45411169840015,21.20291788940825,50.40860391921553,126.92214087588906,South,shrubland,147.43,0.7467
478,2015-03-10,27.55317594722777,90.63488684771191,987.3394418447556,233.8835349875953,22.52647170473647,15.1539248986514,26.748830527893016,South,shrubland,10.38,0.1719
207,2015-12-05,26.39751745320426,90.36734738760137,,82.27728675055593,19.21191412364819,23.865551389286022,8.142661717491617,East,wetland,9.88,0.165
30,2019-06-08,14.327899077366643,79.10523057699959,89.15249047702477,154.23804430349034,35.94947174348925,110.71801599563962,4.7611658373491,East,grassland,7.77,0.1345
1378,2020-08-13,22.870490089486232,72.99856706594748,564.5342517899882,107.85472206389565,23.1502652056789,113.17412138753275,30.13166288624556,South,forest,43.57,0.4656
134,2015-04-21,28.806451981237664,71.2163431668406,773.2437561658963,118.0629950684278,26.18775382167659,74.41920556762797,7.951982411548583,South,wetland,8.21,0.141
13,2016-04-06,16.562257870628734,70.52675004936802,1015.8979516536987,130.16589288632454,26.501867613335765,15.267778722643284,172.88373255648614,South,grassland,58.07,0.5373
1399,2022-01-14,25.65727496135715,79.3470982760818,601.9621410651359,174.44900043587123,32.633722720842854,288.0033695563881,30.813188742115912,East,shrubland,14.39,0.2235
282,2022-07-06,20.99997154300756,69.32073056631246,701.0074312827385,293.4374546009421,20.285200612205546,997.7332789512034,35.16221158276383,East,grassland,10.07,0.1676
1224,2015-04-19,21.58528897551554,77.67541607666371,1448.0268274852606,116.54794279942026,33.00956500535692,57.04486039933875,25.756503762998722,East,wetland,26.42,0.3457
46,2020-01-28,10.431486020118314,95.88446403369298,920.5964435913402,41.694124241636345,18.32767570626985,825.4324367094042,61.65593140349046,South,forest,27.96,0.3586
230,2015-10-23,25.987863463245255,82.71763385269112,385.51407959950427,262.3674134474347,32.99432154666634,200.2134394330115,1.8306137727383422,West,forest,13.31,0.2102
165,2022-03-25,31.37354995457204,91.85669504822047,427.09619690876434,203.2603269246576,15.70820248937152,1522.3808878921927,6.029897221208749,East,grassland,2.91,0.055
1059,2023-05-03,11.818644776698296,71.74871243096658,,80.50723387678167,25.372666088791373,110.93740638910019,56.49420163831486,South,cropland,20.05,0.2862
930,2023-09-09,17.884852879844132,75.77428468988144,592.7882597379879,72.61378974392913,35.75262333021736,67.01420512162856,90.06934843979084,West,shrubland,141.09,0.7383
713,2020-12-23,9.314021280702546,95.44984689177626,528.6193094480641,178.42666191653976,30.18353664947393,193.17603071690033,5.839925114053521,Central,cropland,10.92,0.1793
362,2021-04-14,8.80006092136256,79.12300501108669,375.6898200472884,163.07490770034258,28.527453731847494,28.491975920708192,3.2588319510724233,South,grassland,10.26,0.1703
133,2024-04-05,34.720779410137084,86.80377772500135,1063.1541263162103,329.36462901684587,19.709509150254966,100.55210811024239,23.748557386552847, North ,forest,7.66,0.1328
853,2021-02-13,21.323730724272387,96.3076765957151,238.25628848632968,189.87566722907403,21.591192534989855,401.8483063147732,32.63588398529943,Central,wetland,7.96,0.1373
346,2019-06-17,17.599013503151653,83.97284493359133,329.7155744170965,104.20859038634964,34.06637492618695,186.65568884602084,23.275059444774026,South,cropland,22.8,0.3132
885,2022-07-17,15.421681068875511,76.85503252763334,1060.8394261138621,91.73815575062206,28.834036947541886,52.12076933001664,18.922863956108383,South,wetland,25.08,0.334
1031,2020-11-26,34.460341413513895,83.4265052226098,1051.897863113931,151.6726875191215,31.341495482003385,73.74575182200431,3.152339738967636,South,grassland,16.14,0.244
1274,2023-06-02,14.810771209085459,69.58447878059492,2050.3825947848827,48.187171040252714,26.442762874884444,170.12188860910317,13.80443422103767,East,grassland,17.79,0.2624
740,2020-03-30,27.59412668491907,71.25872634868804,463.395085030187,59.10471246576657,24.309611095919088,161.84998936848797,16.024182204288554,East,grassland,41.47,0.4534
7,2023-09-08,15.661468586760213,68.20796204651583,380.4607536985484,75.13048243130375,30.59996978285259,168.19038380218967,11.608757828696627, North ,cropland,13.11,0.2077
421,2015-06-13,9.903216644636816,93.64209120538513,412.511838454535,102.78957979070128,27.556118206735817,90.8452180805003,2.948396823906558,South,forest,14.66,0.2267
1280,2015-05-13,26.448468591984415,87.46713243808827,102.09820692705868,143.2679520638733,24.980239993471738,15.850214618693384,36.043860111777185,East,forest,79.28,0.6132
799,2015-12-28,8.044032886006352,76.65156318884969,50.686793472307556,196.14617064608774,17.515957660751592,20.131197058777808,47.739659169952255,North,shrubland,63.54,0.5596
928,2020-07-23,26.245209812135375,74.41368115701184,600.4026294047228,270.09208324186636,31.723449783917456,109.04385569770565,9.07347606479711,Central,shrubland,37.28,0.4271
686,2022-01-31,14.760168172725225,87.80922143357562,357.0934573919721,244.65699125448836,28.640157869836305,190.03136343789927,16.676964431837032,South,cropland,12.97,0.206
244,2017-02-28,28.144814265930535,94.66642987877319,253.66037922944645,225.93194791190234,22.362427705112882,156.47626482563038,12.220177249337098,South,cropland,4.76,0.0869
1345,2016-07-22,28.783254518467533,76.6750336405112,522.835858373196,115.65611422340373,33.07551640476831,19.829583236113315,12.339527573161421,North,cropland,37.69,0.4298
1159,2023-08-07,27.550895448073522,77.32521417221668,611.0108510970836,93.12156084863605,27.462874994399748,43.52123354742032,32.88990874372355,South,cropland,21.55,0.3012
1492,2022-07-02,8.661052919625481,92.77298103061942,438.350231997282,176.59762575397662,27.580393034570463,9.380021014998794,33.69397210114774,Central,grassland,29.48,0.3709
1283,2021-06-24,27.000888730381746,93.90789866062882,447.4619422870563,182.2529369458967,31.30337345746901,6.772409828932247,58.83701937079805,East,shrubland,85.07,0.6298
436,2019-11-18,34.73393157950561,94.50706043806358,353.60083619460715,79.54914394824135,30.012239721831794,61.69599083824145,57.623416412190075,West,forest,274.8,0.8461
381,2019-03-14,14.550884950191818,76.50147203219414,815.4696454518107,129.84050584526165,27.76204687478507,418.73344459131835,16.9148833637947,East,shrubland,32.84,0.3964
372,2015-03-16,15.404441450084141,71.48906446029412,310.7144015838015,89.03925658969514,24.86848967873002,63.41535351030159,344.5035640979894,South,shrubland,236.62,0.8256
1378,2016-11-17,29.965216838674568,80.75992958795771,207.3206927154019,57.780400932516955,37.90198492540718,955.4697872143396,94.62786207776618,West,cropland,51.34,0.5066
835,2023-12-19,12.330713736514175,76.57718108909425,341.2815927746524,,21.597195074815914,42.6848494408131,10.40056429168527, North ,grassland,9.06,0.1534
681,2018-05-22,25.83575923862289,93.63213333754324,580.2358356469898,223.7358016285205,30.475831033964482,57.21555558613237,22.796312412645882,West,wetland,22.61,0.3114
1452,2022-01-15,28.38571219251562,69.0624133123028,850.8824921746065,314.32652059610126,25.49684500176604,12.347945135875573,2.7571200388401933,Central,wetland,4.84,0.0883
905,2022-01-12,9.003337869122644,86.38253361945189,1641.0138813140093,135.01209216122507,28.728281764779027,32.431624935322915,20.64055093464102,North,wetland,20.14,0.2871
1364,2018-02-03,22.951576545161107,94.2792596066953,524.8291171885606,51.33783017824434,33.40053991022164,9.162257951553418,107.09269443468924,North,forest,396.99,0.8881
1476,2017-01-15,23.54868598046884,96.32344063737591,1367.8999098302293,341.9253236567398,24.13052943818725,5.3762659591962185,324.1818002686801,West,shrubland,159.74,0.7616
119,2021-11-29,16.192958229578444,86.85378737964325,288.6047545526859,357.0878413895534,29.611018052801985,9.398997871403784,17.791511608603443,North,forest,21.88,0.3044
542,2015-12-08,31.661306073732966,95.54776575364902,245.81116108106414,516.4746924169896,27.593343683058634,62.04827027477877,28.075080979885396,West,forest,29.69,0.3726
1101,2019-12-12,12.394242421096122,70.19412441612695,678.0163415497751,411.57492548538335,22.152191034330095,18.082426945134802,36.793162596331484,South,forest,24.96,0.333
1219,2023-11-16,17.833257156658235,78.41907203389096,752.7111619809718,164.85960456600804,33.54859399231525,25.7952605117317,145.43126529504693,East,shrubland,157.09,0.7586
222,2022-02-09,30.91405455297789,68.25272622247527,,146.67143122867418,30.267126774043344,100.96822411191754,7.51593671893789,West,shrubland,15.45,0.2361
477,2022-08-21,13.147354428361798,96.45432939353373,2629.6241666138044,212.15243313704525,23.39270041092999,5.348426691039757,285.8631068115087,South,wetland,30.83,0.3814
822,2015-10-31,30.177101680847223,94.17906788423429,302.76100325177913,,32.62156266342848,61.65498512919573,14.627862686805594,Central,shrubland,55.32,0.5253
1198,2016-12-30,10.134867788934805,68.81352413119784,1195.1358303397017,99.7442977862988,21.011482099561803,194.82722768833838,6.232927094600775,Central,cropland,4.19,0.0773
169,2017-10-01,21.20918481412973,68.52584686333321,251.86924286995267,136.00206409925565,25.826394422689205,221.81400970817847,14.654373100568263,South,forest,29.76,0.3731
901,2017-12-02,10.033927886033993,78.64211532908462,796.2090071189988,249.1769345003722,23.42465699266331,118.49260749609292,8.938743170110737,West,shrubland,22.21,0.3076
444,2016-12-09,26.303396796660884,75.49760103693615,507.68838018749784,254.7146232104372,30.507871934119947,50.487541087834494,30.546670414985527,West,wetland,21.64,0.3021
324,2024-09-18,29.346240204501207,92.56103604003256,595.359217394314,139.98982301456326,23.121899866801204,21.421426410964596,3.8482013694256643,South,grassland,9.18,0.1551
773,2016-08-25,30.946180802663676,72.65404769488401,683.2702297828738,68.31230354423784,30.550898701766265,48.25318664882175,23.141789168240063,Central,shrubland,56.41,0.5301
621,2022-01-28,34.49408077008769,90.92883441832487,522.1691910794203,221.7983580448917,29.56676085553421,652.0979898956009,39.015887670965796,South,cropland,11.02,0.1806
953,2020-11-11,26.144424502088846,84.07933129972923,446.1722174934464,65.56359630584845,23.748505115520963,82.23650504808126,88.48508374104136,South,cropland,15.15,0.2325
476,2021-02-06,28.76467167368055,78.94436137074464,78.17365632800487,109.27213385475247,36.978305548737815,46.51045818517809,39.67043054455096,West,shrubland,111.32,0.6901
1234,2017-02-22,21.65547351467589,72.22587309026798,946.6341922685674,164.2515097398665,21.528592101659207,127.17182842057841,83.20225734406414,North,grassland,41.95,0.4562
117,2018-01-27,32.6438963318904,96.93304787283046,152.63271196563844,61.15405491030914,17.545915483659435,58.82614349102545,10.96087733677313,Central,wetland,11.99,0.1934
1292,2021-01-22,25.381476319385488,85.92159750672457,360.6715256740065,96.30486253043125,31.136594820012135,76.60707428087515,29.790521017325762,South,wetland,23.03,0.3153
44,2017-12-27,31.855887968786273,80.74208474447184,627.9120409225252,238.69475727860035,13.103552355275243,37.70996065463729,2.1614364104988537,East,forest,10.04,0.1672
1103,2021-12-08,14.357204459374783,78.76269914002921,182.08716888120986,212.24879650419678,34.95090095798383,29.300171489444047,17.92169591436756,West,cropland,17.76,0.2621
519,2015-05-25,21.411920079387734,94.2661186882948,445.78323667418215,73.59513920012171,26.6105232591582,243.22827126042486,29.569732349693098,Central,forest,38.04,0.4321
575,2015-09-23,27.705110868722706,91.81456243753206,872.4213035883673,174.3508963686059,17.438089551168574,2.9284564179867973,32.37001536484313,West,grassland,83.21,0.6247
28,2022-04-12,13.473487373192448,91.52438786267848,353.77779055895735,50.789642984811024,20.309212985135773,111.93323809456751,4.1616966037403635,South,grassland,6.05,0.1079
1053,2021-03-01,13.706174418073413,85.86975571590939,451.7173373497753,200.99790544187982,16.19546794690992,26.705526266102616,13.596794808212124,West,shrubland,13.81,0.2164
248,2015-06-07,34.40715399095221,93.75074089817825,218.61525376559976,101.17347963776417,28.297297716221255,3.1335962424536428,15.630740171628881,South,grassland,29.92,0.3744
988,2023-12-26,19.734479739904565,76.67907279154004,389.36075257382777,131.24331172806566,18.03851497404645,12.655423599353284,13.077914660267696,East,grassland,38.32,0.4339
1087,2015-01-18,12.909017228941835,88.40747791973538,156.9651840158126,154.2238677191596,29.012534184175692,51.72446425703126,41.47147521288915,West,shrubland,55.1,0.5243
1267,2024-07-19,16.949524813500663,79.72898452936488,573.9790163988915,76.262402416647,24.171055091278554,63.57490670041213,16.170240802403114,East,shrubland,38.9,0.4376
1062,2022-04-16,18.72915600317999,85.39996544823107,122.04868525630907,96.84607502070614,23.147815158727436,165.67146209717018,22.183016212107137,North,forest,48.4,0.4919
452,2024-11-15,24.82330195169597,96.94643701776809,293.0529202053181,320.2431143137617,29.05607580116956,183.46563079227903,12.30961175530612,North,grassland,6.98,0.1225
1107,2024-06-25,32.92139579428932,96.55121863958423,,126.28556207430469,29.74106797776855,5.365167278353238,58.25468054025325,North,shrubland,119.42,0.7049
1238,2018-02-16,34.637932049896456,82.865951477556,422.4782889052701,158.70595300159033,32.87481723227273,96.1832647583172,62.75474460037079,North,forest,88.79,0.6397
475,2022-07-24,25.595866490600038,84.64204011277991,653.849455564697,160.04880890007382,,162.847789881878,14.75612506982763,West,cropland,15.75,0.2395
186,2017-02-08,26.897903741538567,94.02233130498173,452.8761247585924,273.75687490673283,25.82114322403442,75.82165450976882,347.43904279566874,North,cropland,101.41,0.6698
1335,2019-09-18,16.689387581807903,96.58343566290179,77.82056657474612,218.82239899066988,22.188037204811536,116.0083565586175,9.33267984330412,South,shrubland,8.25,0.1416
221,2017-05-26,31.143282077116226,90.57962627615632,179.13148251435197,18.257627153523938,26.977924853280765,3.0078297045028064,54.99250558627684,South,shrubland,77.51,0.6079
890,2019-11-10,13.880555050948502,69.8903492808003,492.5236842087574,78.61963471368274,21.330261888379212,12.362621387086701,7.760131852967995,North,cropland,39.15,0.4391
354,2023-09-20,10.872277531396126,77.35655229597205,1037.439712670954,291.0841004863048,23.455419616996892,423.71900165112913,43.511455500427694,Central,cropland,6.42,0.1138
189,2019-05-11,34.27791173263657,94.00030785768892,912.7385349235386,344.6285124514901,23.485996941373624,35.88923955739698,40.24573330763562,North,shrubland,16.07,0.2432
1164,2015-12-04,31.33174427415437,90.28222266966394,2584.038949767883,78.33711871651329,27.760165664163267,1532.5003130796447,7.302829550043764,North,grassland,28.78,0.3653
215,2018-03-30,16.198418632529602,89.52475905970839,322.188561121194,122.04261430688751,26.01772980340747,8.02343297974548,17.626386909346355,South,cropland,15.29,0.2342
1005,2022-11-10,26.229609342288327,87.36977368357608,851.8572329343114,138.23169372681193,29.037809634612323,570.0125406339496,130.0266521998661,North,cropland,46.83,0.4836
1039,2020-03-19,20.609495650156386,80.04265163933913,809.806013140284,124.57629896644798,25.35802050712449,21.844334133471893,8.896860215786981,South,grassland,37.98,0.4317
90,2020-08-06,999.0,79.69399828999634,1402.6699024444904,201.5061237549229,22.521483999143197,199.06949292092133,30.020064870668005,North,shrubland,15.3,0.2343
259,2019-04-23,15.74290369052796,91.45904214013323,1154.402696913797,131.6957794419576,27.147697383544838,35.05528465137893,28.091973256097326,South,shrubland,30.66,0.3801
1191,2017-12-04,11.672741020964475,76.51962846118705,606.096653218012,110.17836822027473,20.496896339654974,64.94347147238135,19.253965613845157,North,wetland,7.39,0.1288
760,2020-12-23,22.83158822144766,87.86012430832824,755.9250681996093,206.1500272892718,29.41494689467612,133.3950413001207,3.5568296931132046,Central,cropland,6.85,0.1205
182,2021-04-29,20.05811063317271,89.06004717929474,655.5909316524061,42.50163122466781,24.28720887221095,21.757752000276465,45.99924734607136,West,shrubland,72.59,0.5921
1487,2023-12-23,21.8290333480985,92.49212369148434,478.2589111562774,165.01012250333716,27.22711645819721,181.57332966656656,20.320216595247736,West,grassland,18.88,0.2741
397,2021-03-04,13.814643521943921,77.27668213050346,717.4117962480465,189.7345357898304,27.32014402967157,36.641789545396584,60.5727833590156,East,wetland,29.93,0.3745
6,2024-12-10,33.34248811087769,89.51478873830786,560.5726990438553,281.8491047364605,35.60927290631324,71.31273340250303,25.324140359189173,West,wetland,22.38,0.3092
1386,2023-04-06,25.24196230092462,71.08820702978191,542.8331293341282,152.68918533030052,28.28950220937668,1.0327683420012599,21.423088270693633,Central,cropland,16.56,0.2488
24,2015-10-15,32.289217749350094,72.00379013960524,1446.8104069698602,53.15340171064284,26.43931371841863,32.9172582915108,29.152510501461766,North,shrubland,42.32,0.4584
830,2018-12-02,10.950321482884398,80.10274516502864,614.8336074992309,157.45344768932316,21.84577508083727,363.33053421408204,7.481768432919292,East,cropland,6.21,0.1105
1489,2018-11-05,24.81697607811672,69.60154751430217,524.9361208675548,50.61515521823932,30.814310929583026,154.78170674304567,95.40263773336233,North,forest,79.5,0.6139
866,2015-01-12,30.93546910339235,95.48325132249481,432.65719979215936,179.52756649709644,24.37876687752487,206.40049286483654,13.798855545180544,East,wetland,8.02,0.1382
876,2016-10-21,16.9348610549906,94.15497850477146,403.56843917609035,257.5671078151906,16.8471191244413,59.14408094082736,13.97735424071686,Central,shrubland,16.99,0.2536
582,2022-08-13,13.268865566671632,69.41907717024945,174.06038788956664,142.05540304010196,24.829470666432016,674.7968984001311,73.13421518615496,West,cropland,33.99,0.4047
190,2018-07-09,15.155575256751732,92.31103993487608,478.6260181823602,131.7777003658276,27.148938766209284,84.15480966474985,25.721885245741422,West,grassland,32.47,0.3937
859,2016-06-23,15.369210622244573,82.75735104861073,1074.108411598119,216.35515475476325,21.088965814083885,20.28435454215804,15.856031563243922,North,shrubland,27.1,0.3515
1345,2017-11-15,20.074372052935452,88.35692376283295,314.3208709870892,176.176817492083,25.290918169341595,196.9030179126443,30.381081437444365,Central,cropland,7.68,0.1331
136,2017-09-29,16.80101727504195,93.72100390964744,43.643175262977934,208.25617467420057,25.571102980105387,217.8697787736883,37.56166861326616,West,wetland,16.48,0.2479
1320,2016-09-29,15.324399963115766,84.73226012525326,698.0001614687042,407.06816148326544,25.664552634345085,140.3847457452854,17.843876091520396,South,grassland,6.25,0.1111
622,2016-01-05,25.509832056938723,71.37348590825425,576.3707154124111,114.09561474215168,33.40785121829273,29.832522838079704,50.51801902498007,South,cropland,22.72,0.3124
804,2022-08-20,9.431874035140881,68.074779704111,1429.5945409798896,185.58568760428872,18.13065283289173,83.27998615871047,5.637527767633393,East,forest,14.61,0.2261
248,2023-03-29,17.18982200977271,82.41072443529195,285.9601896683848,293.5623986757059,38.20281475511338,441.41580137743387,26.09672399597066,West,shrubland,21.68,0.3025
932,2019-12-17,26.62330308039282,95.52773183160645,154.91112555027348,295.85800201684197,25.802988078852753,111.75678994078363,44.71324132022368,East,grassland,13.58,0.2136
273,2021-02-24,12.747943230587161,84.60603427678268,415.0424612840518,194.62212038525837,29.481267403714774,5.9497916073043005,37.40465286923807,Central,forest,45.24,0.475
409,2024-03-09,13.965052279748633,78.81523500455864,364.2522238098327,128.92572965286413,26.76701759922713,21.260575268982677,2.1360333672033347,South,cropland,4.68,0.0856
1082,2023-06-03,13.417998886148771,68.89673849534648,100.56754900859245,206.88394441758757,,19.828137001104103,17.697217865104495,West,cropland,17.57,0.26
75,2015-04-29,8.025004881747932,94.53440310106781,528.6586204665169,209.08409153395746,19.660534070084747,17.610844590055088,5.96532230913848,Central,grassland,12.26,0.1969
670,2024-07-10,20.791729299452463,77.48754316488322,339.9273084753588,226.8004838810273,22.854344722173263,2.3003782055959587,72.65859604390612,West,wetland,33.91,0.4041
891,2015-09-02,9.051887314235326,88.43854463813778,1255.0595262220872,81.36648831705006,31.96231890870179,930.6342022873753,13.589889511579184,South,forest,27.98,0.3588
198,2015-04-07,15.369374917922304,88.13287886123248,535.2283393949297,340.04865507847336,17.694073185501715,14.666538117351312,65.02058112951288,East,grassland,18.9,0.2743
442,2019-01-11,34.85969246398324,75.36261167969369,255.6240100997837,294.1057380686009,20.865575437753506,16.347541771711537,5.947411948226036,East,grassland,14.58,0.2258
515,2022-06-15,32.796697707538094,69.84954768736104,485.4282606875683,144.39881401129074,26.989105041669536,2.966661710377375,29.685027201641578,South,wetland,8.89,0.151
995,2015-10-21,13.807046820221023,79.16501098148346,568.139661024926,279.7001644791484,28.837138686697617,200.265398033152,20.245663086650065,North,grassland,28.56,0.3635
1465,2017-12-05,16.370065661676186,77.1967994012788,747.2670647016743,139.19926541833004,28.656325260989007,47.64142808656977,318.6423328300538,North,grassland,123.89,0.7125
1254,2017-08-16,20.52002372125089,88.30743556729745,503.8714629958162,312.90203937574097,,32.25359766022153,65.2305350069223,West,cropland,21.31,0.2988
284,2018-12-21,30.799165759799575,91.77369237413534,1813.3841320185732,156.83104662333332,16.41205183885195,34.91784341988895,61.18391143878534,South,grassland,23.69,0.3215
27,2024-11-08,29.67144041761346,74.45091710435857,168.6359541543308,91.13537570640378,29.234357859278198,131.85549504251406,152.5981113001236,West,grassland,160.41,0.7624
77,2018-04-24,11.40851878728962,83.31870102351682,335.2505313991277,379.6241304294302,34.59874364923837,26.5749152194901,26.676088204226556,West,grassland,70.33,0.5845
893,2017-02-01,11.360118905405507,69.17764207425668,256.59037702133094,222.2666150020566,23.928190307745886,2.7639156994741225,18.1831208685188,East,cropland,9.2,0.1554
234,2016-03-22,19.251770855139206,74.2134188650704,378.0863221196284,134.4773452861509,19.131881093095803,7.867151780933675,16.22374841403777,South,shrubland,28.86,0.366
346,2016-12-24,31.492575519571847,90.09108655434041,620.041805125435,326.0279045138394,23.42071806521094,7.277539213159337,27.87740928157113,Central,cropland,10.87,0.1786
1271,2016-04-30,31.81629497557856,91.00855129418309,588.5600237095438,208.02922956489886,28.364375440308383,82.51472498789404,1.2584456921346283,North,wetland,3.88,0.072
1310,2020-09-24,10.898877941536314,90.51572944010229,734.3950841052041,125.59753913940064,24.6011410593402,220.30843919185006,20.132314440021794,South,grassland,34.75,0.41
1258,2019-03-15,23.50602677506989,72.12924982465984,532.7953626292576,328.0840197997712,34.443161849088874,492.11303931362403,25.19867810863441,West,wetland,17.92,0.2638
380,2019-12-23,12.203230322378047,83.9800070965841,557.0503217341732,226.31031354745076,31.549824316425727,4.700450588893502,17.186935351523385,Central,shrubland,35.04,0.412
929,2023-04-26,26.525491370075134,80.2585440188581,540.9148935856981,178.4835940747087,27.106028397225508,138.43558654940034,4.345289893571969,East,forest,24.32,0.3272
916,2020-10-19,32.743697694080474,96.75310260705763,349.63066478733816,151.60313727943446,14.274062602223829,21.70175671099182,17.29060713790974,West,shrubland,21.93,0.3049
277,2016-07-20,20.278770896841028,86.96802620269175,328.5989875697163,89.19078898073316,21.84641822695328,4381.678357965506,4.333176131280496,South,wetland,1.95,0.0375
830,2018-10-07,10.24323491668539,95.12086065047615,252.0746172273844,31.80243151652871,22.711866041926005,434.9935467742222,118.363185343005,Central,shrubland,45.8,0.4781
787,2018-02-14,23.63986328915273,72.21515884524469,762.1020596381828,215.12789094254998,21.520304110112036,701.2350364417376,15.52807693623197,East,grassland,11.1,0.1817
594,2023-04-06,19.029950093668077,81.07532491990665,55.79478209208857,78.81628596110332,27.14492763118955,181.93686483257406,2.553068443156832,West,cropland,7.53,0.1309
1127,2018-01-25,29.894266313016928,90.37662040307019,548.0063584699642,89.16007431069784,27.26865248621138,96.81793874362627,16.337924281883073,North,wetland,17.99,0.2646
1016,2016-05-20,17.189300526012467,78.66787411288168,863.2604500804756,137.9864901846974,15.955550791068688,29.848230070024766,49.175640371451635,East,grassland,-1.0,0.4133
798,2022-05-10,31.62222441275991,86.34274638845575,1024.0054284399819,139.80170765118294,30.827588372366908,22.22057771752801,23.95262866052628,West,cropland,37.76,0.4303
1088,2019-04-13,15.389911006139192,82.83936299883617,35.5256695729217,95.88593631738667,26.096742237957994,16.442054798541168,8.053799157779643,East,cropland,31.86,0.3892
1144,2015-12-16,12.252976168994522,96.76595286732177,358.6047921196176,215.024534330468,28.145848481051665,137.87720733014757,10.193515829529193,Central,wetland,6.94,0.1219
850,2021-11-22,16.27497018760166,73.04230366189925,265.2484148676695,55.30959682614431,30.468958009211146,567.1388724831824,15.076733915353444,Central,wetland,21.31,0.2988
401,2017-02-07,8.942726379214156,95.12511216457371,334.645011228839,212.8664843445497,21.398181683959006,31.969689120233618,12.940171882187828,North,shrubland,31.46,0.3862
1137,2023-09-05,15.593641105604515,79.64555766029561,1172.2013759736674,129.66788288835352,33.55343413589492,18.476077460001594,5.699815800104188,Central,cropland,28.79,0.3654
1076,2023-04-27,25.823176114814828,81.57179602494153,,93.16905700333812,25.14923865747696,5.898776121066672,18.77267307119203,South,cropland,38.12,0.4326
1475,2018-09-10,11.841640421027993,83.3294546270094,861.8464661960545,58.58735031353643,35.07528335940161,78.80981166203497,5.292367908472185,East,shrubland,18.3,0.2679
224,2020-07-20,11.006854265237875,75.69562993357381,553.709021135303,164.95723648560573,20.63640538831295,345.1231195137215,51.885784238628084,East,forest,35.75,0.4169
628,2020-09-03,11.57440286386746,95.946065835713,322.8640273032866,75.27271356815814,34.62947964158534,372.0361340428678,58.621753562448184,West,cropland,53.68,0.5177
1386,2021-07-13,10.093895205059592,94.4331289518089,296.17656380037675,68.91973372386968,20.576095853794655,431.66857676127944,7.365541445739324,East,grassland,11.52,0.1873
771,2015-09-10,31.61515611975937,96.21424790612951,596.7853593280457,291.95614395032396,41.29268771963354,101.81016171243888,9.809546919272632,East,wetland,11.68,0.1894
1413,2018-03-31,33.49110811840626,96.91066759407616,465.601692240006,64.94998754736139,20.28899741969541,62.5072753766973,13.157604294921958,East,wetland,7.6,0.1319
18,2016-09-13,9.25715109667723,87.42420276024819,92.94351277311502,54.64485347534673,32.339520322732355,373.6719946749407,19.462357311706906,South,grassland,17.76,0.2621
52,2021-12-20,28.521938101675588,81.09887937836659,214.76458041456118,204.29705753475736,23.825634657844986,10.32851076555537,25.96755160558295,East,shrubland,35.12,0.4126
1194,2015-09-10,27.90309716136434,92.67128314339284,608.0550678127427,171.91344265484472,30.290134301999288,28.18338472626594,31.91425310625116,North,cropland,46.35,0.4811
537,2020-03-01,34.91655446447109,68.69034145725382,161.28936443674127,109.6054838652122,25.756849597245996,710.7154370819844,31.17828507974886,North,wetland,12.06,0.1943
780,2022-04-10,17.39250786646884,92.1977172966916,947.7094437088148,85.93223004499953,19.45261774782372,10.892687748596455,94.99892282360273,West,cropland,40.8,0.4493
642,2024-06-23,15.708742775641237,82.4212947021192,118.76330607278166,99.41677245462537,9.219019056125472,51.84781540474954,21.335323206609747,South,shrubland,7.8,0.1349
611,2017-11-17,20.233217261865335,87.5233807854191,397.58517749953876,111.26494027041909,41.04549977715736,140.7514978049759,5.46038055254311,West,shrubland,38.13,0.4327
1409,2015-01-30,31.127529783028145,78.84733577893272,778.7081697609833,192.44501027745656,26.43814535369008,61.808928799707346,4.0181378148113405,West,wetland,6.82,0.12
141,2022-03-26,27.67202834852327,78.69007146213767,199.4710641467298,167.01476733881552,8.338819532401658,306.16563915545584,103.10901999073475,West,shrubland,27.67,0.3563
1158,2015-01-06,20.733842977122574,68.91979743151575,150.7853075099333,122.04598936906841,27.81565163878944,538.3544936268052,33.436759160062,East,grassland,47.08,0.485
1334,2015-08-31,14.603196768718576,80.28989348244139,681.9611094776908,121.31989910691671,30.137519939178958,112.11178797292955,24.69133399000315,East,shrubland,27.15,0.3519
986,2024-11-24,27.62942501424602,79.84227166716057,880.8851445718458,209.02266881344144,21.70951529891601,439.2611402104204,31.469267862110264,West,grassland,20.3,0.2888
592,2023-08-15,31.072225437139295,74.51894195417407,420.364282210188,92.97369890561825,21.749872772578367,13.558135910079558,23.576935501194342,South,shrubland,45.45,0.4762
240,2022-01-26,18.798683238822253,75.17237493265326,350.7078219166131,57.35430319464277,25.8809489177601,43.10724790932344,30.975262532897116,East,wetland,13.38,0.2111
1023,2023-05-08,26.051807037166576,84.94004783283285,113.95647152379838,276.04783862299,33.21556538457305,2013.8161233710418,13.837905215092912,South,cropland,9.96,0.1661
703,2015-10-03,18.805724571768152,77.21537183364559,517.0680378594391,122.1276177130375,26.59976071893816,1006.6624487988355,57.696504416209265,South,wetland,9.71,0.1626
224,2015-11-21,20.91932282982009,92.0773053615014,77.22489953429738,360.1116143755234,34.77935182605491,8.041303315860107,11.883308345305304,North,forest,57.9,0.5366
539,2018-01-03,22.172580258782666,71.23016809885493,1183.2052279074533,112.900069059901,32.78731503518145,53.5628851628308,8.139370815839381,North,cropland,19.45,0.2801
1442,2015-03-28,28.944596978601503,84.75170345067626,436.53220837927773,147.38182170126817,24.62729135441894,66.96110576004503,3.703044651765768,North,wetland,8.01,0.1381
398,2023-11-17,34.39266157148114,72.64129708703396,218.79762056706505,88.74261905666799,16.576857444840975,101.98120760322773,15.835833117469477,West,shrubland,45.09,0.4742
267,2015-07-25,19.997886391232274,83.3189781806991,293.75313539132,168.42363842358304,24.639974967221878,369.09866479342685,71.34323758766938,West,grassland,40.37,0.4467
1022,2020-06-08,17.242505168685362,84.02383072155925,547.1237152549337,122.94170263658302,29.158894402370123,861.5547659505943,12.713314848254056,North,cropland,19.98,0.2855
299,2023-07-13,18.086957174754566,86.62663290924614,336.3065682156752,130.94269933811756,26.359360858276816,57.75005278298753,5.060433365644054,West,forest,33.4,0.4005
1379,2022-05-06,11.615004873129905,80.39532347091392,481.57673190596574,155.7532688374275,29.806548990147768,293.8233378151347,26.70439314052857,West,wetland,13.94,0.218
1288,2017-05-06,16.017345921078515,82.77476586874837,191.2084480725615,114.29336479932567,31.18051985689832,144.35768230215942,10.474379248083077,Central,forest,31.91,0.3896
1475,2019-09-13,10.334080158257768,73.24762586635751,1037.8557807470647,165.63867548829816,29.18515132049531,52.89473640077099,94.46856146393485,Central,cropland,32.21,0.3918
1368,2020-06-24,19.553145105839675,81.42744514235356,299.0538397817268,100.23357804629883,24.348028675686045,4.274908670150043,58.82681364975773,North,cropland,27.43,0.3543
365,2022-09-03,12.518646271398321,78.81788128373442,52.086946779570525,161.23005403300527,29.119300849952072,251.56727028547238,5.635608937665648,East,shrubland,19.76,0.2833
318,2019-04-05,17.352982141309035,87.31780203497789,360.4194921193451,50.90473014523921,39.41290538917363,135.34005921450338,16.879591097305156,Central,cropland,44.69,0.472
513,2017-11-06,29.42659923357337,80.6098299813981,261.61727078332126,64.95333864460724,17.06072263597393,97.94282060447404,9.437854307935481,South,forest,19.25,0.278
704,2022-12-13,14.640046565906673,90.60090787842638,991.2881485027916,87.91489040250754,28.92372480134876,12.529691434632866,6.293361916897825,East,shrubland,58.34,0.5385
1319,2023-11-10,24.52115477623586,80.35377085863708,219.799283184398,72.89126455707562,,1031.43458166021,18.992905376351743,North,wetland,35.13,0.4127
1100,2019-11-20,32.33189831971255,74.8373640162448,332.4565140392715,76.31605059971712,18.95246002349336,68.62849473774887,45.52368608545562,South,shrubland,21.55,0.3012
966,2015-04-13,23.307088049797766,75.93697284979895,558.4981755333939,186.5200110105103,32.00660055107549,9.854583104583398,18.509659152198825,Central,forest,47.11,0.4851
1317,2020-01-02,13.232400544855142,69.31327152765746,737.7786657077963,124.73396370365697,32.80830346739976,7.740911382087486,11.987311895344227,West,forest,122.31,0.7098
968,2023-11-20,17.30868723708077,83.6576455074264,1236.085395835605,114.29565920405952,17.138923070546817,150.83832995487612,2.2117044968692183,South,grassland,4.91,0.0894
568,2024-11-19,23.939968593969784,92.09554563310934,236.36853523339758,166.4333878798717,30.274170286509147,157.72840679483005,10.321041549233819,Central,grassland,17.87,0.2633
619,2019-01-03,21.678500773516042,90.30423949770953,1144.9797651571405,172.96325607492963,24.37210459303322,27.261753931064558,34.87620395132537,South,forest,24.59,0.3297
775,2016-07-01,12.012735579476402,80.69589452381567,965.2969651022373,107.30151227237519,25.63732522094088,109.28266058216866,5.249112781704683,South,wetland,4.2,0.0775
133,2020-09-19,20.063501306645364,73.68749029919086,258.2206142043528,241.38960366984267,24.050271648681804,148.62249699706823,72.42576584534325,East,shrubland,43.33,0.4643
1112,2023-04-21,22.66280076257671,93.04104885562613,232.1492038991722,128.54978996718407,,67.3489849514863,11.205056371380419,West,shrubland,24.63,0.33
979,2024-06-11,15.217983290354457,69.64664998730699,648.9224242576832,195.51694766653128,25.327273877603435,19.067557269840627,24.378944269546253,South,wetland,3.99,0.0739
1096,2015-07-08,24.536028914176,79.57745903087232,472.837612402978,100.15119231526845,23.22011879209621,230.91136226601628,13.475333210239265, North ,wetland,8.24,0.1415
800,2017-11-26,9.894322686100665,92.84183912913458,647.7022845469144,163.09959697698318,23.32174691994674,191.7988114742154,6.194632923035962,West,forest,16.68,0.2501
1174,2019-10-10,17.088389906268954,79.4021239347217,369.7304679776665,204.80278960296118,23.954060264665465,127.93471056464276,31.1961925822392,South,forest,28.14,0.3601
1424,2015-12-25,29.71547448499451,71.41838865195184,509.5256799638435,192.94355713427393,19.52278688041678,15.633283276244818,11.045104484825837,North,shrubland,39.09,0.4388
854,2023-11-10,15.000689624520197,75.71253551002809,438.7067986369813,184.02697730259467,23.16719565458314,7.414601707696754,8.731776439859233,North,wetland,7.18,0.1256
666,2016-02-14,24.33977495008311,85.4008538105455,641.3549979436257,97.46172166297231,26.706017748220518,61.239099461347585,1.8661000667291412,South,shrubland,5.31,0.096
156,2021-08-25,19.070802270178422,72.40904132314256,225.06359468436088,71.01434134426852,28.426288519895067,220.16047008100554,73.8980745863769,North,wetland,31.51,0.3866
1168,2024-03-06,16.54442384521166,86.99312447842831,539.334905962327,66.25594453958912,33.224234347056836,259.9682014557763,20.20941830178818,North,shrubland,46.22,0.4804
1355,2021-11-06,32.73555557357072,80.70669600477812,1219.2879392031605,111.38962499603166,27.44587339725054,131.18030503115236,60.737991236139315,West,cropland,38.52,0.4352
1049,2022-08-17,17.268066388170354,77.69729552379513,1172.7160644719381,107.11633345411246,23.15318162241879,27.78006654717028,37.34475252248697,East,forest,68.2,0.577
1298,2017-08-19,14.390249340149495,74.98683893517175,586.4822655569634,174.4315056841454,19.93376003711025,16.341189768139422,60.72967256086318,North,shrubland,57.79,0.5361
1291,2023-04-09,32.551135522287304,91.87656958984458,220.94864824217288,144.42520738981978,27.76692128483961,53.234131224578,11.42558552245411,South,grassland,16.98,0.2535
1197,2019-03-08,28.140497610267,79.50354447643865,1618.5087284852602,67.36700427042304,25.29577531545297,53.996758288208746,5.091356958706618,West,grassland,35.21,0.4132
754,2015-08-12,26.40859226985133,89.4158987025806,641.5080679826779,222.96750025646972,25.494096535914952,287.41953413622275,43.064236600950096,Central,wetland,13.36,0.2109
149,2018-08-31,9.337443435805646,80.77030058648415,1514.2896782774558,158.55156229827284,27.57517710288859,26.587160346643195,22.87852605276472,Central,shrubland,33.62,0.4021
4,2018-06-30,11.542533939325947,70.6641484197166,660.7431087718536,93.86552484978816,29.11633448746838,30.115081267479745,12.599203744499627,South,cropland,18.71,0.2723
306,2020-03-18,25.235179022860898,80.77467327985055,30.047369327722272,102.74522426782461,27.61841134481882,1190.9262568182087,42.21237429264135,Central,shrubland,17.66,0.261
646,2017-08-24,13.654686586209026,82.72294561233716,1611.596360123549,275.0500657835132,24.976891380531793,559.3824204669205,27.333979404253725,East,shrubland,25.58,0.3384
1115,2019-08-15,14.092225612019696,81.27742361130792,873.0489239625362,72.89423035098919,21.19170917573941,14.52439047865752,38.051422709512934,South,cropland,18.22,0.2671
683,2019-04-12,29.036739914277486,91.6710096406999,495.0986527537648,,22.323291386743787,494.2926983075312,7.225421484093494,East,wetland,1.92,0.037
34,2018-04-08,15.71997361859745,94.41468912224785,86.33632026518454,123.04127459064532,31.089558950752576,10.146992743372357,53.3896262437657,North,forest,119.82,0.7056
315,2021-12-16,9.932857158101733,90.81658158111998,939.9707607986294,127.4734028024409,23.458482569619676,28.471737434639486,19.992742326120617,East,cropland,23.92,0.3236
1468,2018-01-20,8.98366257736625,84.90067516411783,656.1913236206583,166.90738783611226,17.92374324537523,33.77209106507039,59.43422099580687,East,cropland,12.26,0.1969
1482,2022-08-27,19.96580565562277,83.70204885609184,1920.0953731572715,56.4922293703863,32.957448089073395,48.599467102540764,52.89206462196089,East,forest,148.43,0.748
565,2017-07-04,24.662471597485442,86.69386487358611,1415.1183402005522,158.20972017400513,20.345729046615084,138.3289446719667,39.896874701902995,North,shrubland,46.18,0.4801
1207,2023-08-23,31.45990130157868,76.34707859674187,,202.7632469188501,26.211482622842134,64.05294310658356,17.97305674243055,North,forest,38.07,0.4323
1078,2018-08-25,10.99171866588126,91.54355853831187,574.9793234675602,109.7872136031552,28.94697851125671,137.28938970180027,40.83621144178519,South,shrubland,27.36,0.3537
1396,2015-05-29,13.310166309784,92.84859715050617,555.9860072092083,138.42080135264555,26.019310253226667,29.881474491722628,60.9946132946425,Central,shrubland,54.02,0.5193
1331,2016-07-01,22.30461649450172,75.74929773227308,661.5298396182478,364.1529294710444,11.131172625730793,95.71106714398086,36.84547682029163,East,cropland,2.37,0.0453
943,2023-01-21,17.830925780533327,94.18172803606225,282.75299894037727,213.85193548127407,28.342927979640358,61.46391518908203,24.596332482756246,East,grassland,21.86,0.3042
591,2023-09-19,21.028511183628353,92.61324899575835,506.2634412949323,84.1735483800768,33.95877950075247,6.803960630895753,40.92940872165368,West,wetland,41.34,0.4526
939,2017-02-12,32.951365522573816,80.3101162569928,431.41608958213914,106.18212023170003,30.71919336799914,112.67587261039688,11.873339452686176,East,shrubland,32.9,0.3969
478,2021-01-06,22.71207465434655,94.36100586068963,1122.7345055366402,121.02941751475106,13.256036108027192,63.05977289691403,91.28528017879479,South,forest,17.87,0.2633
522,2020-09-27,19.20825648652605,71.49273082053374,1280.6486253379176,220.66995414377206,38.76346593801621,18.711449855146075,3.736586953886488,Central,shrubland,28.44,0.3626
913,2016-05-03,34.71487748089311,68.81161021705812,795.5279512754736,84.00370267900524,18.044890688394148,28.868089264204112,20.788557617831895,South,forest,37.9,0.4312
857,2019-07-08,9.76082308728748,78.08813794222758,243.8826277851251,193.2109289246172,19.529483242132727,29.94968727203442,13.38376066576012,West,shrubland,36.91,0.4247
871,2021-12-07,33.167063106021644,84.397635265993,1680.400290523265,193.84910935812968,30.691265561223748,37.811840274872495,10.581511780966592,Central,grassland,12.91,0.2052
577,2024-08-31,21.544869735768042,78.19183582145313,936.5939291807168,142.94347836875647,28.7170487053539,763.9002218371985,27.253882830872424,West,shrubland,30.64,0.38
613,2023-06-21,21.60142111971273,95.31996427646942,628.5969194992164,224.40854936624305,26.48201063143885,1255.6161138532682,6.5177185184274595,Central,wetland,5.03,0.0914
15,2015-12-24,32.89303702348665,75.3865966425992,743.3408999938055,88.72506129675662,22.583562546821344,0.9147924911844103,172.76498427128888,North,shrubland,237.9,0.8263
902,2017-05-17,21.697747449012876,76.15518841418769,137.86634302938464,247.01445393148646,33.9851403693789,113.55208101406465,5.196028385152916,West,shrubland,19.55,0.2811
863,2019-05-13,19.836991444314016,86.4100007638008,432.0417268212976,49.413971773812634,25.76404489891016,228.70364819090324,7.758057469383195,North,shrubland,22.03,0.3058
1403,2016-07-03,15.357191987164374,68.11205258790953,1188.610427559238,83.74432336372715,16.605097942252684,39.483577777168286,7.059091513164218,East,shrubland,14.68,0.227
756,2020-09-14,25.788052704070363,89.09915451828337,130.9934813399528,50.14248932234567,33.39379969987078,219.67191266328925,24.495712847592706,North,wetland,14.15,0.2206
701,2015-02-01,23.380417456453564,78.94661500970156,126.97192507383792,91.57259827945266,27.315709957803048,652.7874202860793,55.398034016946376,West,wetland,31.13,0.3837
101,2016-02-19,13.787326797590143,96.35468816165559,940.7143210737875,195.63051542976012,32.690040243727815,6.974335223621109,33.98797907359095,South,shrubland,80.95,0.6182
295,2015-06-22,27.154148706655768,88.05111019786271,706.3390767774306,170.57516316481411,29.435291740734947,66.72921275226211,87.56175292665839,North,cropland,37.65,0.4295
507,2017-12-14,25.390345148089295,69.51423369738795,132.6436539639308,157.50046138148574,40.34973647723413,1027.7433606450336,8.782243988735523,Central,grassland,13.47,0.2122
565,2022-08-14,18.7280148735766,70.68620645351723,401.81681436222823,90.75668310713114,24.140178369246634,8.527975960277024,38.81168893719023,Central,grassland,78.66,0.6114
544,2016-10-09,8.118824891395866,70.5568751008006,628.5983851184432,137.21391415613715,,45.931515254774354,14.827200479524866,North,shrubland,39.08,0.4387
591,2024-11-12,20.05769105475707,95.62604553686637,575.1425126841036,,30.318983863758753,27.86591022055902,25.231018261809023, North ,shrubland,36.86,0.4244
1153,2017-09-10,8.163569162516797,87.83749469531004,665.266283510321,92.91228941451524,24.177246285159754,264.49943365880085,60.866387497468764,North,cropland,16.26,0.2454
196,2015-06-13,10.024959211074076,80.40057421137914,378.2845840995634,95.30233713315894,30.815826252981747,325.9907219854693,3.6977690625616173,West,cropland,7.11,0.1245
498,2018-05-09,19.62646736698252,73.8139980065209,597.0886781952514,97.53556108100666,8.31552160407395,69.65058067373991,147.0846929666156,Central,shrubland,34.89,0.411
244,2022-06-23,10.211836873003847,93.33555264663829,794.5237962513174,153.22590921241334,25.56330046504594,57.30076333531884,17.37019839482386,South,cropland,15.65,0.2384
461,2016-01-25,15.442966712253488,73.84512190246888,751.814782006589,186.86668816632368,25.382045188001257,4.14241202003154,4.0284129634344925,East,forest,14.77,0.228
1026,2015-09-20,25.698266951092148,88.4936972777987,387.4018514919736,208.54413126997417,25.16470871907117,461.51002747663716,10.045778385250399,West,forest,20.99,0.2957
70,2023-06-28,16.332614250454313,90.13640648481504,847.3790709103515,120.8585558850808,20.738438308949323,32.144794573887474,22.24918173689379,East,grassland,12.36,0.1982
509,2020-12-01,34.93651204128078,76.54502657680683,219.68071457984502,114.8964764824516,31.436737031277794,44.102321038021344,10.043482860379022,West,grassland,30.28,0.3772
35,2018-06-06,32.740154915704494,82.64252737794862,293.7098634359507,103.6227087706657,22.97333105736838,234.48689557825267,2.5911636214074245,West,shrubland,12.24,0.1967
1432,2022-07-22,23.80336742380914,74.46668918723343,939.8007531489839,180.96675392727636,27.201646400431915,73.43491569796123,22.12701061020722,West,cropland,25.25,0.3355
1090,2023-06-09,34.10757274314312,78.98896006620944,835.0358611663379,57.7747546854566,25.77701816171387,246.10614475570972,9.759590440378144,West,cropland,6.77,0.1193
365,2018-08-04,31.436466949678096,95.98889755012026,415.56573837640224,129.4387444973447,29.00218524712278,134.97845916255048,38.518550336911666,East,forest,99.63,0.6658
297,2020-08-10,16.61026000869315,88.10100300497848,288.6574082348524,129.88079610991005,34.58576479342332,74.11964347153499,6.900629500971275,South,forest,27.74,0.3568
148,2015-02-09,28.239098641603352,92.55181197952494,322.1473748341217,195.2121083250342,27.170623131280205,86.9787723325728,192.7761269278735,West,wetland,77.03,0.6064
709,2018-01-22,11.694458168106578,83.6773875725355,770.1865987668103,67.7472474457459,31.04838215828896,10.133440345863734,33.5698747082787,North,wetland,58.51,0.5392
1130,2020-12-12,26.482888458226007,74.93215252238933,670.6503245435019,202.83489251034698,26.869221031037526,43.66425507644448,24.45401569227713,East,forest,55.32,0.5253
876,2016-12-20,21.259209315353672,88.67351584334861,273.5078092732453,175.3903940174496,22.96395083644106,277.5692842220115,37.454370915969264,North,cropland,35.17,0.4129
1321,2024-11-27,8.454300359826266,82.51647086292643,830.9845301890786,322.9823464856193,25.15065478064035,14.182941241364547,3.249456215992163,West,wetland,3.91,0.0725
515,2024-09-14,15.404205204540009,73.12861717510471,401.3137453239853,292.5353010748553,24.298745711463127,18.67313541178151,12.219608230243264,West,shrubland,24.49,0.3288
417,2017-07-29,33.79531986991471,79.9604667989281,226.3375450858576,239.4696830930223,29.408972791517208,14.593315317944318,119.46468094203559,East,forest,70.35,0.5845
717,2018-12-17,16.52745009738898,86.41036635147287,349.9519640317107,41.373451901442834,26.639912253615105,68.72210407939204,14.583158118832413,South,cropland,13.33,0.2105
303,2016-11-22,12.899270293138898,89.3246238437849,535.6570710961,71.60105325510548,21.23441250462799,447.5522448446644,18.862469038754448,East,wetland,11.54,0.1875
1463,2020-01-14,13.063349057449624,75.0534030808202,810.6543093391317,224.8523412266185,24.668226415320785,124.05685785085704,12.597526911419594,West,grassland,28.71,0.3648
278,2016-03-28,20.938758145332624,93.4039228411306,774.3861791394497,127.80248741172034,16.84449980554348,2.0845565154626993,86.87828035284976,West,cropland,35.28,0.4137
718,2018-11-27,30.751529498104443,79.00698210516566,463.06092934423566,,24.892380868097494,144.4505883892513,15.72679114041354,Central,grassland,6.8,0.1197
783,2020-07-19,28.466047658600356,75.86296481888971,583.4806469222035,144.7363643057505,26.007835207425494,28.130795967001955,5.744050932368687,North,forest,30.7,0.3804
85,2021-02-11,19.79500420351991,73.65848160815801,432.64881378333814,191.81365147336575,,117.22246371667397,264.7577144164152,North,wetland,59.75,0.5444
702,2020-12-17,13.635625852797935,91.32096869768624,273.92503209992685,184.9579431553248,34.09071236506685,43.63020723696953,5.078300000434175,West,grassland,22.47,0.3101
682,2017-03-19,9.24375230275916,78.27077267401582,476.4796043212433,142.77967565322703,19.795552414121698,15.018986474171838,18.22181988089989,North,cropland,20.29,0.2887
389,2022-12-01,20.491018626033735,82.01857180875011,85.55981256745582,226.731499194513,27.210616515990676,49.04766657656553,8.655592957976273,North,grassland,22.5,0.3103
191,2021-11-29,29.998934409991175,74.46177488335239,1297.0630244429349,199.40701761109406,27.315861884732485,28.156967842300233,9.95822576216888,South,shrubland,24.18,0.326
67,2022-07-11,27.701413827046473,87.89664106389901,572.40060204437,75.50981362288877,24.61737588341126,86.6236109639313,6.959917030592234,West,shrubland,24.58,0.3296
12,2019-09-04,19.03222072593576,90.64996881902024,689.6044851350981,376.55507003328813,24.9998688507127,14.454306958101602,11.704903295305385,North,cropland,12.86,0.2046
722,2023-12-02,24.05697214177521,77.84333221964691,284.1607052539362,71.65207937089693,23.87630154024682,10.103129408613928,53.73331778988087,South,forest,65.6,0.5675
134,2018-11-23,19.778656065547878,95.40730217577067,568.8243306572479,95.08770730508641,37.236250921299835,163.71428947903345,2.9982050045098774,North,grassland,24.11,0.3253
1438,2023-01-20,23.633434964334803,68.88770767724685,639.8536233842459,190.1887623276045,23.502894479396335,288.0860591665359,70.86719145857847,Central,grassland,16.57,0.2489
367,2017-01-12,21.972641598625827,71.85534999494718,416.81244751066686,,28.04562286159561,130.3322148249565,59.644268993514686, North ,shrubland,29.07,0.3676
978,2017-06-21,26.38609820337929,85.07482391525423,434.3288062917779,207.77653731539385,10.825819197624995,20.631947995285316,33.41681588877683,North,shrubland,10.27,0.1704
1010,2020-04-06,21.708138775394346,88.340798999403,159.5621191969277,125.5753761628563,30.941410300399134,17.991422156945745,22.78655063705036,South,forest,56.2,0.5292
743,2020-07-21,33.39649695052408,75.26980669576271,1579.399313972643,179.06756356406706,33.10552884351462,19.61444236469389,26.486606544787765,East,shrubland,40.82,0.4495
1325,2022-06-16,19.556760902705527,84.0680618098491,280.69392664620307,98.69741986754669,19.687819825396268,207.59569096084067,83.38033000403111,East,cropland,10.63,0.1753
166,2017-12-21,8.429740182072194,77.23320116424156,311.73561113231784,144.71083626550828,22.92867949946948,15.838231188965532,3.505086732417616,North,cropland,7.56,0.1313
351,2023-09-21,14.382085456042581,84.06858812302612,1352.2837689488335,274.87386622130174,28.70902112075828,205.62636595588896,41.56629779811046,East,wetland,13.54,0.2131
378,2018-04-18,21.516385168879708,87.12050265516332,712.5236503416737,71.43336815871669,26.11676416647468,141.93294619578214,9.524124937596538,Central,forest,32.18,0.3916
203,2020-05-03,22.595440000993875,96.21143355350267,815.2681951448844,233.69696286335497,28.79821754311534,349.53037658405844,45.86707420871304,South,shrubland,24.05,0.3248
442,2024-04-24,22.914389311425445,81.21520894061433,149.77450935257258,130.40262974328184,24.27655361255139,269.00490630353977,10.874272247443434,North,cropland,10.57,0.1745
469,2020-05-22,27.292906653292217,86.79826516787003,563.6848499171126,87.16613853966106,37.179592322309134,123.22147838215288,40.72613246222024,South,grassland,45.43,0.4761
1147,2021-10-24,15.415499850673253,84.76313818967802,151.49483386200365,90.56051642563148,21.981559207165944,6.03139438288505,4.269576597965567,East,grassland,21.31,0.2988
452,2024-01-30,25.952399334119885,77.20909192273962,246.96549105600795,128.3736011855716,42.1494482782893,136.34556249243548,3.6966484267911914,South,forest,30.82,0.3813
1315,2024-09-27,27.008871374218746,75.33885981923389,1729.8553067312632,239.0674830540745,33.451543504094815,64.92352819937722,17.938283277349914,North,shrubland,41.33,0.4525
1159,2019-12-28,19.10458032076231,96.64825093059699,209.04523198076632,178.5262364282335,30.992691724305935,31.190681858901637,84.39684557991245,North,shrubland,157.91,0.7595
1352,2019-03-02,18.858565676950697,73.99871848934394,788.7464279750487,67.99549506613344,19.7571341938562,421.2962936787574,34.33909225816753,West,grassland,40.2,0.4457
157,2016-12-19,12.830969212724144,90.91798274515287,227.0195079608013,227.73010771970968,31.458094302169833,43.51024796431929,34.093762944998396,North,grassland,42.95,0.4621
1476,2020-05-15,19.17765915889509,72.25103433960207,251.83044633837088,209.13780519714913,29.623630584083692,24.6758892846624,47.47455168670346,South,wetland,14.77,0.228
920,2024-03-05,29.244039876089335,91.32618681147628,2426.722896920139,49.781102304981275,13.282337583962441,294.73724127755656,13.504508388431319,West,shrubland,15.14,0.2324
1473,2019-11-13,32.54227114984687,73.38612484669689,464.84346911588364,84.92190984208852,17.572398156672655,29.736075279406222,36.99374560436762,East,cropland,7.51,0.1306
532,2018-06-25,24.027556165585068,96.04754267646885,139.3092819409247,251.4013781701723,28.145767558492985,22.89137424472405,11.24953761106499,North,forest,52.99,0.5145
1429,2016-01-27,16.08299927056607,87.893642040661,811.96344842284,143.17311728971035,25.200201670005143,10.067061397833482,14.672647981649597,North,cropland,15.55,0.2372
882,2018-11-23,26.421822403812747,70.61342906659904,1132.5137176030146,227.04652317046703,22.901130742695013,15.954420974060703,16.61241809171976,East,grassland,26.17,0.3436
107,2017-05-13,27.983947634792106,88.10213646431131,864.0915044993931,34.174862412524895,32.473695166732774,18.14538011380568,11.640289235818924,South,wetland,18.32,0.2681
615,2024-10-05,16.969745027077884,85.50500212066501,434.4854449498439,25.665623522278317,20.697324269484053,138.59711669501957,18.801740680448887,Central,forest,54.25,0.5204
206,2020-04-09,30.316792260217763,77.7888411541248,445.7254793613316,196.8631504659616,23.268554341903645,11.838909734392194,15.571493466973378,North,wetland,15.77,0.2398
1411,2016-05-15,9.989787467735182,75.56134393494473,327.891046950372,103.96276192841775,22.117821271898265,3.364373236442775,9.898022784841913,North,wetland,21.61,0.3018
456,2015-09-03,8.290350375200688,88.84406267069642,186.96541682528684,202.44201096311696,29.061015547278366,86.04278743508137,17.45102332739365,East,shrubland,22.36,0.309
333,2023-07-03,11.32021086106542,89.49947981554611,631.2586543485777,228.54181902600334,15.683250801073946,21.09578087071161,23.459278491053286,Central,cropland,4.46,0.0819
829,2024-04-22,12.212225391342763,77.48896961962356,418.16104640713723,105.00883832457632,23.013968888897573,53.28205648537042,6.68680184963819,North,cropland,11.77,0.1905
637,2022-08-16,31.731083889588476,93.41058621434561,153.71821952288758,136.25121942267396,15.663408676023883,373.76376880910146,30.491757781268902,Central,wetland,2.77,0.0525
145,2016-03-28,19.474505959974582,75.79598934776625,473.5640389361926,,24.12274714854863,60.783423940162876,12.259729676088904,Central,wetland,7.33,0.1279
1224,2015-12-25,15.423155683200306,70.02606835326952,282.12920377125005,104.06245157547224,30.338294058545117,525.542820965031,24.488503793893102,East,wetland,9.31,0.157
1268,2016-12-23,19.585028131644123,85.39616749999978,607.6685597584095,160.2012963988103,30.445378971482665,49.292882205357905,10.326390056949995,East,forest,25.95,0.3417
1114,2022-07-04,18.660704102917073,71.10504661211687,565.0390817111813,216.9291518820421,,247.25859246557272,57.42589898164023,Central,cropland,15.06,0.2315
925,2022-08-25,16.13946503567646,76.02325786372808,373.83097757419677,95.52216694794531,29.199931717495577,24.019335501114618,52.25396172816007,West,shrubland,134.56,0.7291
603,2023-05-17,11.723288725123064,82.7084053984047,490.5954743048319,95.25851826637926,24.889019466530367,64.17001051206914,7.032985022471377,East,forest,24.0,0.3243
813,2015-12-20,25.709717473294777,76.30442904836163,522.5723087701589,105.51360014709543,34.166509838470446,13.471118132470682,33.95374543128119,South,shrubland,78.07,0.6096
781,2016-07-13,11.688318875050694,74.23489393018129,939.6072441082284,190.338100481879,25.220222831156306,16.098101392789417,85.30828329217,Central,grassland,38.44,0.4346
247,2023-12-31,28.936460222162207,88.39237703226398,477.2924512122982,227.75278883857285,8.161715826300671,38.97811581029731,7.782061581515033,South,cropland,5.64,0.1014
122,2024-04-12,13.445576358572247,83.86298090066657,334.3265379579916,119.66443285184921,31.368086052265838,7.442441236088607,8.423670340035933,South,wetland,14.37,0.2232
379,2022-04-02,27.747025292599414,92.35307619925814,403.5299387605146,42.906769497161974,23.245404804565467,69.34124933440235,41.89051595541082,Central,wetland,14.75,0.2278
681,2016-01-23,29.75082485377761,84.85594824500885,1502.0922443864272,78.95270406936052,24.354800287103398,34.66948921104267,5.4347934960321975,East,grassland,24.27,0.3268
240,2015-09-08,11.38380226391017,82.01996914143957,234.27321840587675,115.84367613677645,28.01554083344301,77.62347518221706,9.230258526627049,West,shrubland,57.83,0.5363
160,2015-07-22,10.34213574377611,75.57643419671285,424.19325297260553,88.70191274590725,17.45175252155158,7.6157123165374,7.281484566185137,Central,forest,15.26,0.2338
1277,2021-11-30,33.638464807648816,90.96991037764762,419.3304012320955,67.67056863529352,26.447921449271895,156.4284107423078,42.41424593294523,West,shrubland,38.98,0.4381
562,2023-06-15,20.50226378231968,73.70925924836665,433.07991670986496,146.65770156886902,29.2069819693131,696.7457023512801,10.049975947491046,North,forest,17.52,0.2595
876,2021-04-24,25.016358364270687,75.02462391822165,181.04907989101534,,28.184385136778417,507.6537643080849,15.110601675385809,West,wetland,4.17,0.077
786,2017-08-14,8.62803188328773,92.40606930583903,401.81845634875737,81.98076948128451,22.406412493799472,949.428091438538,9.50364834576849,East,grassland,11.52,0.1873
1102,2022-07-27,15.525174875021177,89.49458324614713,320.79488401788836,160.96967221070773,31.95159178112747,58.186099841573714,63.339775751357855,North,shrubland,48.06,0.4901
1109,2015-08-04,21.64573667310343,85.7733311804061,605.672327725172,185.71469561057583,20.015024304524335,32.18524829183517,8.504649734044838,North,shrubland,14.84,0.2289
444,2023-04-11,31.927894461513905,69.12869539281063,1032.1177324411624,193.24530691693911,22.246870205729998,113.45148604354327,4.915531786310592,Central,grassland,7.17,0.1254
1271,2023-11-30,15.32886427423816,71.69047093025706,639.8389329215372,138.42333397999948,25.183991386837132,38.193691051621414,4.726607143568586,North,wetland,9.66,0.1619
556,2022-03-06,28.93016563618543,82.49876634544069,536.879417045478,69.70757000878666,27.772810155631092,4.012218283764196,40.19166495039842,East,forest,139.67,0.7364
1252,2023-10-15,25.87974906298495,89.64382878100383,685.1006642089283,216.26774548256307,24.052740089864052,186.59663790334676,43.20106408298032,Central,wetland,11.99,0.1934
607,2020-11-09,11.112310730755114,81.45892506156288,573.5275014479582,54.51644055557076,33.37152139400956,38.41304750417587,70.00415220130064,Central,cropland,116.26,0.6993
166,2019-09-06,15.921129665383907,68.50149770802871,487.6331020034017,131.06648149019404,27.77171728160691,6.043424590072424,5.691800801473182,Central,cropland,19.85,0.2842
1140,2018-03-22,14.422328983842734,73.34382996133783,915.616289699368,124.14766017187789,26.453947782199208,25.47191829753537,15.93930156509683,West,grassland,42.39,0.4588
45,2024-03-18,19.94824486447871,85.07423428898633,393.3725738062249,73.08851762318474,27.560816954739032,39.74602242244856,227.53393853525944,East,forest,124.7,0.7138
1158,2021-12-20,25.154024562284775,88.13229473095174,178.77103990984563,105.51311799026806,30.397435585770204,55.57585127689295,14.845301012077847,South,shrubland,22.95,0.3146
64,2016-11-26,19.702333398729678,68.96942106864523,312.18339354506236,189.99081437771372,27.444649358846103,56.586333356265186,11.433999933922708,Central,shrubland,11.91,0.1924
310,2024-07-24,14.60248754529876,69.25662085035451,279.61159146820216,131.04664965803067,15.142899001105508,425.6126318313198,19.667947485983788,East,wetland,5.49,0.0989
905,2015-08-05,26.788726742163437,75.57799334823453,1770.630759229124,60.43855948310409,32.537053184173224,7.9025798250868755,34.12228785427663,South,wetland,35.69,0.4165
1412,2020-11-14,23.780719557210226,70.42154916621038,1072.979117428931,203.45000573940067,26.71805124845659,43.457512673785416,33.55658844380171,Central,grassland,39.33,0.4403
612,2016-11-26,22.02147550022368,83.71644073360757,541.642073939244,318.3314812017503,30.10911684333048,14.60777960027497,10.865240813656534,South,cropland,9.05,0.1533
180,2021-08-21,22.969329131041416,71.58735747674373,285.5865852162362,65.6037534092604,23.564338843801046,359.33402112106035,11.18937548478801,North,wetland,15.27,0.234
349,2019-02-15,13.991317449933236,86.79836071214126,909.3633734459866,136.76302742034753,15.03970072347855,23.519240724589643,14.93249845012048,West,cropland,17.22,0.2562
1344,2019-05-15,26.37163864949632,90.53953425992002,526.5649359632268,139.39291393001736,12.326542280753982,32.598140397637984,9.678562190618234,East,shrubland,7.29,0.1272
1090,2021-09-17,18.462514459546746,96.14498324881109,394.03289375968274,64.62385831743049,20.33379326385338,263.6290622930182,5.84295652884155,West,shrubland,14.35,0.223
150,2022-07-22,17.81363113271053,95.50380188749372,529.6949687316192,255.606331834411,29.103765421145305,398.28277130000004,122.48046141781938,West,wetland,27.24,0.3527
577,2018-10-19,12.042823623202803,75.92758935682306,402.3119729562084,140.95079810403865,33.78734572978566,497.1716341491257,13.370828894303507,West,grassland,25.61,0.3387
396,2024-12-20,24.11460803286205,68.85287847607201,679.4694580619075,219.95201211292476,27.811827351655502,4.642859075363345,14.150597185533911,South,forest,27.97,0.3587
266,2019-12-25,24.271939084755676,77.55295426724128,164.08759724243603,166.06014803073575,19.686635543755017,112.65963053951481,14.598421350898246,South,wetland,5.4,0.0975
1269,2016-08-08,17.188117378996267,88.54592344266695,676.121125880504,250.8786242416883,21.295255138138117,81.87350358856779,18.53183380767749,South,cropland,5.58,0.1004
926,2015-01-24,31.21595153536942,69.73423506890364,401.90491616817127,164.85053371499927,34.16469859190706,50.560001609897476,31.02395876996857,Central,forest,67.85,0.5757
269,2017-01-08,30.827363265316563,78.43166707247143,923.0501533725147,111.75081654046659,18.1353147767507,60.331367949744944,12.614011202500167,West,shrubland,16.18,0.2445
976,2021-11-27,10.944466275025645,76.6430018788603,1089.6957563092753,182.77435151343096,38.61063728908618,375.65114559239464,62.76223439095995,South,wetland,29.33,0.3697
620,2020-05-22,26.766036470867792,74.36102343875032,1247.8046756456608,90.05010929134892,37.25622515494777,259.2735911271048,36.51838671033165,Central,shrubland,84.49,0.6282
92,2018-05-18,18.633538416995602,88.47779188717914,1856.3014337915642,191.7721244359998,38.80833241921931,209.63540181715823,16.594999074062816,West,grassland,36.58,0.4225
674,2019-10-24,34.99230097869811,87.11381314570684,1219.5200109286693,81.89420964671217,28.284208924906665,74.46813365633157,10.31671480476939,East,wetland,7.53,0.1309
277,2023-05-18,14.075638001485615,83.52932872699596,903.5605397871909,134.30719979465277,23.950851094409032,1645.6425052217178,59.43757106876429,Central,forest,53.84,0.5185
367,2020-09-17,15.574153546191214,94.41246455076633,186.0376868221188,120.82802479953932,28.138077596909216,29.936118681097167,17.08084759721196,Central,wetland,29.3,0.3695
1318,2015-08-01,19.936869953004642,70.9910267291779,44.69656545265079,158.96695976411573,31.451509706311654,4.835854641023551,5.796467902072551,East,forest,45.5,0.4764
1065,2015-06-29,15.255309014377906,72.3409875098658,987.8401016464024,271.14920690354165,22.095344565258085,36.67641765149977,55.76043252320485,North,grassland,26.12,0.3431
201,2019-10-26,26.683820892435882,79.12004069736298,245.87186873522393,103.58261378702349,19.392780573043034,59.5375149532334,9.715004553979046,East,grassland,21.36,0.2993
1277,2019-01-15,20.984519028899975,87.02057950402411,2702.1743565897077,212.99692672193112,24.296381035816022,385.5905852437921,47.87056354948655,South,cropland,11.92,0.1925
861,2023-07-02,13.963728540937584,84.93829947511695,124.03559650550406,254.97688922211535,21.3661533348058,25.369125539448465,1.625364876217124,West,forest,10.43,0.1726
1311,2020-10-28,21.67209987613719,70.14723793657002,877.6427221605685,209.77356575625873,33.44531887190216,114.07374338297502,13.892338328184712,North,shrubland,55.88,0.5278
1120,2022-07-25,31.997269691856037,95.79431930864756,572.286389223063,158.37315835457696,22.30142291762411,5.954418734762065,64.0695108328708,East,forest,52.24,0.511
508,2020-11-05,29.394682464951426,76.84687967738036,138.77939826895988,154.31715371672107,26.573848799584056,276.47678421909416,20.188855214462922,East,forest,23.52,0.3199
802,2018-06-14,21.46838095952417,78.41020579970973,569.742869460101,100.14480019365875,31.898243123647056,60.49006409312354,36.53005285284495, North ,forest,71.78,0.5894
796,2021-07-27,15.789300284832589,86.08526417225929,272.7192146575197,55.11077800980167,33.67905386207504,35.843630941922264,8.150418399383545,West,wetland,26.76,0.3486
1079,2021-03-18,12.856934546968251,95.4098000063323,466.0284493077932,143.58088054508946,27.251355691128328,1336.0578260546383,28.43740132492829,East,forest,40.07,0.4449
372,2022-03-13,31.716337684046177,87.2179589339949,470.95834459214683,265.97265883855454,28.30577741967951,271.74404695041693,20.161044794627145,South,shrubland,24.11,0.3253
499,2016-11-21,27.1745073934648,95.68842655688343,276.0269724615557,284.34819609154306,19.898056234979148,11.47576226641072,25.61899491124999, North ,shrubland,10.0,0.1667
367,2021-05-30,23.44840918498138,73.4401424457939,374.95173261654804,62.05532654858882,32.13833988154342,46.33568219417552,154.35882184983083,East,wetland,68.17,0.5769
444,2017-11-07,31.744735440749047,85.94548794021512,254.2709887305825,280.04332699473247,33.58113945378361,3309.258118965601,74.03882640501361,North,cropland,44.63,0.4716
241,2022-11-24,11.285637759100416,92.03748786441226,89.45792651624245,187.0390948063886,14.777881565485277,1062.3356216683194,44.344706539146976,West,wetland,5.86,0.1049
54,2022-12-24,26.427210722055843,82.76170957939057,535.6684484999225,176.49030048766718,36.577674923213735,217.9890201914253,44.90814318078494,South,cropland,18.25,0.2674
1410,2021-03-30,13.851232435157263,78.50303659905087,1215.4105884646428,264.98949866025805,21.796043198778108,3.419272450149989,8.09174283000428,West,forest,11.21,0.1831
111,2024-06-17,11.25559090743165,96.55799737092444,267.2072325956745,227.95403732181242,29.56778532881164,402.7135068298849,12.53808627122834,West,wetland,10.52,0.1738
1331,2020-05-15,20.571429770187194,72.08863287150315,1628.0681959001301,81.12013313646374,26.465370348895327,21.056772784218577,4.338021036256514,West,cropland,19.5,0.2806
4,2015-04-02,18.45960910363755,79.91695629833104,1851.0606110059848,,25.637744923336545,397.5325832876772,5.6429932206836515,Central,forest,21.25,0.2982
1166,2021-01-21,33.41168745178001,93.32783882425915,350.2804226966306,51.01592945999788,24.760892130338817,18.46722005784828,8.276880741199,West,shrubland,27.28,0.353
492,2022-10-09,16.747447762299043,94.1139416486717,418.4111868254089,172.5277919356045,20.044620007858665,113.66372623091286,19.508990632658694,South,grassland,11.03,0.1807
776,2016-01-05,30.002360994404064,96.43108094523345,355.8030729594381,86.6067951862105,29.142968063887864,20.896382552414043,5.90022981995154,Central,wetland,12.18,0.1959
423,2016-01-17,28.218329012645306,93.66058017566706,188.64334887685825,109.61176400494008,24.2837319874659,31.6608067932884,19.313992117345098,East,forest,42.6,0.46
735,2017-09-24,26.033944491580478,69.47775373623496,419.9679396618074,249.36173793247679,18.143466072053652,138.83621848979172,17.218260745130106,West,shrubland,10.31,0.171
677,2023-06-09,32.8508127699216,94.96322848919716,384.2865645719221,184.15141680172783,19.789971869305784,7.550791294542574,6.46091670721715,South,wetland,4.8,0.0876
794,2020-04-09,19.013964048296238,80.41684855079677,528.8979660938579,186.61175097359828,18.245322417851696,1917.2114722406388,92.35010693075961,Central,forest,17.52,0.2595
589,2024-10-04,18.521122021537373,86.89695643624088,550.2613356279982,372.8080132671807,22.85245669818789,11.695074838249555,5.341327931445076,Central,cropland,1.95,0.0375
804,2023-09-22,12.345580436700754,79.43400020584646,175.79214489465153,19.86341461455338,28.910595850594156,10.753966474768399,61.39477990871759,Central,shrubland,143.26,0.7413
1238,2020-07-18,15.445576038366866,91.59637422179291,759.6135460966335,89.30035537785515,21.73329169640672,139.44923830100086,2.107966583072575,South,wetland,3.12,0.0587
651,2021-10-14,31.75396431364351,84.70165901336021,416.1188883025385,120.47259576351486,31.852649340419735,379.1423411665624,17.42257512765553,Central,grassland,32.21,0.3918
542,2018-04-23,20.808317588606936,92.52079463406612,208.39675815106688,92.60030495959873,25.28471312349582,33.59730482219176,6.0640334649978005,West,cropland,12.08,0.1946
197,2015-11-26,17.21653969914918,73.61937267410225,408.8657628492572,219.044829477542,24.263570468951777,10.944052673469088,10.438963358953488,North,cropland,16.71,0.2505
539,2018-12-26,13.835025487218621,73.36450974789217,565.9296384592719,128.01913630360812,26.100592581776414,13.68679688285763,122.75057555915305,Central,grassland,111.82,0.691
188,2020-12-01,21.093926756577606,80.77092724595882,1368.1660463211442,76.20574098468131,34.37092959053793,11.646091655389094,14.197024323105051,East,wetland,56.55,0.5307
273,2016-10-27,27.349965002542277,68.13779480391193,1225.133990580041,164.9950698310084,,86.68401065761927,6.655550731252733,East,shrubland,14.35,0.223
1428,2017-03-20,15.740684687341036,88.09273569199149,326.9716240813806,179.1434442003275,35.93820182851486,49.15707679623546,32.70852892742243,South,forest,-1.0,0.5872
134,2015-02-24,28.45834606194166,76.58555810643232,438.29628748717255,79.83560409639747,31.760960653547812,103.41488563410635,14.072929859663619,Central,wetland,8.97,0.1521
723,2022-05-03,25.0042699175728,84.16168104021905,247.87715442615882,131.33014014758388,25.87006102977561,94.37763629315371,23.352713040223584,North,forest,46.91,0.4841
1251,2023-12-27,29.264189188572015,70.03010325336456,633.8342343566467,181.2826378095298,33.09815410862068,188.00497636204503,8.048980550017431,South,wetland,4.09,0.0756
1429,2023-04-09,14.774559979622632,72.94868642209812,341.6001305213025,256.35815042182253,24.065162887554123,29.520471451850252,8.4552163289033,East,cropland,5.35,0.0967
220,2018-10-18,25.037759907792225,86.06291593063605,426.95180266397233,97.96014957997289,27.71407025196185,18.041828934756573,9.136882080196784,North,shrubland,88.86,0.6399
245,2020-12-06,12.150852546198731,76.86421618622025,1011.6575908954691,191.39949779081275,22.751512954749604,69.02309112173688,44.631198948415886,South,wetland,6.52,0.1154
558,2024-08-07,17.822518518445193,74.22693633498338,175.13695216143967,106.01860539427372,31.79885098331176,50.27535445213912,16.009307112211026,West,wetland,9.97,0.1662
831,2020-11-28,27.557722560755636,74.63654852342528,1227.0161111571156,149.65641245365165,21.756466368585997,79.7923808270253,7.040926428309913,East,forest,24.17,0.3259
1439,2017-12-15,25.055046410658267,74.22976157703937,679.1132968156888,83.92044375846808,25.691793265989556,18.77320502327584,23.613520926807062,Central,cropland,16.35,0.2464
311,2018-05-20,13.072239584113092,86.0626775334859,1188.8132802494174,188.48391523793276,30.074832909951176,143.0688430262669,21.74708054411813,Central,forest,48.57,0.4927
246,2022-04-08,31.175252146498288,72.86304521961425,842.6323544093204,234.992882300019,32.289137848929094,9.322586220826363,35.64478304636023,North,shrubland,46.28,0.4807
379,2019-06-17,9.44047652331991,78.51848441621682,950.5563710928124,134.36109188287418,21.073069749386708,28.202849273490358,12.40623001337257,South,cropland,6.7,0.1182
1311,2023-05-15,24.070823589949537,87.94871910221012,509.50702244004725,125.51756970575597,30.518829410722194,296.9494730441786,18.586369493812985,Central,wetland,19.8,0.2837
45,2023-08-20,34.56315350625337,82.89646066308187,203.57643227611703,119.35114106999812,20.108089513242923,10.004425663753361,30.620772977785325,Central,shrubland,20.22,0.288
570,2015-05-11,22.35062775975421,85.32114525248903,307.2125487815624,71.31407647730042,13.098015046346426,263.8457279435337,7.320268262428019,North,cropland,5.19,0.094
178,2022-03-25,29.61813913890436,75.2763024044487,260.4085266540538,207.19040264840078,21.511618116615278,6.595258226762256,48.72649181994847,West,forest,77.85,0.6089
235,2018-09-12,24.06988627610576,95.04873132179097,,253.1133315024849,31.007959856457905,5.064022806835648,20.418546463606432,South,grassland,19.99,0.2856
1375,2020-03-12,29.1433845029208,80.00249820117374,1010.4364774602276,94.94093097855405,25.926698726132916,5.80782769335802,6.679126308836321,Central,wetland,12.42,0.199
2,2017-08-24,25.701041654592753,76.3219541617577,467.0851686118034,160.0449804100861,22.79001216946284,65.05345072795454,6.62982026289609,East,forest,18.19,0.2668
482,2018-09-06,26.660564392513276,94.2254593376957,242.92737558732773,185.917507167088,26.33286994094605,163.10491199966836,18.18507920718149,North,wetland,14.41,0.2237
1373,2018-04-20,14.15090107933237,87.00339884266722,1804.496467614643,105.03616688377606,26.13439803810053,379.51387439332876,11.585730245392984,South,shrubland,32.62,0.3948
912,2015-07-03,28.029164666468777,85.80443003101506,2324.183842800242,,29.731391293185958,336.73832185214957,42.71741241293042,Central,cropland,38.02,0.4319
107,2022-10-28,14.423566939936931,93.71530491281888,155.1256187770482,161.55453949663178,16.329740453446114,199.14792242939166,15.078171282478465,West,cropland,9.92,0.1656
697,2016-06-05,34.47728742884988,69.69766830187015,419.7183756567485,62.008427423971646,25.38588225899289,15.679040527679673,27.195365258693336,North,forest,78.29,0.6103
1456,2018-10-03,14.150254155952528,92.29270584821982,398.82129482587095,241.22560391736923,26.745663629249144,15.475292178332998,8.596704082539253,Central,grassland,17.95,0.2642
600,2016-12-05,14.39046809713672,87.65806656484793,226.50915559414716,32.321077398549065,17.807779016874463,177.98307869807496,19.628920686030007,Central,cropland,9.34,0.1574
792,2016-08-09,31.18417425306433,78.43979104862375,994.2515328658536,137.1432487785181,17.725505472592186,460.33876309848966,74.85373022233337,East,cropland,7.25,0.1266
797,2018-09-24,14.560618272996116,75.43418893319182,68.56417988702233,114.76173335746246,23.81174948610566,11.626519820024914,17.32016981968483,North,grassland,35.14,0.4127
990,2024-03-07,17.74437542426464,71.03937109656518,1506.7923739723965,199.4095835702979,26.05114569962075,380.3146776382679,11.554047818786156,East,wetland,9.89,0.1651
280,2024-06-08,27.29528435183373,95.29115093715401,525.7840151894947,106.94566116102638,26.072276150333177,3.063303159240041,8.46715914148082,North,cropland,12.08,0.1946
1259,2018-10-25,12.286211665258607,72.11545099655655,1706.59873628745,274.92936629872577,22.66190911194053,97.99217621109756,19.712037113132194,South,grassland,6.6,0.1166
1482,2020-01-18,12.29493738034256,75.52371753619565,493.22531639062845,245.41848864395305,22.415992442197258,46.7254553370889,82.21310915690432,South,shrubland,22.8,0.3132
213,2024-11-06,21.131677428198714,88.04210820751463,397.6751187444022,293.5699137919551,23.628942071124385,40.193905624210934,5.136672880737863,West,forest,19.21,0.2776
1227,2017-05-07,14.579812364283626,88.59442069869378,1048.5136059644476,362.4826219906112,27.79113056809246,57.220183586520434,19.107526474626102,West,forest,76.84,0.6058
1225,2024-06-10,14.362764800363905,72.66229243347523,,184.49445335914473,33.467726040759906,15.171288378750853,3.61874794477867,North,grassland,18.15,0.2663
1112,2016-01-21,8.249450878299843,91.6098036622032,1519.844278496877,143.77530941818634,12.67761868133528,106.6035861484238,13.32414482370193,Central,forest,12.37,0.1983
556,2017-04-04,18.002138962344596,82.7983308061145,105.64793425966323,104.67669657860662,29.738012727810954,59.79982420216439,26.12177777606,West,grassland,56.07,0.5286
703,2018-05-19,16.592764974696887,92.60524366533815,1263.1740781762092,193.50168792822316,25.33309003283912,222.0643541682631,4.135568979711293,West,forest,15.58,0.2376
1258,2015-05-16,8.8412068923201,70.53127630557879,,357.51598092291954,29.154333686593013,593.2320246058991,12.873751271188771,West,shrubland,15.4,0.2355
229,2023-02-25,24.773295811768914,69.242069973717,454.75781142168086,59.63262993318618,33.11326002356593,66.04757852548785,26.856811070314485,West,forest,97.0,0.6599
1243,2023-07-20,24.919689914090558,86.47272106333614,375.8835307302255,71.61689836689534,21.46924354510055,15.98934320979144,22.900027039906348, North ,grassland,128.07,0.7192
1380,2018-10-31,9.91161273788879,72.3506901161847,307.08158064482865,168.48072295559916,31.66582806738348,9.906105745656967,28.18974522261088,South,grassland,51.57,0.5077
1022,2023-05-11,16.560122198555234,83.2235223262657,423.3789974307995,61.4752815314446,18.47574281403243,697.4129668774793,7.579167486410107,West,cropland,6.39,0.1133
512,2022-09-20,31.56574936387574,68.40915401925075,219.2061330772944,59.97150296144781,26.765595396603533,575.6843378743004,26.84575488916177,Central,cropland,25.26,0.3356
838,2023-01-04,23.718510842603617,90.61794855589781,1268.2690608788039,257.2606373980612,24.5448993839841,206.6563803690909,11.023085698407586,West,shrubland,19.43,0.2799
75,2023-01-08,19.123317548323673,94.08637493517655,834.3556156542336,236.90991161784964,26.27767680804433,59.72680133184952,41.01875284731409,East,shrubland,35.24,0.4134
1397,2020-09-24,20.55775206853059,92.32760009696435,600.9342651587623,101.75585354984523,20.065794290903,185.4431452478581,1.9924173700360182,West,grassland,8.25,0.1416
513,2016-02-09,13.623559849766739,95.79223158136213,375.7572839600106,,28.621300736301208,386.3323740371152,15.0351474214143,Central,forest,29.78,0.3733
85,2024-03-24,29.920800519114056,94.1897768851049,324.24113701475585,299.27453542827175,35.51772359308868,21.608019832489955,22.173039076878215,West,wetland,14.43,0.224
1191,2021-01-30,32.678127047176126,80.87652253042059,698.9142352339799,82.27591431078893,20.16885877510173,57.093652928698695,77.4344715694986,West,grassland,29.54,0.3714
986,2024-01-03,32.58792914075118,79.55209804486574,615.6667968049652,68.14134208340393,27.137873129979337,10.387952223758745,21.906798856827688,Central,cropland,29.75,0.373
934,2024-08-01,14.04622857569209,93.98932637117474,1099.2359110818338,83.80467573573787,31.13523872647408,44.9885296926024,24.24682671433314,South,wetland,16.44,0.2474
81,2016-11-14,16.389987229964337,94.88122506535959,328.73010768316584,177.34805191627652,24.2195556310073,553.5822382781803,29.238613869757664,South,shrubland,23.31,0.318
1126,2019-01-07,12.336814919857494,96.21224250122307,303.43702387640576,387.6212789933408,34.16235752933994,275.28906268262944,70.32217623879096,South,cropland,9.41,0.1584
955,2016-12-03,16.294430608072453,90.2811998104407,810.1618842590625,105.55166096845367,23.421869951487707,66.85393748515735,13.709727094878865,South,grassland,9.79,0.1637
1190,2015-07-05,16.98574504731021,73.85767606830004,933.0255746294182,255.63865321644698,25.30223178080723,0.9609338806888046,4.937696888688733,West,wetland,14.46,0.2243
1240,2024-08-28,25.093854900745157,95.40366994721094,2210.386696135967,153.45837604298202,20.04107482144057,20.415839524372743,4.077372247249436,East,forest,13.42,0.2116
317,2024-03-24,13.120452301799364,95.46710253767037,100.11240477262149,43.14547538988562,26.759542142418734,63.66334385766015,39.02471877939415,Central,cropland,38.78,0.4368
315,2024-04-23,32.82371695792908,87.31780955347617,1315.713993277991,107.33508370189568,26.01813767299382,39.49325391965912,25.108514061190338,West,grassland,46.92,0.4841
1385,2023-10-31,10.783685692303369,92.86112772413506,564.1672663080915,238.22439045635656,29.8154074690692,57.34919873187638,15.54373293799966,West,forest,93.53,0.6516
796,2021-06-26,8.185706297926993,84.27411621375461,344.36454302247273,231.8719335830103,22.182763757466237,78.56174545120321,11.177530283156257,Central,grassland,14.17,0.2208
656,2020-03-20,31.083518473024395,95.37968141693996,705.5743802383593,99.02686516440404,21.908026252696555,24.519748678459933,24.066785744181775,Central,forest,45.89,0.4786
430,2024-11-27,27.001784809683343,70.72415550117064,688.1082889523688,206.64947087194165,28.77495270739989,53.98485667455526,24.77222898496893,North,forest,71.53,0.5886
958,2020-07-08,17.59471649961196,93.05494719805836,352.5303453401907,135.6293853766292,34.383142940447385,43.63392391458357,32.45419816254795,Central,shrubland,57.53,0.535
1130,2021-06-02,24.078492059573186,69.60960524207704,108.47387207802551,173.90760150582764,,19.014388813395932,6.62819864414103,Central,shrubland,12.11,0.195
3,2017-02-11,14.0356907226593,77.83410451432259,1318.7915146310659,262.79632672077986,37.08447349166687,870.8820015842286,3.4407670756122646,South,wetland,4.62,0.0846
828,2022-06-18,12.54652051342515,71.9244436358426,281.59302237996627,101.23292714703015,29.331844827331718,26.71732325594461,8.056450873715264,South,forest,63.83,0.5607
1490,2023-03-10,20.721026648745514,81.89491768142446,246.02763003427444,117.62066494233326,29.11575713512621,1.8564873504043464,5.201105195865264,East,cropland,7.05,0.1236
420,2021-10-12,17.536071402465943,74.73513858178163,304.8778015075054,265.22417914140374,30.075757284019517,792.2672645498964,4.938561356939125,Central,shrubland,11.09,0.1815
421,2019-12-25,24.61121136445289,95.61009900068592,901.4193330058121,367.25881440592553,34.92902453467498,15.341875081368608,96.51865921406447,West,cropland,26.33,0.3449
1317,2016-12-23,13.89002798314785,84.22031867594887,387.7146458654186,223.5729934207555,33.42542039670312,210.57934621064464,2.081311089318291,East,forest,14.95,0.2302
93,2015-05-04,25.899047915136705,94.03419135280802,309.86251255895576,168.44872844840285,19.49073060134738,19.661656262965305,32.127254180779055,South,cropland,11.15,0.1823
596,2021-04-08,28.705261048175956,76.06369560248338,672.3414758338798,222.5446735464122,30.803491325660428,128.24175627010553,49.749390610861184,Central,forest,68.96,0.5797
687,2021-10-29,12.499175861768808,68.75334923845027,605.0303705201326,107.01369682958162,27.59213903479105,50.79403670551217,53.918014027403466,West,forest,115.51,0.6979
1196,2022-09-21,9.184173652283732,90.49399510683372,315.526205907248,148.9287407808759,24.835789904666434,244.8133922316684,26.50231313533608,North,shrubland,57.07,0.533
193,2024-07-01,19.868859133136148,88.36895213918719,106.31572962676995,59.571359920815866,15.362425067255476,39.62434264039669,75.1818387461836,South,forest,62.83,0.5569
651,2019-12-21,28.898650321795802,83.81925772455162,887.4447432018596,108.32394560647995,16.75903453843833,20.430321362605795,119.50996188138244,Central,grassland,38.79,0.4369
228,2023-04-15,25.57105556050185,91.64493916214717,613.3485846400074,179.38680588066586,23.813196679321408,80.28074290782865,14.846571317912957,West,wetland,17.64,0.2608
1181,2022-02-27,26.950806451193966,92.36244680679584,72.66514379381594,160.06412849028726,17.212450949391535,30.761453695413028,31.42085047091053,East,wetland,8.74,0.1488
948,2017-10-08,18.876662179820947,85.04919593252704,1446.9715365301997,34.682115930217094,23.937459087476512,3.022972805529992,71.93724072854873,East,forest,109.32,0.6862
745,2023-06-12,14.343529721832887,96.01190596376418,69.11427147204796,127.27695846669872,30.28604751657174,22.14803779723332,8.482801095034171,North,cropland,12.52,0.2003
589,2015-07-14,22.358028768684456,88.87164648090248,262.71566532214183,158.4029129613033,22.51426205926306,4036.5815591262535,15.722488771836549,Central,grassland,14.63,0.2264
229,2020-12-25,13.517873731228317,87.62938590871623,277.52540493686234,161.5534389174976,26.50077561650742,3.553527105862025,10.742184073668597,West,shrubland,40.84,0.4496
1382,2024-05-25,27.608174818596776,78.48123198420072,319.3689860518411,,,78.38046571652556,31.84810798367849,East,shrubland,12.36,0.1982
971,2021-08-02,13.318094310905881,68.06549877940022,310.90283298812085,208.6327676472277,27.792603709824988,37.92672306160427,3.0098816127209447,West,forest,27.76,0.357
478,2024-05-13,15.86410820128722,74.98733754293116,168.91130298997808,341.29927408712547,29.048812348817396,858.0220880218912,84.48947576647615,East,cropland,11.9,0.1922
620,2015-07-24,21.676709014721148,90.15369469762427,571.0065118761515,221.2702967510245,17.46239445791515,10.313384613259373,34.25376769497257,East,grassland,18.21,0.267
1089,2020-04-27,21.141168221874363,88.58626637867805,991.568349355792,148.98401650975188,21.48868222041207,63.55814488557787,36.23194439283912,North,wetland,14.19,0.2211
1079,2022-10-20,24.222933162989793,77.59964220007274,565.303444508643,302.8726165024442,18.396978395555866,152.82546609791981,1.8902060586835017,East,grassland,2.87,0.0543
691,2021-06-02,19.81100421349776,86.14190626161472,638.2063510763586,107.17910247580281,29.055288780907112,41.723227809356295,7.0983396621644905,Central,forest,91.42,0.6464
454,2023-10-19,32.825779329772466,73.66333690472098,394.7922142428039,195.14047527765368,26.984039363289085,17.26481159695003,89.1632688157288,North,shrubland,169.66,0.7724
989,2019-08-16,30.67822054332408,75.64520385880228,549.1355322916511,140.81204026429586,25.70172923458652,52.81027371022088,16.820428495585514,East,wetland,15.83,0.2405
987,2021-10-27,31.736063183389238,95.47483472317239,673.1825108544622,304.54657801007335,25.230310771152084,34.320938993862164,3.5820529552238543,Central,wetland,3.83,0.0711
899,2019-03-13,24.996947427892813,79.98223661513224,834.6767412047261,85.73554301940541,27.937012612595545,34.176772582739495,25.068752690916284,East,forest,98.18,0.6626
109,2023-09-19,25.145213728241774,75.10464023466677,290.4910810747384,85.61676998190522,28.057108952068432,220.53767011774667,39.613029974027306,North,shrubland,65.76,0.5681
709,2016-03-11,24.448364460330613,82.12613915833074,259.6097808890447,268.2704443360005,23.026535037118744,99.92544669692954,34.174931564486705,Central,grassland,22.45,0.3099
920,2017-07-16,19.74187216937932,79.22346051383361,45.72648292431609,188.06041515484412,22.18641917677751,124.91709983555289,17.280777997983478,North,forest,34.39,0.4075
1425,2015-12-20,16.696862028816092,89.15634208312406,1730.4852029960375,279.17265191615303,25.64602882977879,89.60797065696418,62.52481972816101,East,cropland,17.68,0.2612
788,2022-01-06,23.984077961119496,95.90136708823556,1658.8791098729125,90.39270943573027,24.861590612001613,230.4008456965844,9.954134715297988,North,wetland,-1.0,0.2288
514,2017-04-29,8.689359602738158,85.16038530927307,480.97532687348615,99.76676569677791,38.36409335029591,386.21320087626646,34.469987997549936,South,wetland,19.01,0.2755
833,2018-03-03,8.201323648442681,85.14326842117053,501.81043621565436,171.70870440693406,23.696631965773513,35.51411230499182,22.989041444828672,South,shrubland,22.18,0.3073
265,2023-05-12,30.994329310012212,78.58018190298101,1378.4194150616968,61.09109517589058,27.737991872686273,186.64405593620486,17.58266818357581,South,cropland,8.89,0.151
136,2018-08-07,9.2534492089958,84.37429702728356,174.0223668698655,165.62245117847866,28.795558929698895,7.8124417312901135,13.749510935578153,Central,cropland,12.48,0.1997
1017,2016-06-16,22.16946905900229,77.260537125227,237.1498395634248,116.63332101174998,34.40314574368515,1.8597016070680548,14.245023342946364,East,grassland,22.81,0.3133
1479,2015-03-18,24.604669599640417,68.03167015505791,1435.6050492228396,140.37840426745302,21.13289244952319,845.2289614230906,20.743924657868018,South,forest,17.78,0.2623
1269,2017-04-07,13.350623199805762,93.11678901347607,391.56361606568623,208.00174676655703,34.037886974850025,33.114204842657074,14.988439465276782,South,cropland,19.83,0.284
875,2024-02-21,32.184732633159,80.45387848012945,208.69554487192187,213.41347870460254,25.115626554074954,79.73504973429066,41.80725595378625,East,forest,62.84,0.5569
60,2020-06-25,13.132585837206125,82.2705660665659,701.5937566023317,332.73280405639025,41.008071377878416,8.690029258220715,11.751897110332692,South,forest,26.4,0.3455
1481,2024-12-10,31.881904658900215,70.42152654735192,291.9369296809529,247.99809282317167,28.175613315356898,8.109080065745692,96.37925653984705,Central,shrubland,81.49,0.6197
674,2017-02-24,28.60073727199195,92.27620488875637,1273.8806918745524,43.96320455300726,18.626425223894795,18.73857367495421,11.238343762363327,South,wetland,7.47,0.13
434,2018-07-06,14.500059745153237,72.93977504095012,545.7897071786542,89.73854222777648,24.817047964142688,143.21494229703924,50.40451634304343,West,shrubland,86.4,0.6334
1338,2016-08-18,12.070092489454526,79.90801360474516,301.8059269788353,94.0396099661217,34.01761614396952,25.15824810098158,52.62634585388781,East,wetland,33.78,0.4032
1119,2018-12-25,16.538283175028347,92.36770086485257,315.7407688708074,235.37038744396057,26.489246926467363,32.99362381756282,23.70917645366411,South,cropland,9.43,0.1587
1124,2020-08-18,18.744665289297416,81.27570526619206,677.7278407088497,308.93758614228017,25.642247554417374,17.871966750477423,21.688018826057874,East,shrubland,12.56,0.2008
416,2023-01-28,14.636186265470933,95.00341772852745,430.1085726954764,72.66469325683374,30.313982983206103,313.77687180492654,9.689404649070882,North,grassland,21.24,0.2981
1487,2018-09-05,34.970071816369426,74.0701147992,386.8172353059798,238.3747997891837,23.930013855994677,200.89753734375975,11.976286268620376,East,cropland,6.87,0.1208
679,2022-09-17,14.200613078468688,88.74175206868837,857.1027989457101,149.13426393572325,24.73560094530238,26.410921779174647,25.02270458526075,West,forest,64.02,0.5615
797,2021-04-04,30.42714032853714,96.36195718329009,1391.1315391028886,42.81682720925449,20.3319529404107,152.34906954865266,19.199119168337035,East,shrubland,13.26,0.2096
1126,2017-12-01,12.296179171442764,83.93879547938901,775.4246458442364,138.26550908071266,36.37292468579834,37.793778414942615,65.56776421358381,North,cropland,56.45,0.5303
989,2024-02-12,34.46660488245058,88.0733330606758,272.849429094882,106.25878390801425,18.66433232451481,32.90669498111958,12.748456510181553,East,cropland,10.67,0.1759
258,2019-05-04,14.08913337364329,79.40357312842924,197.29481814600402,128.22357109827334,27.01679995858093,50.67505805402092,13.543890215747483,North,wetland,26.22,0.344
453,2016-07-05,19.38559097915699,89.7887828520386,822.6315560257344,166.038887778,28.8793072884916,143.28719134070897,3.801019776004471,South,forest,9.54,0.1602
541,2024-08-14,23.081229802733475,94.35734763918815,774.342736494559,113.0627900921366,25.918093280489227,14.320623880521504,38.22645685515948,West,cropland,47.33,0.4863
1421,2024-02-17,11.247714309214519,88.38861144446534,365.043346238863,183.33176174664936,,116.0002012856509,34.9255558986958,Central,grassland,12.56,0.2008
1071,2015-06-30,30.054141821935737,95.1419326300484,436.6632093657737,138.5856207746786,20.007415833733198,2313.9966492071208,53.36109359163512,Central,shrubland,15.83,0.2405
549,2024-01-08,15.416509382382406,85.07092690777698,286.31097939154165,130.58304678639274,29.135101510139712,71.85726857048958,56.45457145004024,East,shrubland,45.04,0.4739
1102,2024-06-19,22.830287343244922,84.73698577307792,201.59013889230187,200.85243735578217,21.320724148423075,57.603143330027414,44.20980245307846,South,shrubland,14.5,0.2248
1107,2023-04-15,22.840112888717666,76.8341942551655,306.5995515669051,174.18724024780232,13.567896665069211,48.122435078102946,46.11397041482023,Central,wetland,6.45,0.1143
591,2017-07-19,24.271297612796197,88.57919724374979,31.505453501081707,35.897245008050696,28.321869936734593,111.86776370128774,36.96859479374884,South,grassland,56.84,0.532
604,2021-04-23,9.498121636156498,93.57662313092851,1117.0311073835544,187.34171388160382,20.765027720265316,4.876336411826519,43.12458775571831,East,grassland,25.27,0.3357
1341,2020-05-18,12.552706569452333,86.743170557739,147.04159195493438,169.22440850978552,29.787315641421507,700.3823914058237,3.1836816791919826,North,grassland,7.91,0.1366
842,2021-03-13,12.352190558930833,74.75813739735891,488.7864890274684,255.9113910261739,24.79027221065429,237.88335094820457,6.687293867817205,South,wetland,3.39,0.0635
224,2021-02-28,16.155384004228,83.7791643269289,56.175779083595046,172.70426049479892,24.50112602891718,20.764113678840307,5.679174998102507,East,cropland,8.68,0.1479
1079,2021-05-22,11.912682235175176,89.92218509159103,756.1742698513646,124.41809364075907,26.313429098102446,57.24388618372371,71.53401071602644,West,shrubland,83.98,0.6268
884,2020-02-20,32.891875660905825,95.24153613130983,921.3524933957425,104.05138837874374,19.169040019637713,23.66453941008192,9.1801215254184,Central,grassland,15.47,0.2363
763,2021-11-25,21.84977016380512,72.54128543609606,522.7622471146946,54.69407383396713,21.047281474414334,85.52874650248845,10.774021487680082,North,wetland,7.23,0.1263
1087,2020-04-06,24.83652898797248,71.69741563803025,466.9746078306447,148.0272556043575,24.440455707472022,59.86106508696165,20.219697773868873,East,cropland,9.91,0.1654
1360,2015-03-02,17.652180735749262,79.97536237675428,285.34928369853964,94.63692648290838,19.13394245137658,76.93418637575088,5.7910901355055575,Central,wetland,7.26,0.1268
495,2015-05-09,15.458645807915612,71.64272391441571,1098.4568122459982,275.1704982842842,30.28290595676986,11.675792416875082,29.386776061799328,North,cropland,24.03,0.3246
628,2024-07-29,21.58578359626975,96.43243846264843,117.30443473458122,151.3597638549885,24.15572611707146,26.514314076495065,2.3859796561320348,East,forest,19.42,0.2797
284,2024-02-01,15.946720320540507,80.30482665119422,345.9974807479805,80.17193866175054,17.30338039009456,304.6266320038381,6.18737127152268,West,grassland,18.82,0.2735
970,2020-11-07,17.278439994703636,83.47470505296924,257.5354143792135,45.84684403797171,22.645826127265828,24.51568119307098,24.50350547726694,North,cropland,37.08,0.4258
604,2016-09-29,20.224273605313144,74.58554565749037,249.7977577216004,56.579675965453866,26.607215389531447,1.0353693238723727,5.802934670335391,West,forest,38.51,0.4351
513,2022-10-23,21.6548095539776,81.02465758257095,1078.8836063673543,179.49864343521023,23.32345727892868,43.55630296540409,73.63445859762689,East,shrubland,45.65,0.4773
1044,2016-06-07,34.57647831810965,96.55612411097538,445.0263788667112,290.9151823432476,28.398895318374137,2032.9366772333224,21.036929452154872,West,grassland,23.84,0.3229
612,2018-10-09,14.029709880372394,82.17192738964212,283.4512979356297,198.4872239039426,29.444218097075826,195.06181223842387,62.30677279977839,West,wetland,32.54,0.3942
696,2018-04-18,21.175356451831476,68.2558938483301,627.995112156775,140.1602584841043,40.410201655718694,22.73217430167533,28.72927537711061,North,wetland,55.63,0.5266
660,2015-02-15,12.03681696621215,75.03329837726828,590.6127951727698,370.8972617129691,32.903865208164355,50.60737589484988,19.847344702663364,North,forest,19.16,0.277
387,2023-01-24,17.449979283115262,96.37519008387662,,220.24092387335014,16.181777933819973,151.379367703474,7.414502243722128,South,grassland,3.65,0.068
188,2020-02-04,27.367389405072917,96.68295788891125,678.3520609773087,173.51783901038172,23.838605090007952,3.9181606946288587,50.863534297998136,South,shrubland,44.38,0.4702
1240,2018-02-28,12.710477881535514,74.10429960337946,461.01468299521935,122.6054585124121,24.400152245312203,15.118384315541977,31.226111723266975,South,wetland,7.89,0.1363
137,2020-01-26,23.696485303851166,85.84265854747176,485.8581353450413,298.4298415140603,29.450425534547833,99.23793128149404,161.52305736849243,Central,wetland,31.93,0.3897
487,2015-01-01,19.250927636336193,70.23034158465703,656.9863185157226,128.93189116981344,20.398483575789733,596.8882206180948,45.988914021949,West,forest,39.49,0.4413
1001,2019-05-15,9.39264769892077,84.74580763089425,224.16779315477515,94.45065311834182,22.812487014809967,28.24779008601587,13.498749124601357,South,grassland,7.72,0.1337
196,2020-03-11,33.193031519918,71.65170034310668,581.5952372657872,143.29870642278019,18.533528744544068,572.7939531254688,26.82734150445452,West,forest,21.88,0.3044
983,2018-05-24,19.16728478790793,91.74118418563708,1370.0681090202913,158.4021199509903,22.38640565905095,17.610839743916216,30.634841653610813,North,grassland,31.88,0.3894
1099,2023-04-19,29.166016465281487,95.24767464046509,523.0889010932927,229.83013428781044,22.610206716487536,0.34018387707741726,64.2613457821485,North,shrubland,72.27,0.5911
994,2017-06-30,19.24046419575861,73.016617433435,372.9082886458418,93.22305092885992,24.12196512286165,166.62008161518122,75.32935958637736,North,grassland,95.08,0.6554
457,2016-05-18,33.308728682627184,81.4186528892499,369.0717608185556,102.92046401374442,18.880923578481458,122.80508387825296,17.0819901644542,East,shrubland,24.54,0.3292
29,2020-04-09,15.842699029580231,70.95924695576439,637.5992320040658,105.94060223661268,31.892154436405356,164.72483665909846,5.95647534769684,West,grassland,16.0,0.2424
1331,2023-11-13,19.130227541567812,77.83506020511628,558.2742292861062,139.34853342900655,28.83328317700031,155.34637607956046,3.1460930483709055,East,cropland,4.01,0.0742
489,2018-10-01,28.489334487000733,69.88783488805527,781.4516630166096,81.14863332886588,17.307021363713297,72.79338470537752,6.426631575663034,East,cropland,5.85,0.1047
1207,2015-06-20,17.27901751258314,75.67184931250539,299.0814758126357,273.5035264259836,26.15583763500457,37.031808231251496,11.114199824515032,North,grassland,18.56,0.2707
296,2024-09-10,17.837640926049843,96.71648634558974,425.50608836043716,56.95349010606819,16.608470721544705,39.21139659490512,90.40823600429479,West,forest,127.25,0.7179
243,2019-06-10,34.86022568218404,69.29349475232065,873.974378087999,302.7536075178567,34.053534356159794,27.368641782150924,91.79019547865771,East,grassland,122.77,0.7106
1167,2016-09-23,23.001592193639503,92.91008155894144,922.2080111923734,218.40966907114688,35.68465023893977,29.94654187400069,52.46572263401784,Central,shrubland,147.56,0.7469
1409,2021-02-24,26.613272249094,70.24612475486904,927.267952144045,90.03139292750957,25.665576236668727,3.609061853198654,68.74464714538576,South,shrubland,60.71,0.5484
1290,2018-03-12,25.373480322147465,83.34091100240344,810.9697546414759,133.45140595633586,20.884128995871993,8.833383111752799,9.900717847567693,North,forest,49.31,0.4965
1126,2024-05-15,30.35395197322745,81.11147398039303,830.2758224051845,98.18702394253106,22.01438403442654,42.728581522365545,4.413571510181817,East,grassland,14.8,0.2284
370,2017-12-08,31.26927768492706,95.0150851405987,580.8273088345908,220.31450699918747,23.277547506345172,1.8940161638809219,7.34097342937157,North,wetland,6.82,0.12
1369,2020-06-30,23.20791557669836,73.7724460062676,141.6158252525954,286.9932342793349,25.3590365844524,2.686502778606022,2.6252639212184774,North,wetland,2.93,0.0554
1001,2020-06-06,15.953014024092782,73.21077844600941,155.52719651874884,536.8132911573449,34.222817884437966,33.068353578734815,6.593239120139348,South,forest,10.02,0.1669
258,2017-06-03,8.615606684524176,89.71270856846714,515.557987706878,192.0846535525767,31.733610861854388,45.0378670331727,12.110259956771662,West,shrubland,23.62,0.3208
194,2019-12-28,24.588887778736645,89.04586471991027,532.6594008629362,57.91725032735656,31.826027022404574,34.12284068773774,23.729136535461254,East,shrubland,48.69,0.4934
1306,2016-02-03,30.28765849817173,88.27627134429116,244.86623476976433,86.14671708041942,27.02346962403709,1.5374712217622832,22.999149821999936,Central,forest,57.88,0.5365
412,2021-06-07,20.164574748814807,68.75768636899905,258.5965432422005,187.22765497987336,19.078329656349702,560.3675092009912,10.078086088990808,North,grassland,10.42,0.1725
1148,2022-07-30,12.447065793253337,75.53883091502234,,136.5040907078159,21.37965974221023,6.3322397097691026,35.47924715701736,Central,forest,81.86,0.6208
207,2024-06-29,15.778215969262305,92.35696015777468,1899.6988191030182,216.87649561949073,26.364327578914583,16.00271498308145,10.273423475773269,East,shrubland,23.16,0.3166
420,2018-04-04,21.76970109682034,85.4248855222464,207.4503112325959,175.11409464642182,18.793399418935447,8.226396116053202,20.288306805282037,East,wetland,8.19,0.1407
425,2017-11-07,30.590392912396997,85.46365270123327,357.68725168171454,90.78277961293506,27.82389770331264,383.1958800387484,6.619486228087022,Central,forest,9.14,0.1545
421,2020-06-26,12.637334943847357,76.58158155673954,908.8791808884037,125.17248924556793,30.830741128462087,102.73267058659195,59.66033009717436,East,grassland,69.0,0.5798
1012,2021-12-03,24.528046644156884,75.54501956815149,798.1650895895375,222.17100433984112,29.272072351749948,26.846496231735145,20.508401376545155,North,cropland,21.25,0.2982
1371,2024-12-01,28.340952576664726,95.45009175252939,614.0102404417535,180.226788026165,29.031136837509994,24.155598039103864,39.59983754952877,South,forest,39.23,0.4397
1365,2015-04-02,33.27328304904023,89.10490308674315,85.32612632409224,218.10813790512975,14.802304100261598,71.47801008350203,5.952472103682195,Central,grassland,8.56,0.1462
1112,2017-05-19,11.150999675329205,71.67911741625329,407.2777192538856,69.64617412689383,34.00013478002658,8.41628524132244,23.913046082815107,North,grassland,57.17,0.5335
303,2017-08-15,33.01257412244305,95.19350132216915,1569.6715938658679,94.36464127164236,16.595688019807916,96.65124655770087,35.59957589370537,Central,forest,21.57,0.3014
1440,2017-07-21,24.239623449710948,84.88873440272359,251.19019803203784,263.5782708461859,25.083504716925063,23.97550643234238,2.601615733119388,West,shrubland,12.11,0.195
813,2019-08-20,28.700942860671724,77.66750864175556,242.8556611950904,71.2890546563413,29.711261262716445,119.03990498651424,64.59241581187112,East,shrubland,62.65,0.5561
818,2023-09-22,9.451917158350998,79.51704394558836,1329.5643219823255,211.57417294891735,28.15158515590894,113.13522302626473,5.75791491868616,South,forest,17.11,0.255
1052,2015-04-24,21.66600020229607,89.03673080022593,458.04820070663715,66.51120110764755,18.332982037724232,22.41168719246894,24.801402784362146,Central,forest,42.87,0.4616
1153,2023-02-25,24.81100120018143,78.91190689889642,92.83009979618976,157.12477633199802,19.410046262577822,2.511631950163664,120.02534371163671,North,forest,171.26,0.774
1429,2021-03-04,16.284513676566686,84.7835991744396,184.13819701206899,115.51166644330988,27.72242973444069,37.70384740144807,52.19063185147276,West,wetland,43.65,0.4661
873,2021-02-23,19.654555618733824,88.60448540280373,,90.06445526486495,29.065070082616945,6.2076998072217116,4.527011824729211,South,cropland,11.09,0.1815
915,2021-10-11,22.966049652549145,73.66587492187297,592.554970567045,163.68595938398474,19.356776932323033,61.43329971901221,16.809847870169424,South,cropland,5.9,0.1055
1118,2016-02-26,22.918794373870455,95.38300310103394,419.60454165056996,257.1067301108676,28.355555833789857,37.15662921078125,68.95332019435739,North,forest,90.9,0.6451
382,2022-06-18,9.130261185984628,78.32901037162688,233.3956985436616,,16.908359121835616,22.601305727901927,8.87488150899611,East,forest,18.62,0.2713
461,2017-06-24,19.866007697630096,80.16186795523052,424.3158099410615,40.006945147689805,29.746335543822738,7.819781236046616,14.01488890733989,North,wetland,30.93,0.3822
938,2020-02-29,13.773090179390234,88.2569166681668,251.03484133129717,138.58422817871815,20.696949069397817,323.81869264082997,13.627878899769884,North,wetland,9.24,0.156
96,2021-10-06,32.750767108304444,85.65476759224515,1630.7628282176809,89.55163455036084,26.483080747509227,27.645875747144256,35.51797568758392,South,cropland,22.01,0.3057
480,2021-01-13,34.367659733330015,80.7634752712362,174.84092665533166,224.49862198395977,25.475613846226967,1863.1544958133013,4.318933823453102,East,forest,10.02,0.1669
1076,2018-03-25,16.090466201505865,86.84251916872296,338.5899372537546,115.32737699140944,32.96394396746761,57.535054998270255,37.56640690082364,Central,forest,57.47,0.5348
1464,2018-12-16,12.730005725778586,94.18202091958929,300.19900202941386,103.72651144013412,27.452780172202026,92.51622573875626,10.77470029866364,Central,wetland,17.26,0.2566
779,2019-10-06,13.926612075605263,91.20822488271713,304.3249806882734,122.25454113224993,22.405388872156905,57.905842809598646,19.859113006036207,East,cropland,8.69,0.1481
599,2015-05-31,20.89931089452975,91.90351128868843,193.7756844932433,257.04028368356757,28.157556233265044,91.13642819674024,16.040691506856522,East,grassland,21.19,0.2977
660,2022-04-04,31.611651176055815,75.49384384845207,1261.8312349337348,184.84587009610803,38.85447943532587,281.190113085,36.58970222359084,West,forest,87.3,0.6358
1028,2015-12-31,21.500977803316268,80.16269712963148,1996.5583559394865,82.2026069303317,30.440737527721012,286.0994552838853,19.667348927039882,South,cropland,22.16,0.3071
816,2019-08-01,9.495585666313037,84.06075510796772,646.6265457539148,69.58090506454961,25.644997917597827,3.8577666647320585,84.81177949496484,West,wetland,89.34,0.6412
34,2021-07-18,9.076911273254888,69.281533755683,606.3055388318757,300.6074533900433,20.99832217197214,197.0083472012989,54.024036192951954, North ,wetland,10.89,0.1788
808,2015-10-21,14.13955553181691,90.32397323094241,112.99263789672578,102.35679253882687,22.301050996353705,115.08938966831073,9.067325093061962,West,shrubland,45.35,0.4756
600,2024-12-12,30.754824495454578,77.38043930803758,1241.087880218153,260.9284474830638,30.07995752981138,57.61818898717093,78.67282255880828,Central,forest,57.13,0.5333
1051,2018-10-08,24.779975053448887,76.19528626318942,250.85154957597612,135.61702762115283,20.68518456606996,712.5331128323462,27.643932241873586,South,shrubland,20.06,0.2863
1312,2015-02-27,23.199862052229868,75.51946827132825,99.76147597087834,95.19670055399081,26.016132566474813,756.838756569545,23.80470728794758,North,shrubland,24.92,0.3326
1443,2021-08-01,16.612178999731338,76.21799869718187,732.9922114192832,99.32193905795204,34.625713474036466,212.0653336593955,46.90897642262443,East,wetland,36.31,0.4207
915,2020-07-28,33.094485936247054,77.80243013257713,1024.053716974032,139.04053725038085,26.902354358141928,24.160015591431275,7.091177352548857,South,forest,14.96,0.2303
543,2021-05-26,16.941812613977575,85.53991218420862,1232.7223725087717,38.812524233430146,19.52520925221541,9.12734911467194,5.055929576226197,North,wetland,10.34,0.1714
665,2022-07-04,30.54349914162956,84.92339433510183,342.1439618451219,96.95602158592378,39.067087116035665,169.28779545243566,20.59279931443565,North,shrubland,82.94,0.6239
264,2019-10-03,32.18939498534887,75.41564085445438,310.3147973547089,355.4715153287982,36.57468978767546,419.59935436365845,10.953928542824762,East,shrubland,25.38,0.3367
1403,2023-04-06,21.05004535683569,73.98630402062302,570.8936218520844,408.674442412007,29.007059350274556,2.603907906829783,159.7673303508958,Central,forest,61.18,0.5503
1270,2018-09-13,32.145810275980054,91.96438751206935,419.6942269542486,102.58388211329411,33.654532468034525,278.50669417119127,9.352813300389844,South,wetland,32.61,0.3947
1280,2020-06-12,15.473688759558271,70.68897679261462,743.4528460697054,205.94156435599956,24.398121913194164,37.25185320180104,20.91041474258577,East,forest,18.36,0.2686
492,2016-08-01,25.777702506948447,82.87186239482689,575.4051021307392,182.2495186474174,30.3467268659927,3.620078636451347,24.336188299081513,North,grassland,64.96,0.5651
483,2021-03-12,10.37502121015843,83.09626535148901,233.28552252277046,75.34143286665785,23.458761168915487,110.39824454377302,68.8048447001317,North,forest,92.99,0.6503
1284,2017-08-12,20.796223780494635,84.64996739753703,1259.983079771512,207.72177096914916,17.86750982027027,213.59463296687554,7.429354503888666,West,grassland,11.53,0.1874
816,2021-12-18,13.867958658275393,93.68385336130694,746.6639088149358,120.75655170331223,41.55153566504406,32.232556519609055,4.006566343363376,West,shrubland,50.63,0.5031
1056,2023-01-02,9.694608504126277,86.09350426274827,1007.6239901682535,,17.560771600260175,11.178229059103632,80.99883786061368,North,wetland,25.47,0.3375
734,2023-08-02,8.100588718095759,96.23537922119267,236.90019807035347,228.86918580936253,27.785348786347445,712.0416382152237,21.76969541577234,East,wetland,6.37,0.113
664,2024-04-14,16.768307143901826,93.2692394171131,731.3770678190118,125.16333176449068,27.715260111069025,20.026262166959103,45.1388151467118,East,forest,166.61,0.7692
948,2016-03-22,23.917326052492598,74.22746752512913,878.651181551542,124.41574606838896,29.09603350513711,310.81829349101577,47.308843159821926,North,wetland,18.47,0.2698
1219,2016-05-18,20.291219386581247,74.99431599653373,558.8152676834261,196.24999020687395,25.461894402848916,5.643048943260215,56.26139372958841,South,forest,51.39,0.5069
501,2024-04-03,16.147771060026393,77.99844994153995,191.78958901148928,264.845713995442,25.52450094063136,101.90159283702275,13.765101765852584,Central,shrubland,11.5,0.187
1213,2018-10-22,34.76240083095878,79.35391803732381,520.4482963713674,190.61554380337836,26.83047040034196,97.63741169193231,10.496741163722291,South,forest,13.07,0.2072
366,2015-04-05,33.3671760794513,84.03685848892317,821.1724881489461,127.6809962730704,28.87921088804471,202.3753233480637,2.728475324672111,West,wetland,4.35,0.08
604,2017-11-13,11.392639284612414,74.74286635399383,1055.2357048925169,250.71386875451748,25.98910183141862,512.5893769472552,7.426825879782486,West,grassland,15.26,0.2338
1369,2023-05-11,19.207900520049357,74.4480102522992,123.33704757897516,178.43851210085114,25.589833125050625,16.111856548585603,21.373484073468674,North,wetland,13.18,0.2086
1431,2018-07-19,25.51886721782749,79.0603087636743,550.5611426720174,293.47457242516776,18.07334034236375,119.24284856050619,9.960265783200082,Central,cropland,2.67,0.0507
1385,2015-10-08,27.804251533308292,87.48867028316981,152.76421088743223,332.95836318441866,38.08209481818427,7.029734390279473,6.417952475728448,Central,cropland,9.12,0.1543
474,2022-03-20,17.892048182556238,87.95564277978946,828.7447209130113,189.01064468819027,29.2141948958142,6.911091427480229,21.124247674207687,West,cropland,35.36,0.4142
1264,2016-12-11,28.149608943854386,96.3073854611684,983.9976475689627,282.9796864496485,27.25344056782493,22.93119309703009,76.93354854662468,North,grassland,50.23,0.5011
1404,2018-07-11,11.352050348588314,73.87004758373261,,287.2670456745907,22.25319623396234,100.88597401332588,18.9913604165591,Central,cropland,6.74,0.1188
1467,2015-01-15,16.95894088195803,79.39291540385244,183.1652588095164,143.0932009501444,19.978314842900932,675.3977186823954,6.470027825130159,North,shrubland,8.27,0.1419
31,2021-01-06,27.343695745409438,95.97564744023275,298.12428263931827,287.2249396003273,31.159918688285217,887.5087538118165,71.69526554061592,East,forest,50.74,0.5037
1117,2019-06-14,24.893435337030127,88.01025353730101,431.9026377337359,157.51059172885678,25.040825689492774,32.061726772619934,9.261653080513707,East,forest,20.58,0.2916
1495,2023-08-31,30.604675801264683,85.17607721983856,265.9742625515979,217.90560466474983,29.72638750743737,86.34075096802945,88.17925426210265,West,cropland,42.64,0.4603
1147,2018-05-05,9.265139612013186,83.64973549063906,880.925766421529,149.3642753501046,17.8870991977931,224.64203908861506,15.438531080486056,North,wetland,6.53,0.1155
349,2017-01-16,12.70857638122231,70.18980102395145,1058.9701282538215,62.66993114782545,35.281129063859794,172.09971250649238,22.267542113597923,Central,grassland,23.9,0.3234
1143,2016-08-28,9.309353721343093,93.9078404556614,533.570637456344,381.2915001087946,31.408264612456623,42.34349823017615,95.66888123283016,East,cropland,54.19,0.5201
157,2016-12-31,13.187084054728706,86.13965124703812,273.5751852726567,213.49710797483044,25.513623843412145,61.200634489059496,5.199188652469709,South,wetland,5.12,0.0929
720,2019-07-05,8.115635887089246,84.578354829913,419.8321272294098,223.1557656547679,28.805752510537445,46.280866144381164,7.0279476971434285,South,grassland,12.35,0.1981
939,2015-11-15,21.613678145329388,83.64550995633344,533.4662340018233,165.57993261876652,30.446026157208895,39.94242653848875,14.489902657533985,West,grassland,44.63,0.4716
684,2019-01-08,22.264488680342897,79.36551201231224,405.6775716198785,286.1798687700752,17.97811669751318,32.716657758132754,17.462087402176472,North,wetland,14.75,0.2278
1049,2023-07-17,25.76307809796186,75.38527604946589,461.2610590684932,20.36483270802727,36.066961348327524,45.627575744469844,282.04588781569777,South,cropland,185.7,0.7879
360,2022-09-02,18.392636074428175,89.90433757470004,1002.0213764822062,141.3681456161759,28.8995659884978,29.703915663421878,8.264247478997108, North ,forest,35.47,0.415
909,2021-05-14,8.086607648499967,82.7774580150882,258.84874480334804,146.39028897133653,21.77538627480378,9.943046964877642,5.450746137917578,Central,grassland,9.75,0.1632
967,2023-12-04,26.195061169006202,68.9842464363874,1720.2302429022782,82.79196627753265,19.42045006001263,199.1125862059299,7.878717216745873,South,wetland,3.37,0.0631
950,2022-10-18,9.46585936919364,79.57374049339273,545.4067458074331,174.5459249612134,31.922586448304283,118.43764278725362,25.33363719318233,East,wetland,8.24,0.1415
433,2021-07-09,31.386601632079085,94.92950550846214,388.8574113369746,278.82033267025224,,911.316825715841,32.85276012702801,East,wetland,6.76,0.1191
458,2023-08-17,8.611657668114308,78.84294228468502,253.45541461811592,142.30396743838637,28.895605417592563,95.03802079261392,9.903744407597452,South,cropland,12.2,0.1961
386,2016-03-30,22.322828327929077,79.98375722984164,272.4787950794799,76.29456132139168,26.159987327337678,29.211421408998426,20.512534605927875,South,shrubland,41.98,0.4564
692,2023-03-06,32.162782824409064,86.09487256859603,496.4738397605342,249.5455223491335,19.983537864943692,21.33495761421297,140.49927646556282,North,forest,92.49,0.6491
878,2017-12-14,23.457218546297064,91.24856931066059,542.5792056723974,197.20555361692595,29.0517067395687,58.61842699687481,20.804482782184866,Central,shrubland,24.37,0.3277
543,2022-04-29,24.42725215668611,87.38537241343666,378.0533839701345,358.43653847332297,24.814789165097263,125.12493836694473,27.687748508812792,South,cropland,7.44,0.1295
614,2024-02-16,26.403492905109953,92.65158720256545,151.59090911099898,99.42351392244072,25.869853241041163,37.823632047311676,132.8191214664831,North,forest,200.94,0.8007
429,2019-12-16,11.30503888872261,71.30514702418026,496.54078197891675,213.90488578184915,40.26201623423346,6.017150432631618,9.99389378662248,West,wetland,13.59,0.2137
328,2015-11-20,26.223031721885107,94.81318404624082,276.75901960739145,74.3563760876514,31.214414826588254,18.02004106731392,9.361366574886501,North,cropland,30.53,0.3791
986,2018-09-13,31.76958181434601,94.2137360399302,92.43438347137715,151.58554610229476,31.560589458547554,56.094486268686445,12.557497526303873,Central,wetland,29.61,0.3719
1224,2019-01-25,34.303962486553544,83.05530901098204,763.8876315515788,167.03799332836073,42.32313876462535,165.74086090688613,11.847175472184048,Central,wetland,17.3,0.2571
436,2024-05-12,19.96240398267537,86.11752489582884,108.10392803080683,58.51422135809826,28.307443233080715,5.878280913015562,3.2510788257851955,East,cropland,5.3,0.0958
1290,2024-06-02,17.301630995293763,74.17157845584065,365.27385158619944,268.5094795668152,26.71824521869588,81.25766668290406,23.057570253272974,North,forest,25.06,0.3339
856,2020-09-05,28.33935962110056,80.99047570146028,451.7228996912617,231.7901030403777,21.92475590365255,76.07192660191976,24.951683684147504,North,forest,14.74,0.2277
251,2024-07-01,22.657605778573494,73.87839746667456,1156.677591353691,197.19787623958695,23.284688850635924,27.733338821759617,16.678850007645046,Central,grassland,13.52,0.2128
548,2019-05-12,14.947225670285823,68.63732368928956,97.78361762034487,77.26403211177893,13.717377400710735,22.637700295534884,25.725194510390168,East,grassland,12.06,0.1943
11,2019-02-09,12.648262894181979,96.44618897568452,822.2432395603036,104.9025439894396,30.74254003283945,18.092805768998602,26.000319854707573, North ,grassland,75.77,0.6024
58,2023-05-12,12.59621811600408,75.51524895559595,912.9658318118177,245.55741759190198,18.398474016137598,67.43805380102305,5.386242570340043,North,wetland,5.43,0.098
504,2021-09-01,20.397779988366104,85.20014095803722,1394.9077186930228,150.79424066488065,31.416415891734527,295.96109033768465,26.806380756747902,Central,shrubland,40.38,0.4468
681,2020-03-21,12.593358951622553,76.70726112259803,1033.7857561636397,135.10473214497634,25.741843898236556,329.20370860161046,35.11091598098773,East,forest,64.91,0.5649
1196,2019-07-26,8.532411488310116,78.74802698610262,463.1954707865698,282.82967199391,26.768352288586193,10.115101237015944,4.066971158460676,North,shrubland,13.49,0.2125
201,2022-01-19,9.40639692418163,79.53508519888597,847.8118271639073,163.85381481827326,25.745792419133608,41.245116957950266,86.75742642511291,North,forest,97.36,0.6607
1258,2022-07-13,33.106882686730074,77.71635520841798,1194.5725375597808,81.18967780818258,34.316446573297796,2.0334529253410416,5.836922548622419,Central,forest,149.59,0.7495
351,2019-11-26,9.969956211323666,86.48459302085814,72.51529176666081,244.00835290293725,33.25665415961857,64.31394402075341,6.435064613277806,North,shrubland,32.91,0.3969
207,2015-04-26,9.975878645685908,95.86715184416957,150.29880578711447,75.14714894697224,25.826651566072265,133.81682406648932,24.580545871882894,South,grassland,28.86,0.366
1049,2016-01-07,20.182088029405378,80.43040485018076,584.1551536850016,151.477474840606,20.605975541520223,576.1924839121565,34.284686295295664,North,cropland,9.23,0.1558
1161,2016-06-10,14.61770762304588,96.22647499757369,905.8185258002782,175.96976174356445,31.543334631992238,3.7445966928731482,43.71412623168966,North,wetland,36.04,0.4189
907,2019-08-14,33.992734008657436,87.3661198829987,744.6417275850978,218.08480816113087,20.15255017150843,10.67505933090083,35.19810814251759,Central,grassland,14.87,0.2292
173,2021-02-19,32.596617666440714,85.60694965560927,,65.20266572080605,16.67083225329103,67.77580025320546,11.944811328605264,West,forest,56.98,0.5326
173,2023-01-12,18.92806771412421,74.87601170216877,1381.8496015264745,34.56819533612221,28.990099210926363,4.818282083344922,22.388810291388246,South,wetland,12.74,0.2031
585,2017-04-28,20.115751024239,69.82470047108204,377.468620755291,35.50867688937486,33.310939530819354,70.69099716682459,14.63373714925872,North,grassland,82.41,0.6224
675,2022-11-11,18.128068633040396,92.70610833846304,267.1716802216541,300.8979065081916,23.569488993236742,139.00415400409568,23.909097544946633,South,shrubland,15.34,0.2348
1497,2021-08-28,9.022385149364462,84.6454508543838,321.8990386806163,58.640041422314546,28.427106129408564,7.989022517591513,21.508681828572076,South,forest,31.06,0.3832
429,2015-07-08,15.906864659877133,80.01800201032157,593.127333533926,340.12191163925166,23.5059571295738,66.61155460545908,12.122841379577237,West,forest,30.63,0.3799
288,2018-07-05,11.31218367952357,91.54705234056601,450.0278389634748,257.4393782726984,30.331960092114908,8.861212422091128,14.193471194414672,East,shrubland,29.41,0.3704
1418,2018-01-09,10.763998910408315,77.00683109474224,941.0704020380027,89.54555163745745,32.570178118473294,429.72213554573483,3.1512388924215826,East,wetland,4.39,0.0807
230,2023-11-11,23.14326246928247,90.72490042297014,279.99941212564096,43.05460253275367,24.422808713107862,74.43819164481013,46.0685276591642,North,forest,97.45,0.6609
39,2024-03-16,10.66665115826618,77.51095122676811,649.7248449874401,157.62518144104635,19.834381053664828,20.903235519813386,27.046497297681235,North,wetland,10.1,0.1681
634,2023-03-10,10.779145742472117,94.70555440572075,849.872796648966,114.08162282815056,17.257816384330766,8.523166524084788,2.0003453699315217,South,grassland,5.71,0.1025
601,2020-04-11,20.973870300122414,75.77103935924727,1194.0426047780795,285.22433071981266,31.55413059476149,97.87826770777124,44.39648362799892,South,wetland,9.72,0.1628
929,2019-12-04,19.941623858311246,71.98906940966256,177.25080530032102,175.04103723909793,19.18060104975304,418.59474373212674,19.04819204783683,East,cropland,4.89,0.0891
1316,2018-02-10,11.716139198573973,88.24480454213294,316.81417328217213,152.40413545579293,28.2321454472142,17.16279803117001,7.870943049414763,Central,shrubland,15.45,0.2361
1399,2022-09-22,8.120123669839302,72.72257033887836,425.08770201771466,135.50164861815503,30.664442410655095,28.234171534215207,7.203556199155069,East,forest,50.3,0.5015
434,2015-11-11,13.210309927731783,95.53152845838058,131.0743571139604,217.78511996516787,22.99218872869674,17.668598163859713,10.092351212490096,South,forest,18.92,0.2745
1471,2017-09-16,14.369090862915101,87.0110982592771,619.2540564136262,145.03346503407565,25.002734898920266,562.9770460788287,7.912744330311019,East,wetland,6.25,0.1111
948,2016-05-08,29.606707977439424,74.69495917725125,612.3543576348044,374.525647582943,31.994260685040636,3.117524622039204,9.050427548849626,North,forest,30.32,0.3775
104,2019-12-10,32.716835464234805,74.05574909427743,574.6988608748694,57.31822498707379,21.150837275991442,375.5493300450542,110.01692486396085,West,wetland,30.05,0.3754
1407,2017-12-30,18.960498732175182,94.79237613449223,405.24519325448045,127.77629777021755,20.541730369795417,31.006686269133088,29.11128775664123,North,forest,35.07,0.4122
206,2016-12-21,18.9357216155264,85.62787947264684,1106.8152269487798,201.93032481872532,24.593652672745577,49.03710812647402,153.85495652765857,South,shrubland,37.44,0.4282
882,2018-10-05,27.236994661516402,93.91834419350008,323.4569380539341,188.42436773948555,33.667475972458234,32.75475116908424,25.172159841587682,Central,grassland,78.52,0.611
1186,2023-08-09,24.926894424026603,71.19653094052893,1038.6191210476761,373.9876935650135,35.66438656762161,78.21029763730103,35.84720929504489,East,cropland,25.52,0.3379
374,2020-07-29,12.971785040722047,94.83637367179611,317.56695898718334,100.44058360114818,25.407301877355597,18.27075816958261,8.32526449832426,West,shrubland,29.7,0.3726
405,2023-03-24,10.907606301988256,83.08143004782856,172.76083039814972,23.630818523039135,21.727270231731197,267.0870686039337,16.97890375006434,South,forest,12.94,0.2056
714,2024-02-18,19.81552104768637,87.38423557360916,466.1905219469877,247.3210758959598,32.38468769551751,283.8640891236004,18.510161079835704,Central,grassland,9.76,0.1633
1327,2024-01-06,23.2503658053946,78.81338867469714,534.2320845051404,170.7433839011881,15.984226510037148,12.489476882260655,37.34101966649416,South,cropland,7.74,0.134
335,2018-07-05,11.745105285287849,69.71506933816896,657.2288663971536,248.4376235480841,27.48566512488854,148.59142840740975,19.115822958595654, North ,grassland,13.69,0.2149
995,2023-10-08,15.918384322028004,95.78120079891305,48.8097178512537,183.67804889309696,25.73651844296477,31.984749454423078,28.54059591238606,North,grassland,37.67,0.4297
678,2024-02-02,16.26046090362552,96.84335154414597,371.7461295174242,31.249142514294643,33.762967061146284,58.99485490435088,27.536926260253388,South,forest,79.27,0.6132
167,2024-08-03,15.055051427652428,78.57185861405284,1639.2018225440133,189.77309206936633,34.37011123783026,537.9288734972379,14.83727102270076,East,shrubland,32.6,0.3947
1066,2018-07-05,20.44055418987836,95.3721699628074,298.570315869893,100.0261193279347,20.344828652316355,19.86478861390462,13.387332654641375,North,forest,24.6,0.3298
1248,2017-04-13,25.63271677663294,72.86406243788537,914.5736809920545,127.83296172000966,27.00606821284985,219.16484416326932,10.28829524730364,North,forest,58.13,0.5376
863,2020-11-02,21.753526857631794,72.48584904009869,2743.7631925952724,142.41992773470548,22.576373946550756,108.38479031658397,59.28187968246402,South,grassland,22.5,0.3103
264,2024-04-24,13.439327180678294,70.12024336026597,1838.8960222684398,75.10708525383333,24.24003569055956,40.811250494935756,14.84359395510677,West,shrubland,48.83,0.4941
233,2024-01-01,10.779354270279793,79.34681281994037,198.1304435413732,98.09004512764695,29.704326647347848,94.73706820215173,27.90755677937138,East,forest,46.68,0.4828
635,2020-09-15,30.19050249826491,69.51676525526638,862.207567282833,225.45627295227598,23.990635267448404,79.25082992761763,17.17482871863666,North,grassland,22.2,0.3075
759,2016-06-28,20.941226433380216,79.445058498774,899.8353305565337,225.27292776410616,,9.606788959732404,58.12625138484014,North,forest,198.42,0.7987
828,2019-03-23,9.677757971614685,72.01332243084038,768.3480739339998,53.17791346192863,31.74363299167858,21.975193183057197,2.7508565611945786,North,cropland,11.71,0.1898
365,2022-02-19,14.969280490538065,89.18530607161577,169.0362465565851,171.73682993414755,35.090970342775556,11.383004646749898,27.193278956930854,South,forest,42.78,0.4611
751,2020-08-07,29.708912016372178,92.16751683075583,571.3364007774982,238.1333251733199,27.732080868856727,36.05594798488078,5.726413968209955,South,forest,10.33,0.1712
442,2018-06-14,28.29661076888585,87.94664740609235,568.4503315914235,162.60926408268392,26.706592442240833,410.57267117540226,29.68677022114151,North,grassland,24.78,0.3314
1029,2018-06-04,31.6470490882292,73.81433042064852,147.18087524835312,176.97396486763398,19.356259043108917,130.52198792800144,17.34758751582944,East,grassland,10.64,0.1755
1194,2015-08-07,24.256371302045686,90.23859759433071,388.68623484801674,55.74336980320438,35.51479072466432,6.3669234864042785,4.579724720042437,East,forest,41.57,0.454
979,2017-11-19,19.418460227667484,75.23550571396497,590.1884688936872,279.666781954271,28.974206406968893,36.23220881022305,28.152602087559156,West,cropland,20.97,0.2955
1,2021-09-09,19.519144933970168,90.0251693120873,455.7442987043558,79.15921332287337,26.817350746920155,77.51235099809386,25.13300241276851,Central,cropland,36.35,0.421
1488,2017-05-30,13.23800120130948,84.45452967199533,808.2170285640523,124.2171045662941,26.510295333180164,166.68948667965546,15.939157899630167,West,cropland,16.85,0.2521
35,2024-12-04,25.57157196098281,78.63466297244508,380.9600617365102,239.2631877858503,28.163920841331525,20.57032376320118,18.09135902783175,Central,cropland,13.03,0.2067
1499,2015-10-28,23.796856414507058,70.42127896246568,528.7157049987553,329.70870312448733,30.6307429392844,8.532242856124794,23.606239967806353,Central,wetland,14.43,0.224
47,2020-11-19,12.18133910857857,91.99777578440374,955.2320833690799,129.90132509725842,31.37330318078356,50.17343203848827,65.24961874456795,Central,grassland,79.69,0.6145
774,2019-12-18,31.91289884122512,95.24993470314854,1512.2254021704016,421.6814100364058,35.66481137483963,128.19396987798524,14.66807159846979,South,grassland,19.9,0.2847
158,2023-04-30,17.94864148938612,87.31161562001849,165.54942578574773,165.67837937767752,27.456131051075698,77.65451783599684,55.314327202749205,North,cropland,34.02,0.4049
142,2023-11-15,9.34294666906885,95.97170543410972,786.8511051821705,155.8582813871854,,14.483119215406816,19.34723914429816,North,forest,103.38,0.674
1025,2020-06-06,16.85278486105416,95.08923115224674,333.46352340000846,86.00992764564751,32.34633967689537,758.9441607731843,73.38610588028035,Central,wetland,17.56,0.2599
1091,2021-04-19,31.486131297212545,73.64364362330886,663.2869360115948,125.70864801469925,25.639211712983155,47.07662955835068,15.876790590802957,Central,cropland,18.34,0.2684
177,2021-12-26,32.75782781826818,89.20515810934819,153.74805029075463,173.35948190644183,15.995757629340048,73.00773614357658,10.315790540962455,South,shrubland,5.99,0.107
1464,2020-03-16,21.240757266010107,78.12983976369314,1122.7971645142095,203.31345316143685,26.5133735857819,20.227617981625016,6.70144714872448,West,grassland,15.08,0.2317
480,2016-11-05,33.821178381982286,82.13800345640315,251.79381806683102,198.40745527231303,35.35086682934193,287.0803086068444,19.41769012037712,East,shrubland,39.72,0.4427
477,2019-04-14,31.631528848723352,72.55199750331653,967.1703771156723,118.41080962961315,21.348421219206738,128.73684233002913,9.086837392533653,North,wetland,14.7,0.2272
445,2017-05-31,30.281229361679085,96.26860341367193,174.25845934237498,299.5183925547984,26.49477588477531,87.53118621429195,81.81726959366011,West,cropland,34.38,0.4074
691,2019-08-23,31.212171746419564,89.05798410921585,124.08862112803908,158.61784076303636,26.991313455930655,9.703801976279737,8.404669617537696,North,grassland,27.48,0.3547
266,2021-02-23,18.310636128558233,75.74034097929808,413.0818800643831,153.13690929890657,31.652759550987202,281.75709652873695,10.074189223818028,North,shrubland,20.55,0.2913
637,2017-02-02,28.42466140039968,78.77267901487298,575.4282832207177,82.54325443366508,23.673130713300218,169.9245405629669,35.912416852542485,East,wetland,28.07,0.3595
314,2017-06-29,23.588153083056028,80.25200487803475,1948.7181825286655,214.0722377028864,20.783697509268265,250.23490490318244,65.74554762327804,North,shrubland,-1.0,0.3921
77,2023-03-23,27.43146804698828,89.67847800017137,565.1845147892142,148.47479190849197,29.420012907342407,57.71655437062674,41.72270116650674,South,shrubland,36.24,0.4202
553,2018-10-10,12.800224904680915,94.84522073631796,197.65171654988822,130.85941856677405,21.539677885774385,48.79892355004271,57.898106230134275,West,cropland,36.36,0.421
1008,2016-12-25,27.747635617923432,77.32176385655258,861.2131693643915,67.63875806477355,14.986967887147339,41.54846916323572,18.537281121592272,East,forest,21.34,0.2991
1144,2022-02-16,33.85499572324264,81.70250256013216,1250.7129167265036,69.37502556983517,37.04223154656719,1666.5266954081776,18.80033824701084,North,shrubland,40.98,0.4504
530,2022-02-28,16.1719097042986,85.20301961220633,239.59813245505072,182.95288526626848,31.562183972825316,24.199466757762988,150.16848052251504,South,cropland,34.03,0.405
485,2023-04-04,34.626355746801934,79.40697577960916,942.934612268909,322.049744818141,37.30032671250312,9.213158508615525,108.8824340974404,Central,grassland,62.12,0.554
1181,2022-08-05,18.21615239974502,82.62125837760487,1145.8460219408978,136.41110497209345,31.244076518093216,31.190568302962166,41.025850229910496,Central,cropland,19.74,0.2831
1021,2024-11-29,13.392534419567887,71.06552124158296,875.7727763539219,135.90832723248272,30.082189530154714,24.540124356806185,60.740247701629585,Central,forest,54.44,0.5213
1248,2020-09-29,11.031728204606436,72.86255724388482,285.8153325619866,215.4435380935175,,361.32226274729425,47.395754365582064,East,cropland,24.81,0.3316
1359,2017-11-12,29.1939716587808,79.6319364593842,579.9660690354102,274.51143695332826,24.88383031062633,7.1421325060635015,6.01361186477405,East,cropland,10.14,0.1686
1231,2023-08-16,22.980285810167345,94.53323134134602,662.6798648601965,112.36047897212384,29.07263949143058,23.52500099932978,19.30468649555758,West,grassland,37.47,0.4284
1404,2017-08-24,16.29254492887478,78.13138332659437,1100.5304825175042,83.31679267802215,22.68060509375539,72.65954366504332,89.72722987170724,Central,shrubland,81.07,0.6185
624,2017-11-28,24.428159984431463,75.24399144954539,302.3370734769026,146.32944776526995,19.58462496512469,365.9289840602009,41.27839247067192,North,cropland,15.9,0.2413
592,2023-04-13,16.966732071707128,89.543004404629,959.2408199329486,196.9626993955693,24.006645098473555,159.1263371358805,18.848066570559844,Central,grassland,13.1,0.2076
482,2023-10-23,20.105659447868383,95.52477481622167,443.39471243243895,35.64796420733519,33.74895374810836,619.2605010542604,90.80894556844751,West,shrubland,85.03,0.6297
352,2018-05-23,31.29193139533346,81.31458489484288,371.77423092614805,121.09817613223973,18.605559878448496,91.71531260335303,29.05823465242136,North,forest,41.75,0.455
1123,2022-04-16,26.04049487519745,68.24954371144831,514.3588413599589,138.43276967799798,18.7009000951994,40.228302085283566,42.758997380995986,Central,cropland,30.1,0.3758
1071,2024-03-20,28.584849672027342,87.95633061279293,37.97850304154183,128.68131563632474,29.547854976276934,197.02582120557202,29.210593827002995,North,forest,61.77,0.5527
1202,2022-12-25,23.75432588967856,80.0367632468682,57.5616829583601,63.72485563380559,23.50952777338,7.0234784514367465,34.507002169510116,North,shrubland,111.2,0.6898
251,2015-01-19,34.76774731991176,87.53572056187024,79.86562812267726,121.35023076430984,28.91297027095679,4.20036935728591,37.06485317814518,South,forest,65.26,0.5662
736,2021-08-22,14.518071789854101,76.0537789590469,683.9715559713397,139.66134286592188,31.939144591276673,236.13304398314472,73.675777150791,East,wetland,41.36,0.4527
332,2016-09-12,15.081861339407999,68.06983617069191,406.45051809118866,91.24010099227218,,74.87725995068067,83.92776782324056,East,forest,97.89,0.6619
1339,2023-06-17,10.499091345934987,77.99039034362251,286.57656415302023,174.04298093322652,22.206526527929313,231.8303182378832,12.793137329107731,South,cropland,2.14,0.041
401,2015-09-02,22.95852655590918,88.43897793577531,480.09678094874124,231.86114411416114,33.69760285117163,15.202218071737304,28.660248298372775,West,shrubland,56.53,0.5306
215,2024-12-03,24.560699383025934,79.40028520726649,974.6551947000548,236.15913582420933,30.452736095621063,375.0936417614767,71.59383153770979,East,cropland,23.21,0.317
854,2016-10-09,27.600962468268136,74.35605004994355,463.111400082763,103.8317318840354,26.160967125137468,149.23739839136084,17.60953643128731,North,grassland,45.66,0.4773
1318,2019-03-14,17.057040000630046,81.45619905988895,192.6735570056136,195.01237419386052,25.870503116609413,52.108048975874205,5.425466213944691,Central,grassland,10.59,0.1748
1373,2017-05-04,8.330933650355734,89.81810717565318,2155.4316079551104,186.61131389103744,28.243955236861936,74.51659670868203,8.095851801297957,South,wetland,6.18,0.11
144,2023-02-18,25.07019750138464,71.46355951697687,498.9140850934447,358.380825390553,24.128097798450174,91.87158997309092,8.674788639217217,West,forest,12.34,0.1979
488,2018-12-07,34.964778298050334,88.06080897575279,1152.7167777317582,195.5281435928241,16.21277183167964,15.103126045196733,12.702781640823982,South,shrubland,20.54,0.2912
230,2022-06-10,15.952832552329797,87.35297669031448,881.4822709941324,201.6296904514919,30.500946477570043,30.645265263810796,9.523588213944814,West,grassland,54.82,0.523
461,2015-09-03,12.966230216663533,78.75139851086706,352.0817953674757,255.6838808795297,30.144458119227053,89.71908589385019,56.210641146611145,South,forest,31.13,0.3837
800,2019-07-11,15.607707861311535,96.13974955000533,1497.6273612906714,73.27956139916948,12.193604205819652,28.855457000848123,15.22861031756789,South,cropland,3.35,0.0628
420,2024-02-08,19.486217818980275,93.94645368493019,306.85252421917954,156.42719954624962,,6.024724114582418,70.88803869822557,North,forest,67.82,0.5756
101,2024-04-06,14.774649081719247,77.16868294326002,675.338793134228,332.3151151693805,36.53890123333827,84.97296497731215,6.486393345939614,Central,shrubland,22.09,0.3064
765,2017-01-31,17.367920684923305,68.90164170842145,611.5116552688113,335.8074161537388,19.23416988095876,191.33986809807809,14.107085972822656,West,shrubland,12.05,0.1942
79,2018-12-10,25.23158194164279,76.94083939560723,654.392162691865,121.33014254773308,25.560252254655733,271.1851894454611,22.293103128282933,West,grassland,22.42,0.3096
340,2019-02-02,17.315755644750595,73.93693633369026,1331.9901884271108,327.73114038576523,24.908106115195647,121.32414466376504,45.18032029370952,West,shrubland,34.31,0.407
0,2020-08-25,18.693591509158676,83.8703055073802,508.92107289242574,131.16834329096864,35.96247160622529,186.31911511417613,63.03100607278866,North,shrubland,65.82,0.5683
130,2020-05-15,9.080844095580126,94.64358821428249,584.1908498252661,177.30485809915322,32.72568226494177,240.14997039888806,11.724523901459646,East,shrubland,37.28,0.4271
654,2016-01-22,32.78444754381748,93.23978779108812,605.8656316218135,57.539698375977544,20.729503120925415,61.527469035502584,54.23999266547617,Central,forest,45.77,0.4779
1276,2022-08-15,18.98592091770105,76.86904551427997,1894.7229254528434,292.5421928778585,28.052711140151157,2.2741923457235798,3.736342441152401,South,forest,9.9,0.1653
1161,2017-04-04,16.859874932939448,80.42932847311347,1093.931693004953,127.6831706755852,39.81603279366516,310.9623441710325,48.00624871564533,North,forest,117.17,0.7009
148,2018-02-23,10.335073298625382,69.05972377330743,117.8755963700798,64.9896424221815,22.25175260515317,14.296611658564848,5.253712489367524,Central,wetland,6.73,0.1186
52,2023-05-27,25.12294681566996,83.78074172182534,316.724118474148,141.50186547628732,25.933077298044008,10.011001885532492,31.39485231659363,North,grassland,58.95,0.5411
507,2021-11-22,31.323273657121383,69.83767142147114,536.2005473624056,29.280187821984196,29.081043820925714,10.432112821035805,62.127363517824485,West,cropland,127.81,0.7188
978,2018-12-18,9.111136401414807,95.21957882064389,1313.500774617354,210.64871656319275,22.339672701684457,2268.4836646468725,48.77560739395786,Central,cropland,13.05,0.207
1120,2024-02-13,11.922356618882958,93.1410812107159,1400.172931829173,265.3558412289018,36.579218509956476,105.72290097338299,3.8993976381522,West,wetland,10.77,0.1772
1234,2018-12-09,11.952525379927598,74.21144116668759,486.28793469611765,84.81610574794489,23.16399019829887,11.44525676214342,12.842597662762557,North,forest,45.43,0.4761
513,2020-08-26,24.261421094390407,88.28169171599932,308.03520551705003,83.01611150684373,17.665789225254834,19.58718158123955,41.13803507756907,Central,shrubland,27.67,0.3563
252,2017-06-16,32.87322357339596,84.47259109056665,434.9998503210898,202.88085936920055,,54.53880879909061,39.976625233145604,North,forest,22.85,0.3137
39,2016-10-30,19.81974591076876,91.23937366296931,551.0056153833879,215.57434626538227,29.918120517117018,123.17494557261098,26.46786067092849,Central,wetland,12.11,0.195
220,2019-11-30,17.28277410123397,81.79391109579407,411.8202918459668,106.5332513432069,21.21095524547448,83.00812602319363,2.2219667958947924,North,cropland,4.28,0.0789
97,2020-08-17,28.677698511110663,73.56138714930756,1172.5193977939812,91.50202553264859,27.813196333202615,13.559539726439253,66.55634359628195,East,grassland,122.29,0.7098
1291,2023-01-20,28.04936466740259,86.55545860356212,380.65060134897254,241.73974839931947,29.37530264085,87.85781907563153,79.54002784286604,Central,cropland,22.16,0.3071
402,2018-11-27,14.66241576048466,70.3281294828824,242.46804992223107,61.103623865991466,18.746395747522076,21.828539949315502,23.65891148153558,South,shrubland,32.91,0.3969
1234,2023-12-12,12.342311782312922,84.95305174388425,427.7091524028942,117.67570324453978,22.617786694434656,262.5318823088862,25.24373324880181,North,cropland,12.54,0.2005
829,2021-01-25,17.66087087521462,74.16843935846927,634.6598621202373,90.169449520678,28.093825157228405,59.408950891608065,33.216953072916326,North,forest,61.32,0.5508
808,2015-09-13,28.941291590119043,87.86315667658324,1187.366323045441,,30.214472960021084,17.47897715345935,86.5258145418204,South,grassland,64.67,0.564
682,2022-05-21,26.766711527704413,92.01325169011514,225.88679349159756,94.26230938803872,22.76729588139417,153.4586561008026,25.804636462647217,South,wetland,10.0,0.1667
1228,2020-09-29,25.97805007161754,71.1762171491801,637.6123428258487,367.0737908263536,26.910633861488172,97.01517937646724,16.59041891083998,South,grassland,10.06,0.1675
65,2018-11-22,30.394571124406504,79.60778801230919,651.9010971639278,258.1168368452517,24.29638250152543,26.781234867210262,29.41545196984372,East,cropland,13.13,0.208
139,2019-09-02,15.482518433217631,89.27212604550391,742.2129617503238,115.23799425429834,30.367101024803564,163.22638158469545,19.863624053862935,South,forest,47.75,0.4885
635,2018-01-06,17.171460587676773,72.74738878404689,380.3704356516405,183.0811843552831,29.116481474993645,140.28494358221855,20.090548401585895,East,forest,47.34,0.4863
591,2021-02-20,9.143165166447751,84.42918643103567,733.2300662941753,95.27678617880048,23.759101908825965,331.2036018537507,3.4354249469210343,South,grassland,2.89,0.0546
818,2020-08-31,31.4561359466954,87.48333047439597,865.8696409044542,165.4281584117204,28.870663107176945,158.4133566695657,33.880227885492964,South,wetland,10.68,0.176
1106,2019-06-21,23.72560284289881,78.28901460994209,377.07559989371504,102.13823169018565,23.524409769243807,39.60992346415946,64.80968478650692,Central,cropland,39.2,0.4395
881,2017-11-06,16.04930188085972,92.12748595187543,583.6048206459423,80.32368596503031,28.744171726138873,4.324105230695048,55.721873051355495,West,grassland,78.58,0.6111
386,2018-12-26,9.87424634913287,82.8090873663547,448.3947438908146,214.94129307328038,28.82776727206753,72.23826504440851,51.98688469153705,West,cropland,15.94,0.2417
490,2019-12-23,27.53205658538641,86.18285035827479,271.5048038928567,93.77127358365264,40.22627917141105,91.16821691938159,19.048677731971026,South,wetland,22.59,0.3112
1128,2019-09-19,28.215913027824648,72.08531110443859,157.57794770295916,94.73631419742648,23.982426547375336,58.9562364026892,23.23538176903493,Central,wetland,15.85,0.2407
302,2018-02-02,25.98682360710561,68.6716450614474,306.7264140628271,157.96193060864385,25.152389078219045,0.5967174245335956,66.11546592547053,South,grassland,44.88,0.473
756,2020-10-25,13.502086215561697,69.4717085539246,325.3247522053944,172.35919447175525,22.116610397647253,151.145800552931,47.81571222695586,West,wetland,28.15,0.3602
808,2017-04-06,32.656833579732336,94.21368429774826,155.18236317382312,78.59821303406463,19.803057813264832,13.900497251092613,88.79730081176416,West,wetland,77.74,0.6086
1125,2020-01-03,28.33526651356366,93.59662914319928,699.0425634606341,,23.26123703844548,152.71664598474854,10.250059950728748,South,forest,6.18,0.11
1071,2016-03-19,25.759420736767197,91.42015173569344,909.1243893013515,98.17021023532993,29.990604171327426,699.9627278791208,10.186303657196811,West,wetland,10.98,0.1801
697,2019-09-20,25.575485932388265,73.78875064581096,439.0552210140926,67.14065019229287,30.424769188095837,37.367585417953585,14.402930245171047,North,grassland,19.14,0.2768
463,2022-11-01,32.41765790247431,83.2383009065356,490.66424366347997,126.55947376852721,27.774079068123978,105.39614376026226,7.82221173288337,South,shrubland,21.32,0.2989
551,2023-03-05,33.06429259362234,91.08739591590283,343.30381789534516,125.50772862085861,24.225410716820537,57.34964648806952,5.357754185026267,East,wetland,5.15,0.0934
617,2021-12-10,24.082210286276478,87.56540625641745,469.68451124910615,184.9303021571187,23.039750084415143,120.10608210136894,32.09297715753429,West,cropland,14.69,0.2271
328,2022-06-14,19.250074095988808,71.35011461660218,737.1291450140708,365.19151893047297,20.49901693722785,63.76265390586285,29.980596661485414,South,grassland,13.53,0.213
938,2015-08-29,17.820817448104236,93.97069479456029,638.5066900843398,156.51710419776091,22.65867439422196,25.141743018775276,25.69318784156415,West,wetland,10.29,0.1707
312,2018-05-31,30.11512870917951,72.6597893905609,467.5685118751991,198.01294474912044,18.229231645206347,14.049498107763624,28.609683458474237,West,cropland,8.8,0.1497
973,2021-07-16,25.404344175527005,72.98207510898673,,,34.14714987125397,593.2990548572338,4.647308824096535,Central,shrubland,8.99,0.1524
1127,2023-01-01,10.086182816848648,94.12925024595054,856.958926683165,264.2800293594605,37.02290891793227,105.40704527447251,12.427944363667867,North,shrubland,63.77,0.5605
1442,2020-10-28,11.839022351405735,82.05389123374097,352.9718590584774,137.7593997981605,14.384823479000438,189.76232687151574,14.977237613535602,East,grassland,14.63,0.2264
178,2023-07-13,32.30501916783085,78.81386295273754,167.343179521619,70.52831438986851,27.735581827103665,99.3445741713308,21.083822558044385,West,cropland,24.81,0.3316
1139,2017-09-23,31.881449998821523,84.05604552664364,558.1985843887643,259.18570854730086,27.63615173213616,235.957610194908,4.665695826206799,East,grassland,5.14,0.0932
128,2016-07-14,33.699476114831654,96.46052265213123,96.3474849712666,140.9434352798056,27.252852737540792,14.239916989941912,7.9423469377004885,South,forest,34.91,0.4111
505,2015-11-12,19.55197611786474,71.46928320199024,619.727628776083,237.91471144576306,22.443534072721953,61.853715309093886,12.981451720739075,East,shrubland,47.11,0.4851
264,2020-10-27,29.169644506299093,89.95151661496989,653.2016539397256,385.3305023786818,32.13508375253414,116.53937187709043,57.874993596769386,East,grassland,25.04,0.3337
243,2021-08-24,30.362075737486684,77.69545000507969,304.0072276867361,60.34962174025176,28.46286380947136,379.55685216078945,26.098302880805882,East,cropland,12.48,0.1997
263,2017-11-07,16.523816457631213,71.3944288545811,340.9024317976813,95.89524535639002,32.204730523783,3009.755572363818,55.788413026873506,Central,forest,88.19,0.6382
65,2022-10-31,11.92411820313284,80.23606730523522,942.8426249801463,216.68170411183428,21.574928123523172,100.61264373952434,17.771016845866125,East,shrubland,10.85,0.1783
1234,2022-05-21,34.91971176425767,83.91383345403285,1775.9743053828538,146.03210002476817,17.70090317205242,20.253930829903542,20.105409201748007,South,forest,17.52,0.2595
91,2018-08-07,8.815918501286447,73.97288749411626,511.4949965830635,31.28184620471858,28.609433177492118,9.084188455938907,33.08486468239871,North,grassland,30.11,0.3759
597,2017-05-21,24.12806980520896,79.75281431380148,309.1979060611088,119.08934252242175,20.22233764509048,14.052184998149604,16.823709697450663,North,forest,36.17,0.4198
1048,2022-06-02,25.55573140290614,86.43460473869642,657.4494301173506,129.61980145269837,32.32759763500324,17.09559509414104,10.753964920650294,East,wetland,10.56,0.1744
1485,2021-09-16,26.408312233180506,84.71699257188644,453.62420279000474,141.03785308414942,13.240272113739001,0.7035448523331856,4.527702229415882,South,shrubland,15.96,0.242
1280,2016-09-15,14.901949087165423,88.97165722759067,626.0902244709773,93.92064993857235,23.18876063058684,19.816550688806572,11.046159658755657,North,shrubland,22.83,0.3135
205,2017-07-20,27.48263959606897,92.25573145518464,559.4844327727774,298.14516693531425,22.304468914081603,159.9899581988729,46.34842248700663,South,cropland,10.41,0.1723
1481,2019-11-09,13.842788208594168,79.86506962131183,569.9022851795432,56.58969961552693,24.005740149007025,61.13592162844557,70.85773558143528,South,wetland,19.42,0.2797
980,2020-02-09,30.384032905295427,80.2660509884046,65.19992900345295,178.06231098711373,27.56659443177923,37.04239618644308,9.270553610407998,East,forest,30.23,0.3768
269,2016-08-28,13.916150200285132,82.40407189919944,340.0562571978633,107.1960236303527,28.377414416008374,4.79259023382018,3.547568774451487,North,cropland,20.16,0.2873
673,2024-06-24,26.81106278505409,84.4242479730578,314.2039698493479,102.92215977638969,29.838425613888177,263.91180342069896,50.73473951340053,Central,forest,61.33,0.5509
1376,2018-11-19,29.152164117517348,71.14135755289885,310.5565163514708,,30.529918185737788,117.6506848670231,21.526799938389807,Central,shrubland,18.16,0.2664
589,2018-10-23,13.101535262479096,77.06642527164846,776.7882365680671,125.90730004549346,24.970846395969417,53.54928972827725,5.222379696376692,Central,wetland,4.62,0.0846
275,2015-08-09,14.425635166080275,72.9848620659337,182.09702526186928,178.58616114941924,38.65222617023875,2.0061574609101007,0.8951272281750839,North,shrubland,43.01,0.4624
1312,2023-10-02,29.035800945827905,79.18973010797981,65.59855739379415,224.16601628605744,34.32254200374193,26.149792214549034,7.664423971079684,West,forest,22.89,0.314
1429,2017-05-08,10.321972234143727,96.22726810464707,304.87994380093585,149.59506727380796,24.12807070603183,104.64540896335589,12.642373310192337,North,shrubland,49.29,0.4964
1463,2024-11-11,13.150545716599932,84.89919774374842,254.9827593332259,280.1113302236169,25.17875784714813,52.30797965242927,6.349328638723061,West,grassland,14.07,0.2196
1433,2019-12-16,20.29933446712771,80.45206407769584,514.1071778488398,66.25596295451211,24.00171324379849,72.81391683548767,40.12125992143753,West,grassland,46.5,0.4819
1309,2023-09-29,33.11491207610881,84.41216996148756,253.39759691617647,184.24913047796267,28.179791683163465,152.6532855474749,8.912298476966741,South,cropland,7.82,0.1352
681,2016-10-15,23.17070154211128,87.4032201073882,404.1061535791186,367.18992573598825,20.1683730191429,68.86227277020457,20.336187709706167,East,cropland,4.41,0.0811
288,2016-08-28,18.467301901622086,80.61365043542163,359.97592520503036,176.24391599866058,21.262775234456292,144.6782844532106,215.61389580701575,Central,forest,62.66,0.5562
925,2023-01-03,34.41599600000687,80.98358432333373,1147.0192550377296,48.718752612596425,12.995802527513742,15.404757103937444,22.588960183019864,North,cropland,9.6,0.1611
331,2023-03-11,20.520205267974788,88.34063275206955,,187.62951977997352,23.60803922736094,8.721945888660825,17.894289139557614,East,forest,42.6,0.46
709,2020-06-05,19.710844289562015,69.76501491296534,744.5348028150122,304.3213100586245,32.38855510384401,111.72505905678106,18.30313359863662,South,shrubland,18.0,0.2647
984,2015-04-28,19.114396555968533,83.66233648036199,465.25281524481824,119.93519502367937,25.087393879103203,151.95929551322234,39.21324109663517,North,forest,62.36,0.555
1419,2024-06-06,16.4288619603835,83.87250655431335,957.0081196919763,119.13492297230904,25.423028351122007,118.92115300771079,34.6426313044499,West,wetland,38.47,0.4348
433,2018-12-06,16.793759862914776,89.94581557272305,1384.5841747944817,212.20530350130127,27.668954863133067,66.51179285350125,7.362838485135371,Central,wetland,4.72,0.0863
377,2024-05-09,26.571600618096447,96.49669781776308,459.72469825623057,192.69031602835122,19.98657540322924,33.58026666993494,13.314412208970232,East,shrubland,16.26,0.2454
1102,2023-09-14,9.102561128230791,91.07688881681743,99.57521407553422,152.50792554014936,26.151717275865423,74.92435546983718,10.305431173976775,East,shrubland,11.41,0.1858
9,2023-07-05,26.40905159245061,82.60986976686357,183.3062474838638,97.75311887461471,31.341976972992953,96.44278278599722,15.140251514810107,East,cropland,25.31,0.3361
849,2021-11-18,13.432521449398566,72.91414220860818,144.8971397526288,112.83431077271332,27.839378999671887,105.52481847235413,124.7885869963056,North,cropland,52.56,0.5125
1118,2021-09-23,18.37361608652131,85.05956817736194,341.55590121939116,81.877669779755,31.868988387570255,2726.3236572558285,37.242385998062886,South,cropland,15.31,0.2344
826,2020-04-28,11.956552259128964,92.1946677146679,299.488914178267,45.3623350183187,33.584791437611955,13.719172701385002,18.54568953223943,West,wetland,41.23,0.4519
575,2015-04-01,22.924278189956684,95.04000784571464,579.6912589731097,264.3894913532948,29.975538569826846,6898.0199540466,69.72313468254895,East,forest,24.47,0.3286
1242,2018-11-16,27.69246201370777,91.93400100532892,906.862996461912,218.12923049430555,21.719797854919648,8.28766580756266,24.25132539655078,South,cropland,28.43,0.3625
556,2022-04-20,17.57570055352185,73.48008958451435,88.76099536724664,207.05177678199018,23.93518781827844,97.36853309550935,3.9037968701063273,North,cropland,6.4,0.1135
1065,2023-02-12,12.4122475935871,88.6647000661306,492.3109664853319,205.0552299615121,37.58893311779981,9.095102925403783,106.05572866820616,North,grassland,175.68,0.7784
696,2020-08-04,14.11565071214174,93.52449347708946,265.29172054278257,131.8611744233179,27.885011079970987,86.43266453375821,17.177511551476766,East,cropland,10.19,0.1693
39,2022-02-02,30.089048800190458,87.74949203218227,505.29334862988964,122.42697907594987,27.085739538634385,238.2175274864468,2.104279768908626,South,cropland,5.91,0.1057
795,2015-03-21,15.226515846616016,87.88680918691824,342.6983064235809,70.95143588864565,20.840243957756268,57.33286501474633,4.0567160338869765,West,forest,22.39,0.3093
74,2019-09-06,28.916970011303132,82.50470630128129,803.9761876831197,227.55782635130805,25.451233066308067,235.0082555313645,62.0341736592477,East,cropland,19.99,0.2856
1396,2020-01-28,16.942383983767698,86.47231044163965,195.35976831600414,476.7107624237196,30.29824151691672,28.918359866236457,4.1230799389467085,North,forest,17.74,0.2619
902,2023-12-02,13.095778967259989,76.53704085746762,279.7966952586469,183.4544377474263,26.0890742629788,2.522382240520523,77.4184053297819,South,grassland,48.7,0.4934
558,2018-02-09,27.637331109940636,70.57549251678661,435.5917029587007,244.36990446017913,22.883730590896114,139.7791530419843,21.781208199641146,North,grassland,13.6,0.2138
729,2017-04-19,20.650715795830582,92.00373223761662,,244.8629253730752,24.275683022315487,57.16589542692911,41.013207746963225,North,shrubland,14.45,0.2242
928,2018-07-10,8.844485784419772,95.35118491435395,433.5327010577082,314.46021826559877,33.15095190809659,26.591166048253882,15.53652315010369,West,wetland,13.68,0.2148
390,2016-09-13,33.918445322298766,92.84784772593139,113.10531043303418,90.59601323354605,30.00668487598542,29.49314021843862,33.89829967071003,South,forest,46.49,0.4818
432,2020-07-31,11.9893430169469,77.68349305964328,1247.5965876571763,57.208425760555464,29.204241361173413,100.47134904925524,27.565560973717442,Central,grassland,25.19,0.335
627,2021-06-04,17.541988364233468,70.71237438792993,321.86498557571184,164.52060667495152,28.64529283369198,16.09004333410956,19.326357855553432,South,forest,67.13,0.5731
387,2023-01-03,18.389455144884096,76.12401324131079,207.47614217785488,138.44896186415804,18.90182024458866,95.85793142210464,6.921006920371052,South,cropland,6.56,0.116
1136,2024-09-17,21.21460727997716,92.4422258984871,443.41645358580286,455.6093518948038,27.634094520495598,324.7174853471401,28.74685516541604,East,grassland,4.99,0.0907
155,2015-09-26,29.20698860302261,87.01862072136326,495.49363603104837,82.62125312026345,32.408044863380745,1200.0340578554878,3.2640733277242546,South,cropland,6.29,0.1117
1239,2017-06-21,8.164437551228422,96.03413307898518,1616.8472036490962,364.39266351383947,24.43447075267853,448.8953587820308,50.983462819279225,East,forest,15.26,0.2338
522,2018-01-02,33.17674538607402,77.937749534676,1007.7330608796877,139.19584124553168,31.864568374164943,69.58981006083627,24.458921528259786, North ,wetland,28.25,0.361
841,2017-06-30,25.441715425481302,83.99269148845762,365.81437235489017,76.96865318656405,29.271360311127367,80.35848200673895,31.95077726549257,North,wetland,20.35,0.2893
236,2023-04-08,33.667519737021266,90.91110842750861,1431.5185221913493,329.8661267176146,30.966037055340234,29.952931790875198,1.4668150632183106,Central,wetland,2.74,0.052
578,2016-05-24,30.069517510245117,74.78576633922256,1249.5057762633476,91.41346919117254,26.305618919342486,27.15428294338364,6.516036522583905,South,cropland,13.7,0.2151
1131,2015-04-19,33.05163188824686,95.9586092651303,209.24994933845437,245.14002667797138,31.31951336730496,201.95556494650313,12.112449488119166,North,shrubland,35.92,0.4181
406,2023-08-08,24.227014875263308,85.17953250226263,1864.5163365588835,167.04876066609165,17.211910319476164,34.42334309229425,39.39654954348783,South,forest,43.36,0.4644
198,2024-08-10,17.64734253768372,68.22902933626995,326.55455966961,363.719411826997,26.198874321040268,94.55195404060952,7.823946252415965,East,shrubland,9.2,0.1554
782,2017-04-06,19.9586797040673,68.72944499321235,539.823231498889,272.37053029216855,30.278089166465122,12.887215054702535,256.72455874564434,East,shrubland,67.94,0.5761
243,2018-04-29,25.766872380371048,93.58426447564626,1123.4557649087715,137.23677791319662,27.77779715747572,426.43884728136203,15.435767385969987,West,shrubland,46.27,0.4806
472,2020-01-11,19.52716021369108,86.71316430507125,89.25772781863353,330.74219766694614,32.57374193602422,33.660162098937676,7.271804663314633,Central,shrubland,23.99,0.3242
675,2020-04-03,27.75516515363031,90.129103052852,433.7962891084193,195.4167983803876,25.057407048823126,279.21127575017994,16.662324104407194,South,forest,21.73,0.3029
846,2024-11-25,10.479896434160798,90.73646402775033,602.7452573599999,154.7112195799775,22.715268361969652,18.996699130279598,7.760544815601726,South,cropland,5.24,0.0949
959,2019-01-15,30.409639522591995,80.19333351127251,982.3513796706612,165.1364685047903,16.165550005025842,17.54789958629584,6.145121494543827,North,cropland,4.53,0.0831
1014,2015-02-14,13.513093270334114,91.15972613812676,477.64148582669816,250.11301328695902,24.362200997762613,400.23331799168585,55.20092041696438,North,cropland,19.32,0.2787
1266,2019-03-24,33.48658545716751,95.1884408995636,90.54030176091834,133.45987026702667,29.10124968091977,21.348654742526616,33.55683643958446,North,cropland,24.94,0.3328
99,2020-07-24,12.199736598306234,72.99296212531902,1608.813928262401,113.37476610239399,30.56605108249466,5.197353867545733,33.654420962017994,North,shrubland,89.1,0.6405
543,2020-03-01,11.487433294764742,90.1599555867186,490.73868447945426,98.9605746090612,17.604886510063874,11.474064125017465,72.00626215318078,East,cropland,82.17,0.6217
1,2020-02-13,29.920654985859606,76.92596822085139,619.9236672696326,,33.051950757959794,197.36662139624218,32.677017072929836,West,grassland,118.3,0.7029
14,2024-03-21,30.10494934798139,77.32329708856176,126.2407691281309,102.97634482205466,20.15347507322172,170.87474707676589,6.9073974388099115,Central,shrubland,16.43,0.2473
318,2023-01-26,27.946504336793677,79.9698906800552,,252.02475909927628,25.273111152232026,17.396140574427996,40.7984293342698,South,cropland,10.43,0.1726
897,2017-07-07,33.93432252542702,93.04786607733448,330.40362832581127,131.6954519718902,22.58710171005476,21.16654667256005,6.510272256760277,South,forest,12.61,0.2014
1341,2018-07-20,15.304569974506233,68.63962595199142,266.13012126008203,203.38725371752804,28.50349930299432,149.83335943361058,12.452997010741816,West,shrubland,38.61,0.4357
1160,2021-09-02,30.319515952737763,80.58385999749765,1035.5436322041726,280.3395211247035,26.56444830525107,393.02798492283364,19.18793863076411,West,cropland,19.64,0.282
969,2019-02-06,17.505094311172364,87.72138183750884,141.2718965722567,319.213490564683,30.067811332219037,49.24464795715847,17.336598603810184,West,wetland,10.26,0.1703
1167,2019-04-13,22.5097628903722,71.20204829019313,626.4853776514906,172.3455362222805,37.06282768714631,125.38106539718105,3.349519321031794,North,grassland,19.17,0.2771
257,2016-09-04,20.031200801935874,90.97535431350508,259.25736045232634,41.433564163463295,28.387114838040482,202.38050221071546,7.632347412865429,North,wetland,13.66,0.2146
1259,2017-07-17,8.157950612187395,95.31517533902324,680.7404557566437,43.148327132230584,22.53992216819452,1379.5392530065976,19.638488647432993,East,cropland,6.15,0.1095
1335,2022-05-27,23.51047922555726,70.63710981123238,812.4450275191548,248.54854013962242,28.766414165333334,9.644868653756678,10.906002105507405,East,wetland,6.3,0.1119
142,2023-06-04,28.18265896962673,72.43549599709547,320.94992320488564,87.7646451095349,37.67083548042426,20.023666272280924,61.94567853737208,South,forest,86.56,0.6339
704,2022-11-04,12.712914356532323,96.24881952343989,1165.545467996855,128.37314351748478,29.93804158297375,25.541127570517066,73.51472795211085,Central,forest,123.13,0.7112
1245,2018-01-28,33.154708271112014,73.7378135827865,491.41215324519806,267.60195289984557,31.67416165435994,188.91293037639093,6.550975810124935,North,grassland,17.29,0.2569
714,2016-05-13,22.320787564299604,70.28925059539293,1624.457236123664,114.20483472246903,16.438541300610687,37.41693528072085,21.3223271577198,South,wetland,10.22,0.1697
1260,2016-08-05,12.812642085079524,95.61358355548111,1044.3425650973854,71.09604531527944,28.321271593744253,87.21433922821608,97.77974844670953,West,cropland,31.05,0.3831
1403,2018-12-07,25.440584414755904,93.8860585844746,533.7561751321042,130.67649588959216,24.391893500446077,65.54680251965006,17.562783596090032,East,shrubland,15.11,0.2321
711,2020-03-04,13.181913129914289,87.0160387092608,530.8452183136066,224.15244868109573,21.9192508275655,54.740601334436725,13.37009537612335,South,forest,17.72,0.2617
89,2023-12-04,9.715400403974083,83.99149689133904,155.48541208771854,112.95146479813509,25.866096036446432,64.1417104643611,47.47584048498896,East,grassland,29.91,0.3743
510,2023-12-25,26.50351154531954,94.65774819278035,1034.5939127119818,208.306435831611,26.651803887782894,255.91646237879144,15.26859648505056,East,grassland,11.44,0.1862
322,2015-01-10,10.988761849248352,87.01008217823126,295.91587751005176,72.46065469429163,22.25364858804817,12.732038414686324,71.5838996286952,South,wetland,32.86,0.3966
711,2022-01-26,10.867871106163754,87.09350312013703,577.2663435836473,97.2741939073091,27.13078256125237,43.69858464556239,11.081238705520102,West,forest,40.88,0.4498
878,2017-12-26,27.978476205908958,92.46688136185664,1614.903116246747,131.7177609557962,24.959077413206682,8.820542546193703,12.4960433956928,West,wetland,14.98,0.2305
695,2016-12-22,9.490460296617922,86.9441246414802,1150.9006379144566,285.77062114714397,30.2146332470967,76.69491371797368,44.26332548817048,North,grassland,34.09,0.4054
293,2020-07-18,29.863767834294777,82.60662972409264,221.50111204938196,120.99838076262664,27.365449044923437,40.719484351533715,22.210024110648114,North,shrubland,46.33,0.481
451,2015-05-04,29.496016483491346,79.30192343905499,493.4872770323611,111.3855621859147,28.255540153095783,271.4735461870948,22.38533500358196,Central,grassland,32.79,0.3961
1019,2018-05-04,11.817622558099682,82.59088289094598,620.996610055948,111.64152248207532,31.876327812119975,54.20456712399444,2.9762631062242266,South,forest,12.21,0.1963
40,2020-07-08,21.99627747647816,83.15188082352864,1247.1331515333488,208.1907668740189,29.329735159035277,28.057088230792907,14.105808634471249,North,shrubland,34.2,0.4062
321,2017-09-19,10.608888256161443,78.4641245524293,1124.9353481812175,235.43627784312892,25.963493644345228,37.71036264450843,47.657378032733625,East,forest,75.98,0.6031
1338,2020-12-05,25.079422934221654,80.99543386043004,739.7609066697366,279.2830586937866,13.4784502999016,724.2497709641596,9.173235119280891,South,forest,10.13,0.1685
148,2019-08-07,9.699110350204757,91.25428605304211,690.5892506718479,393.29241822905465,29.08236796277006,5.1803834757140175,40.47433484239606,Central,wetland,7.63,0.1324
622,2022-12-27,33.500983120714174,80.07888769160076,486.61869970083757,182.7699404871418,20.528460186457746,21.300399940248994,26.258501991339077,Central,grassland,22.71,0.3123
310,2016-10-24,13.608729854978705,68.74123323242745,607.8544753609971,103.76552497683684,25.48257305179824,57.62820200383287,16.449332394805626,North,wetland,14.59,0.2259
156,2015-07-28,26.438155710613415,76.20756033144163,403.2335944046386,141.80071501346177,28.226281911558676,21.017603114264027,78.08161789923355,North,grassland,79.05,0.6126
634,2020-04-17,11.46386845818197,74.72051405865925,866.4269238814917,90.39335121168806,33.998174142747274,113.97994468997427,14.298519125605376,West,grassland,37.53,0.4288
782,2017-07-26,13.659104104822966,91.01387834312709,716.6214061507494,165.54034675850258,37.05393680870133,50.162706029879324,15.330632721601896,South,cropland,25.92,0.3414
264,2022-01-23,20.175640519851008,81.02949869568245,1009.2614101312455,99.13686771113754,20.47269027877151,80.15620985298071,16.26252881411743,North,grassland,29.89,0.3741
116,2015-12-07,23.473595816220936,76.12900574801886,989.9758874204969,278.4274023088199,18.104822741825217,65.1532510235405,21.769826553701463,East,wetland,15.09,0.2318
202,2020-09-30,34.96930749057544,91.51044163140712,294.7338752852742,175.4251594780718,,46.77888428682127,43.24828453734225,West,shrubland,38.76,0.4367
977,2024-11-21,8.700008158455491,68.55728733214175,47.802129098437774,323.8155887341938,27.454566524227367,7.875560818036307,4.606391546426251,Central,shrubland,6.24,0.111
1290,2015-12-06,8.008489330390347,73.05327443920531,275.9157529862343,231.12590361741883,18.7887447324554,71.1036480199515,47.84876311130257,East,forest,65.27,0.5662
270,2018-01-06,17.459911557303595,91.9816897624782,604.4415166093349,220.39649065725754,25.9003819884195,3.8763219234253525,21.50097037215708,West,grassland,40.9,0.4499
480,2023-06-10,17.886221930665336,83.96890010215168,403.7260932555253,70.76215036475452,29.585245674480536,19.926659878998596,34.95405831930042,East,cropland,31.03,0.3829
515,2020-05-01,31.863605374663052,90.43584346280494,390.6769778417272,207.9983379867441,18.619089666926442,113.72780626472144,219.60937864812843,West,cropland,35.7,0.4166
541,2016-09-30,32.63972878782715,92.30710442810025,261.85436167151005,388.9837091268351,20.03248764721453,325.22957044343804,12.041266180514594,Central,wetland,1.37,0.0267
366,2017-02-16,31.774174361701608,95.31694116906765,667.3414608657225,122.98898697809693,22.135040387826486,1852.190344852161,5.902225178720054,Central,shrubland,9.65,0.1618
82,2022-08-23,11.86582626312329,69.8393133797968,93.4945750048842,256.93297747533836,24.726438505979498,28.72072628668614,24.38087536592906,West,grassland,27.36,0.3537
787,2023-08-09,19.126830549888982,91.17780755565569,735.6011999959736,58.907876489776605,30.163829034652792,14.914189193466367,28.564561365285044,Central,cropland,52.5,0.5122
536,2018-08-09,28.138899381965626,88.55421829837522,745.2893601051766,82.85503045254337,24.041115958548456,119.51302082211508,48.01960328916995,North,shrubland,80.16,0.6159
513,2019-09-26,16.44049883017452,74.00374241962021,994.1083138156396,147.14144734571494,26.331900956147027,902.3055611108633,11.723826874953119,West,cropland,16.21,0.2448
397,2022-10-28,25.907426769784884,95.01936572386357,2918.8375255692085,112.39815834508592,39.47706698143975,544.0913682753513,8.75734808372093,Central,cropland,18.57,0.2708
1394,2016-10-07,14.402857306159484,79.72185452888537,40.50740648543729,98.30102306207766,20.262138303927514,11.55803876838934,4.336333376377528,Central,shrubland,28.23,0.3609
915,2017-01-22,16.732319964941816,93.74070529618932,721.8167955277422,112.71015495525936,22.082039616192272,44.22261097522156,5.1166834788175555,South,grassland,11.84,0.1915
628,2022-09-27,31.231600532409065,85.54829743528283,824.9956843981855,196.33948841073394,,195.49815161346385,13.25053300879199,East,forest,23.53,0.32
308,2016-11-12,14.763743974402868,83.27569044968774,276.51459117616895,258.52547646366605,31.928259146796563,216.92826625888927,17.875214063358765,West,cropland,12.15,0.1955
1201,2022-09-14,34.0367503458913,72.6261940829834,426.41283454054826,204.9031449479438,28.48880524187597,132.66045391967216,158.4016928324618,North,grassland,56.68,0.5313
1332,2019-12-20,16.26900814529487,94.51550110433207,334.1852994728984,210.99411684637374,36.85380541259201,27.851229816675424,3.6966118513754553,West,cropland,22.26,0.3081
48,2024-11-22,8.635258965228488,84.14319531350515,754.9544663317635,150.54534132313978,27.904735609231935,130.90185276453047,28.08965410374841,South,wetland,6.44,0.1141
1394,2015-05-01,14.882324402669402,68.1766797594077,1069.1898492787725,81.5050923443596,14.143377898941157,220.08772289657352,9.718819366052735,Central,shrubland,10.62,0.1752
1049,2024-06-14,12.622533440572496,68.53025169103822,176.39099505937378,144.28270121257876,26.581974124684155,13.49028621098431,25.099971825042996,West,shrubland,43.77,0.4668
149,2017-04-02,21.684328087873844,90.55134554552338,673.4938955501159,167.75918549552387,22.574098255414942,401.5587498824214,11.550908903592722,South,cropland,3.11,0.0586
1129,2015-05-09,11.04333379085222,72.6961542479733,1221.7727059748865,264.3782340099893,34.30287049313365,241.75849442556975,56.56467009506347,North,wetland,15.66,0.2385
161,2022-03-27,24.903319685626062,85.36341463321621,294.1230533437151,349.75162576649075,31.78774438529016,17.94044660520728,56.21538052646149,West,wetland,25.81,0.3405
76,2020-04-27,31.622274905025353,87.75137689608543,235.9339179121171,187.95175457988887,16.461855341236337,218.62648866650687,17.937598123602474,East,shrubland,16.63,0.2496
172,2023-05-15,17.788009808700863,76.10160219550642,212.45956530993325,250.67117344031107,34.10190838152525,184.87325519416558,84.6996904668681,West,forest,80.27,0.6162
689,2016-01-31,12.54930342124592,84.51010044393095,247.29643217837983,36.06799855475365,31.636206612792478,195.72859479010958,42.95309345436408,North,grassland,32.42,0.3934
929,2015-10-22,18.800674886179152,74.96750363368317,1596.3277732163524,130.51239613070265,24.053227225395034,580.5405090069984,80.84703912634818,East,wetland,59.2,0.5421
610,2020-09-01,29.22110417916693,95.44314739367056,1843.5383614900481,150.1693873684967,,53.748046996308425,19.237524774973306,West,forest,77.61,0.6082
182,2023-10-25,23.97016720014908,92.94493453412585,1328.86574805855,202.21186231295317,34.35306224681912,89.77279458052406,52.02886955035912,Central,cropland,42.8,0.4612
298,2019-01-21,10.730866759845284,76.3532409534266,397.04184632490984,353.98888223155166,,1.0427981377511892,9.316033174259811,South,shrubland,13.72,0.2153
1278,2022-12-20,22.504053166829898,83.33562023755985,1363.2980664070296,182.16363071150514,28.672388030238174,291.11956086259727,8.41773648040028,South,grassland,11.03,0.1807
1443,2024-01-21,20.638305299301017,82.51835285746327,201.4083556406837,54.157854009124094,32.5604578107502,251.98753610445405,177.65183294842365,West,shrubland,184.91,0.7872
1131,2023-09-10,16.83203091257136,95.84067448055214,881.0716233721196,,25.467721815727792,417.40269747040344,6.781023922831966,South,forest,17.71,0.2616
155,2020-01-31,10.974336093439728,79.42683462533176,316.2290495424517,125.33130000045912,29.88745887885074,13.396311250482796,12.986292360008889,Central,grassland,54.37,0.5209
1229,2021-12-24,34.49002226174742,84.30459908402544,177.71706563428074,201.77321155098304,26.61892721934694,231.15028391211246,3.01015981213682,West,grassland,13.95,0.2181
1037,2020-04-02,12.753169637117901,94.93249125173568,658.597478395349,221.2157491381348,21.295764381728493,251.67131853545715,8.620446474746243,Central,forest,16.27,0.2455
789,2021-09-26,13.204058051350128,72.72152048412019,670.3760770934283,51.78439359121225,21.145819895514485,20.56570907714198,7.431772839556391,North,cropland,8.53,0.1457
214,2020-08-31,11.930732686760368,83.9640824950718,718.4516147405643,145.9674981210664,30.271575604274666,266.11981519899024,10.27495410772978,North,cropland,13.05,0.207
1495,2020-03-31,23.39521204487133,71.06451469049306,777.7539766412208,148.87847558046886,22.185759646771093,109.35080038223613,27.10948805642298,Central,wetland,19.08,0.2762
663,2019-05-14,19.97907851103291,85.90746902273652,634.8894771568692,181.00348015240587,16.852514369625446,4.275847547255616,34.50262410874758,South,cropland,15.57,0.2375
66,2021-07-10,14.73804391471701,78.60481289822313,458.6252268228817,102.59463014477915,26.734392150328997,131.19978407054393,7.338911060454888,South,shrubland,8.66,0.1476
314,2022-07-04,19.59443134158126,96.06144612220842,525.6982134335947,86.8609616261385,22.92151147418892,17.27377930877558,9.118756560170583,South,forest,18.98,0.2752
601,2024-03-08,26.185089978666383,80.04686625330726,889.6929787875227,351.0294925217574,18.80535124856174,4.4198339525283705,59.353448832738785,East,forest,60.84,0.5489
93,2021-02-16,15.605914350463014,71.9494414887095,617.7111781660025,171.54835544891938,26.430484598407322,94.61631397436395,110.53067329042018,Central,grassland,57.19,0.5335
485,2016-01-02,32.711635952820274,92.18599886692371,345.748791876624,,30.603660440521974,49.50154817527864,70.52144574891557,West,grassland,109.87,0.6872
702,2020-11-14,16.271348403798058,91.8051340512645,272.5316867507792,114.14680626289147,26.12090038514851,448.41554421162374,3.8716039579117623,North,wetland,6.72,0.1185
1422,2018-02-26,13.350833832217038,88.15092896674075,522.3214038624005,359.29466871398506,19.602554863605505,71.70630514179872,65.98366044691412,Central,cropland,8.53,0.1457
129,2015-04-08,33.77333186556599,89.71554225464261,1217.9713366011802,290.17854627160096,28.89082137442131,175.52456245221447,128.21247600898278,East,cropland,20.65,0.2923
865,2015-09-22,29.885136473190844,75.6767413129928,786.2594130156946,107.32301716033723,32.21093829245872,117.12175667991762,3.6841900779299115,West,wetland,8.62,0.147
1373,2020-11-28,17.26471587077357,86.61955151226066,1261.9624363870676,82.21927833020277,39.278204979781535,252.50625786679885,59.30541142131663,South,wetland,52.12,0.5104
1209,2024-06-10,30.718659980884652,69.10257626495641,391.70257045681376,85.76431651055847,34.6510641815941,14.445587179826026,25.15902338920517,North,shrubland,116.55,0.6998
1387,2020-01-20,22.007984727152603,73.70981417281101,584.3990655525889,274.56585330780416,19.96784965880785,73.53819603414672,14.481359785721095,East,cropland,8.17,0.1405
255,2019-06-14,17.362317453048696,95.03610397903951,650.162264291065,120.79869489206845,31.148496428567576,44.207574597774894,22.335622997617683,South,grassland,38.42,0.4345
1202,2015-11-20,30.669512917558787,89.4378236153971,918.3431451399452,63.16171363302033,27.539143523945583,145.55078678233394,31.288811375651605,North,forest,125.91,0.7158
1467,2021-10-01,28.30845680533989,74.68950368868848,392.1753963096717,116.117291273409,19.087405034784318,80.1355531498303,63.916979907331594,West,forest,75.63,0.602
489,2015-07-22,16.042620751363856,71.23010959605935,,179.99582014040047,27.702771270931823,21.735420284640494,60.70429961759255,Central,wetland,31.95,0.3899
747,2023-05-29,24.38031991196529,95.51866390118654,1171.677372186234,144.5793045998123,37.51206018744254,32.88773165233524,4.450750266128103,Central,forest,41.4,0.453
796,2023-02-27,17.973536035034527,71.25344231574385,478.1553149759832,292.72390434533526,33.175185264315026,647.2638798921923,10.499501163799106,South,cropland,4.07,0.0753
740,2024-11-26,8.02840325913048,75.45503139337019,243.60353157350363,181.16078289739934,19.91930116258017,4.299390733096882,22.055577569595695,West,cropland,18.18,0.2666
434,2017-11-03,33.96902501780754,73.29638579698425,1198.5751948786153,194.15287162352797,26.08230330130963,158.22958695174262,96.75855356324381,East,cropland,32.11,0.3911
1456,2016-08-13,22.839985053966593,68.21645079194127,835.9046377223207,242.9731524179973,28.95004658184108,351.48584673280516,1.3132545927321895,East,forest,11.46,0.1865
1434,2017-12-29,24.157680244976145,77.10990844884327,140.5434016297441,236.45290000421582,15.620578390165122,130.09380000262632,10.904380549501454,West,cropland,10.33,0.1712
571,2022-12-28,24.197068493286963,96.2511872763641,486.8576840674322,115.79932453658365,15.827373417862484,1049.96528105921,4.3584187798625855,South,grassland,3.11,0.0586
1207,2017-03-09,22.867319442123875,77.91519586847134,1660.484588377082,83.070531142532,26.927767064651967,223.1342192868214,5.107052572942,South,grassland,11.82,0.1912
596,2023-11-14,15.831291808887023,82.62484150456544,740.8701908599697,173.66117247213478,27.006050299604112,97.14314094532321,53.82484133448579,East,wetland,17.85,0.2631
1192,2016-07-16,34.23255537251752,89.63213773373167,521.5887878356868,161.3111172151352,14.967086399223486,27.11008129928679,11.8001755332136,West,cropland,17.43,0.2585
877,2015-06-28,24.78504713791269,83.98132296029726,217.0683539326047,181.8685746290816,28.327841154245757,99.88316678154155,1.9470239461473606,East,cropland,6.51,0.1152
705,2017-03-11,26.114876734956958,89.56415371495689,216.52401288151205,189.83496761390754,32.5217762209905,151.79377865315962,17.14250325006132,South,forest,34.98,0.4116
192,2022-07-15,20.279404447560346,87.18744017752493,879.4218511102237,337.4991754092276,24.690189986872927,54.88557900693545,153.83175242488696,North,wetland,22.03,0.3058
981,2021-01-07,15.77225781325113,85.64832766697143,234.5017004194365,133.11090008521947,26.35887071714707,17.917181022016244,3.2979755257607413,East,cropland,8.17,0.1405
481,2018-07-18,9.737422518723093,86.83981830914061,653.5700751074093,193.76350708910084,29.42847030010548,8.968029730946483,34.224349878238144,North,shrubland,38.9,0.4376
325,2021-07-22,17.45621530733293,91.17576650026928,477.0641781047439,82.86225700272651,28.63417565776433,72.10405817478168,96.3226806472934,East,cropland,27.94,0.3585
289,2021-06-25,12.754630590246588,88.59555044923202,625.5242438057285,98.20773546107009,15.988264987008701,5.927044485395495,19.1169871682103,West,grassland,32.03,0.3905
1472,2020-07-17,25.87638324293932,90.96147270045056,446.22518468128965,156.01665447176026,20.569272847318288,26.915059584514644,138.10307404587329,East,grassland,53.3,0.516
154,2020-02-20,31.733104889673424,72.2223315102224,716.8191402924657,90.26474925987806,23.624879382868343,1.42246217148589,10.383200681627057,East,forest,50.59,0.5029
1197,2016-01-06,16.174381172632614,87.65253824860567,989.8847881829566,214.37961003281077,20.835037695282885,190.47630324827426,85.28000664008852,South,wetland,14.07,0.2196
1299,2017-08-06,16.987830886179257,89.37363545744046,451.9700731097863,198.0953292062834,34.80181098786281,308.2989915106292,67.35231140271986,South,cropland,24.61,0.3298
46,2020-04-10,26.099841603383314,76.6990265424082,931.3257777027429,108.14897291267235,29.806855629604296,61.462183939470066,19.44261528770104,Central,grassland,28.03,0.3592
883,2016-05-08,12.030328724513382,93.36274250745518,1299.0125323462794,138.3169310523432,19.341647565220406,851.6609893222926,4.539404538758961,Central,shrubland,6.2,0.1103
866,2019-10-03,33.09481052029788,76.83663649577831,649.6906787940366,275.99502726373015,24.713985453232972,412.02339360177746,7.376284636619611,North,forest,15.36,0.235
538,2016-03-02,17.823863087688043,75.07113146191843,863.9824402172081,172.5912347420393,,112.13220452528178,1.9267081256397849,South,cropland,4.69,0.0858
1000,2022-11-13,10.732385040022915,93.14580764893482,178.21306586029885,436.61601656801895,22.12256365166991,46.07075922529078,36.384757120528384,South,cropland,8.13,0.1399
613,2016-01-13,12.71646813285732,75.16357530537637,459.2907066121117,138.38385478340132,31.109503126065547,32.327000883004914,32.2752444015128,West,wetland,32.9,0.3969
659,2015-12-04,33.18414405220137,80.0495714105222,124.61401233176218,147.0653020263331,34.29907814336393,126.94280256930796,21.741382061395203,North,shrubland,64.83,0.5646
647,2021-05-16,14.672220785963539,78.66976207106775,339.51100748154045,156.02188912702474,33.2968457878794,44.17503182601429,17.765993517034257,West,shrubland,45.49,0.4764
1201,2017-03-15,25.88125770344473,94.0437928541899,463.8737262473303,58.30421156532175,27.082424867502976,124.25616761361877,78.0688981788794,North,grassland,116.35,0.6994
949,2018-07-06,12.216461035533158,81.20183641035096,1755.0341509452026,143.4510698910778,33.50614998389174,138.88974552891145,27.05300711683095,Central,cropland,40.51,0.4476
568,2018-02-21,13.240745693416999,88.13495906559025,275.81591850149806,140.80901662061635,22.866571900488136,38.69193298413973,11.534641857302725,North,wetland,6.27,0.1114
1390,2017-03-01,31.739431910299395,91.02712823467104,503.61166807668747,224.40405452039894,40.915288027676574,282.50004882956074,23.271472604754404,Central,forest,67.33,0.5739
1203,2022-08-12,11.996896942769169,86.20920384166811,235.03403883323196,281.6867658481521,27.445097248607233,38.751641436017756,155.6336907908061,Central,shrubland,57.57,0.5352
1399,2021-11-30,8.506265841879538,95.36714045142253,434.25443330354875,132.0458319087314,32.88076497265937,56.373986676664735,37.41856193945061,West,grassland,83.69,0.626
1095,2017-05-21,21.53329611720946,91.27271834842423,725.1826500590428,41.25645152207052,23.827946845909317,12.600205199676708,13.600163104311154,Central,shrubland,42.77,0.461
587,2021-11-12,31.293623958099236,79.60599220257103,809.2823594223769,168.7023600464741,28.99648719950895,36.382027310907525,19.21185538657091,East,cropland,7.54,0.131
1159,2022-02-17,16.801758226221867,95.57354345447281,390.52803329392344,89.64839581359706,29.26078088396825,1390.3317739840063,31.924659432527612,West,shrubland,64.84,0.5646
493,2020-05-21,11.460381307434183,83.21267016486868,310.1660787360319,176.50969689808062,20.426997954409895,14.145833758328854,13.182813369519511,West,grassland,35.85,0.4176
406,2020-10-12,34.52023239827222,68.65474236540199,,174.1296444588069,20.249339780529453,105.27421744258167,12.0667708633545,North,wetland,12.03,0.1939
676,2024-05-05,26.27194299621416,75.54038510993401,367.8905384942157,103.62524384835919,24.772984661464747,27.612353733852313,19.859411575047954,Central,wetland,9.33,0.1573
1453,2019-07-15,30.968647062600223,86.03015802408073,60.876680677885034,169.44090155318008,32.63199526307594,1.9721962070883197,91.75207616517692,West,shrubland,192.25,0.7936
851,2018-11-07,28.30773335288094,72.54763216740866,1175.9128069932772,64.45788665003344,15.01143413692989,126.27418762201609,44.29963834127228,East,cropland,10.93,0.1794
575,2020-05-21,26.852541397708134,84.9379733019029,79.81921284265155,182.18732519303384,23.822904681843823,23.708025312186983,13.336053251962547,South,forest,9.85,0.1646
692,2023-05-09,18.38322981253485,78.48634264691836,1177.1253739272681,235.18473276803437,33.859235737197096,88.10786693852641,47.89508680720344,West,grassland,47.9,0.4893
436,2022-02-02,16.757179816498265,83.49717892168995,127.29583263917868,202.6464040441865,18.60722363937389,240.94734975046,20.25847879489355,Central,grassland,6.69,0.118
988,2015-10-02,27.3578820891508,68.05437058832433,154.6416879322942,117.23783171557207,33.5234039795345,77.62562379921793,28.348903371835288,North,shrubland,85.49,0.631
525,2019-08-04,27.351251220785215,92.60421928539225,196.23063044494663,226.30583090317168,19.233242140593966,89.3399064550628,25.883969049414997,Central,wetland,3.36,0.063
831,2022-05-24,33.66588636932552,78.49583914549032,344.5311088794731,213.2561645306351,20.500750315493597,14.851340258731708,2.434503963097474,East,shrubland,6.18,0.11
554,2017-03-28,23.353815081904703,72.06459459406064,1184.8664217837438,218.20107437970964,25.116669332744095,157.62803383786354,0.9536715111680284,West,wetland,2.83,0.0536
481,2024-11-16,15.954769856267186,80.69955985314732,,298.8617828087036,37.24075441028562,41.078052618122896,25.194391766680194,North,forest,93.48,0.6515
1455,2023-01-28,21.217277581922893,82.09914151117619,723.6642043845001,191.13652234908488,22.159956821526105,2.724696617934588,8.560329925958122,North,shrubland,83.0,0.6241
518,2023-06-18,24.570273051599816,86.48467860438947,614.5772542407194,84.48524443408793,15.602223269826624,188.83368291475352,3.899067454161415, North ,cropland,6.24,0.111
105,2015-10-26,19.52170458857664,83.2123107702161,538.9851594927347,92.84252952828766,17.58838371512525,298.71032151090674,8.82854902543071,South,forest,7.18,0.1256
567,2020-10-16,29.3605943307078,69.26218387994481,1039.5964745651547,191.21739861381312,31.591689141635065,503.5503380048056,50.63497427288691,South,shrubland,24.75,0.3311
798,2020-04-10,23.78455672982762,93.27385734025518,572.8567962193898,52.79235336300697,17.871558289446313,1416.9111057612017,28.726662165316405,West,wetland,13.53,0.213
141,2021-04-06,8.254764645946565,81.23875902182188,605.7853454950684,142.2665050281657,33.127787452887,174.2170301058401,43.45653324679304,South,cropland,13.0,0.2063
458,2023-07-01,23.38567698226423,70.23264540345725,858.6468765165555,128.28209249421596,26.418744926603633,118.0322835735029,31.598054672433285,South,grassland,36.02,0.4187
249,2018-07-13,25.107302220430245,90.41201885934638,354.19231625301006,210.10743979924592,25.80637264031034,280.70986104203524,8.01382371307294,South,grassland,9.03,0.153
750,2020-05-03,32.71205379168991,87.14447814470898,507.3908257227385,75.57500647348347,27.783825475756746,14.432856083382223,43.66491162542307,South,shrubland,54.57,0.5219
1084,2021-10-16,19.170485188933093,86.83369541030743,648.9124920660071,212.2354790692308,21.194477984619372,4.446182457539033,36.08003500220962,West,shrubland,25.36,0.3365
1452,2022-07-12,23.510626800326676,80.38050605033126,971.8331995395486,137.80158546758508,26.82723152897115,26.69528044022195,17.85916257527022,North,grassland,52.18,0.5107
583,2022-09-12,20.824931169288096,79.90441481600867,458.878647771177,184.75738715524287,18.841562019577673,370.87544038411147,21.302835556611768,Central,shrubland,9.55,0.1604
1294,2018-05-14,22.354723568659907,83.55382045523294,500.67565560544057,79.48399747270169,34.09334557792439,20.25397968146559,44.36566487649476,West,shrubland,154.09,0.755
321,2024-12-22,9.817209908062905,69.467237974074,711.733428635582,216.45637968294017,19.836228620535984,109.77314098060583,9.49296202227305,North,forest,15.91,0.2414
1170,2015-02-05,32.22665902339374,76.66977516231971,465.66538854510026,256.17506897253395,28.633283809542178,129.01722906323312,59.61355403925622,East,grassland,17.43,0.2585
844,2019-12-03,32.58113317545389,96.64893103330883,281.673565925692,622.499489432726,19.79149818643633,78.75940555263318,35.342774219609815,North,grassland,5.97,0.1067
1137,2021-01-31,22.797609465751083,87.20358218471421,857.5876073632668,178.53643850872916,22.800772481051546,8.032947063151564,20.130939228405627,North,shrubland,23.65,0.3211
1133,2015-08-12,23.02699892446553,80.14909079710235,575.2246987578042,251.58797685716326,23.75700779504114,91.29158540988479,92.87331911917859,West,shrubland,41.35,0.4527
798,2019-07-05,9.554012970486772,74.44852998527314,376.5287870911604,90.09903712686025,43.8880878855281,29.010847285530318,5.505064196977746,South,cropland,29.43,0.3705
386,2020-12-14,24.144663854233432,89.61107149510677,195.88248305028415,290.7514167974169,25.913323479588698,702.2516308539799,12.677328334432001,East,grassland,12.28,0.1972
789,2021-01-26,19.587098326737387,75.54841898147956,81.81569898710366,67.26990390635109,21.07082121775877,300.4609196399238,10.15279666532614,South,cropland,6.2,0.1103
1240,2016-03-10,27.144178016329807,72.70873301154256,738.0659003127207,348.5459630184363,23.332666329356737,30.586550497988185,28.734286071931134,South,wetland,4.05,0.0749
1455,2017-10-09,9.272372748080453,72.48093210679433,276.03743920303,169.46383705246456,16.971964689274838,771.7068251559626,65.52377573521947,West,wetland,8.78,0.1494
1391,2017-06-12,27.193967433696223,89.14863509577724,119.30099871459484,71.08591453619765,25.02328447126965,91.42940221080411,7.515578961128151,West,forest,28.06,0.3595
272,2021-05-24,15.746133243472475,86.6414973743728,248.1626632401059,130.1911777283637,37.10651998645321,4.448403211186495,547.5742490711634,North,cropland,121.55,0.7085
896,2018-04-15,25.596043922233914,70.02437688176569,646.6942329194654,250.23876786780434,28.016237185880158,48.54746969106787,10.352662192583171,Central,shrubland,18.34,0.2684
156,2020-09-16,24.932401333427322,71.33624164550388,273.73123668194387,143.68764318192115,31.420405698361122,634.5505112490403,28.808874232213235,East,grassland,15.44,0.2359
1003,2022-04-22,14.124720085070278,86.38155915325373,656.2305092180095,142.67118969781376,20.540338161169373,15.962500389779462,20.139565287198987,South,wetland,8.63,0.1472
1488,2022-12-20,19.892213320839204,84.56236695429261,325.1936649344197,238.64121488100383,24.77994698454976,49.28600380663933,21.03434364476916,North,cropland,7.89,0.1363
78,2016-11-01,30.562097994439764,87.8939727507826,504.9591927054288,150.0374471491673,27.223415811537016,7.100963814492159,9.093760468805613,East,grassland,15.85,0.2407
984,2024-01-11,24.350974377058897,73.16312834253459,538.8255726658241,281.571756947022,21.64815901744249,9.009688967347751,58.41346769864357,West,wetland,25.49,0.3377
1418,2016-08-27,9.85593415341711,89.07104928029784,825.6415938070073,115.26041221891019,28.40004042038651,15.621378365434598,8.551260896526678,North,shrubland,40.24,0.4459
1270,2015-03-21,19.958538445662402,95.14679755258594,843.90301773428,55.36784434886266,29.6925704911326,8.661627455567926,3.424895348054004,South,forest,13.26,0.2096
588,2015-06-14,16.41782938700376,85.4304591215278,517.7081114702642,154.65370182934635,29.257088305019238,21.59774417613707,6.540427745052123,Central,forest,22.88,0.3139
155,2017-01-03,25.324433330614085,73.68777056964073,226.6007717951148,164.32494768423336,25.093500335969924,740.5735301493105,85.22677280739444,North,wetland,21.64,0.3021
1385,2023-09-23,24.593226414972044,87.70677180323909,1116.8066304291951,112.86295210637674,32.545467803915365,51.72241005804363,70.13838280753124,Central,shrubland,68.3,0.5773
1381,2017-01-28,8.280748740773795,77.94936882283586,370.25379126139796,182.10787565298267,24.454295368889124,177.37791179202475,2.6986841896252587,South,wetland,2.41,0.046
868,2021-12-06,24.4077787542985,69.42934464518592,35.42730582774267,61.01422217545586,23.90707527333633,280.71881931863385,45.319146277167356,East,wetland,18.93,0.2746
1468,2019-03-08,27.840940657593293,76.76782216522246,,184.80221877412959,34.64923404260276,10.353714070085092,2.767839567599586,West,shrubland,35.21,0.4132
6,2015-05-26,28.75571087484254,94.26196795655383,647.9233770034681,82.11410936159481,19.358202201796537,15.685416281007708,19.546029057168326,Central,wetland,7.59,0.1318
924,2019-06-10,9.592345800528951,79.92304028510328,382.3830389595047,70.94731733476311,15.782186475287117,172.21231260200344,6.002934544246915,West,wetland,5.83,0.1044
57,2015-04-14,16.198777261966463,93.07529480290168,128.08100002892877,161.9606656497348,20.79310210257144,21.08528685349074,48.949127091983506,South,cropland,12.91,0.2052
1403,2019-10-05,19.374386134891147,82.75112096216095,101.38272914237928,67.67485259280318,28.32345156006824,155.92587864371225,34.97595772541282,North,shrubland,126.35,0.7165
1020,2020-08-01,12.85383611046262,82.9923616798284,405.6759237981555,44.44618035830419,33.701546086791126,675.8584303531395,53.49452208998203,West,wetland,40.0,0.4444
1370,2020-03-17,19.359814521455263,68.15127331088193,206.9035134052403,197.3643643773999,22.03688895091031,6.1529132502370425,14.950730909540592,East,wetland,10.95,0.1797
844,2017-10-28,9.920497467290993,86.4760181253802,969.5604597332348,87.46900511548068,36.88902512174252,31.963631975736963,16.58785930074928,West,wetland,44.0,0.4681
124,2022-08-29,11.056866641190393,71.12660150588219,393.0505885436993,207.73542827623737,26.163184125657878,40.55231791933727,4.485070484623549,Central,wetland,4.62,0.0846
39,2020-12-18,26.054758596772324,81.88370402577958,355.3785003218082,134.97945192464405,25.30682271681086,24.7902473396727,7.167202428263835,Central,grassland,12.28,0.1972
503,2017-07-18,15.089456451324185,75.54918881408487,1635.7888852463284,161.88298138412677,20.90037115508265,21.934022935598634,51.85925606012509,East,cropland,24.2,0.3261
1115,2019-05-06,27.207957881948456,79.37910600905013,43.90295306514284,252.22253602087824,37.708131011813805,26.096958575845857,28.999104894529747,West,wetland,41.21,0.4518
226,2016-02-01,9.298930256450035,83.57524331433723,501.61255798615616,191.9109999929131,25.098266731886078,53.36333560849971,22.294388170005238,West,forest,105.42,0.6783
1278,2024-03-24,23.192982432174578,68.41945932345722,85.02001544743084,209.99325344653664,18.00807184284973,69.91828496057616,70.95981707698003,North,forest,58.34,0.5385
359,2022-07-11,18.569113916844685,76.25292391487706,1196.0940290472665,206.14336356885534,40.74601201298276,228.17577250180972,5.473169131130423,South,shrubland,29.04,0.3674
744,2017-11-16,29.518227581717564,96.69874609446408,116.84588893172157,107.19593807010921,28.362020563114083,52.579273217092926,41.27049751385023,North,wetland,38.94,0.4378
304,2021-09-29,29.166692665550173,69.66457464879623,666.9896267292669,187.5475034770147,30.792982703625682,292.1485544310654,6.17706587347463,South,cropland,4.77,0.0871
698,2021-10-14,18.14011034635272,77.26241115656369,599.5409160739767,93.78662446414909,36.08936132504434,22.47266956491481,88.04727363006046,North,wetland,48.04,0.49
678,2021-02-03,24.81327838036829,77.3212227739748,83.02854546517716,187.75992790121038,29.686775494726646,9.006582902521954,34.621475640590916,Central,grassland,29.3,0.3695
8,2015-07-17,14.143819458126178,79.00219170705012,670.6171903297217,131.6282036129673,31.849336142266733,34.565944984930255,52.693987544469024,Central,cropland,47.81,0.4888
851,2023-10-12,23.670984576871348,87.85864663482802,324.0395849106839,145.99972728815348,26.32595043396833,109.26094170402487,9.957770849180232,West,wetland,20.53,0.2911
1179,2024-07-20,10.194146736583106,75.18457016180598,765.8707895752437,328.77406480658885,30.402393724611336,198.48232527303182,178.05602096002067,East,grassland,63.49,0.5594
1404,2024-09-25,19.734315671202474,81.34781097994554,306.2949769924366,201.78948327762748,25.79505311266024,488.0170669177984,148.19928541193505,North,wetland,23.79,0.3224
496,2024-10-19,12.933647401528948,86.70104343872103,672.5073256049981,111.66716312756006,25.878739484953616,84.37747279603654,30.888347848562898,East,wetland,32.22,0.3919
1320,2024-04-13,31.851291916471112,77.34733969152907,463.9057078658071,60.791997453998015,26.71830053920368,168.93922058889655,65.0568636663161,North,shrubland,65.9,0.5686
1318,2022-05-21,20.012322085104458,95.51440483459439,671.0267337245739,164.54554517971746,23.619109123722904,425.4591978079367,14.851683234386764,North,forest,15.76,0.2397
1482,2015-07-27,23.95089121321344,96.41050641333776,755.8484772077156,65.53345664900337,29.026267012015513,16.964614127929647,5.649227260437334,North,wetland,17.82,0.2628
559,2019-08-26,999.0,71.47053346293782,425.32005436202166,349.8073580298218,29.01107105129064,39.83669613397702,44.513411133931456,East,cropland,26.59,0.3472
1276,2017-06-13,999.0,77.9707766476235,371.5590094739464,148.17656641773584,30.91349959936754,3485.51056412378,8.009993198870237,West,grassland,11.8,0.1909
847,2017-03-13,13.478834142661405,74.03119002438778,741.531530257592,239.70487451046634,29.837639090212836,197.2719854729827,74.45687838501237,East,cropland,11.91,0.1924
87,2023-04-20,32.62053273200953,73.41689827115634,328.1439472475605,73.58193056943875,38.00025830969616,117.45443404900664,57.2746511990219,West,cropland,82.33,0.6222
405,2023-02-13,29.585576125527723,82.2384153118101,432.4298813425892,199.18991459429657,32.315778437819404,208.62455865565425,25.41202915097404,East,grassland,40.65,0.4484
1008,2020-03-20,11.598050899637833,84.35098613591148,1353.8061585592818,264.71542615026374,24.756488657512435,7.363123869927692,24.02982777652548,Central,shrubland,8.31,0.1425
240,2022-05-11,28.161571659878554,80.34390917733037,505.6759896061608,207.42826758210396,28.71842902295548,20.692273239379258,54.01644209987341,South,forest,77.79,0.6087
652,2016-04-17,19.30033097998964,75.90409131982346,844.2932666433568,230.69234929613395,34.47618868496009,11.959825771103981,26.431699357739003,South,shrubland,25.06,0.3339
1162,2017-03-21,8.415709683935386,76.08002565335555,287.40626603098303,190.08363908414967,20.300160865906815,102.30028711621391,13.403800319763238,North,grassland,20.0,0.2857
224,2023-08-07,22.265917650157995,96.77171653388119,665.5114282745493,125.35348698996867,38.08545075869703,31.39193154202188,4.417141537931672,South,shrubland,12.85,0.2045
744,2019-07-05,11.511253882291385,94.78664384571726,441.35100764347925,95.89377106308716,21.352163397501077,62.99672454530874,52.399640437163455,North,wetland,12.04,0.1941
322,2020-06-18,13.668226453527057,70.20106638869136,379.6704583070452,104.39250058101791,31.401652359426645,34.24277621566948,28.97516258348996,North,cropland,49.61,0.498
804,2019-08-17,26.79310595845051,87.03996890788764,,353.9890066714849,26.039602641346942,4.7606828258856115,315.97404588511887,Central,wetland,55.89,0.5278
361,2017-01-07,14.942835002812295,81.24945061706049,209.3679703787345,173.4195974900139,25.694405600513356,205.91524574987548,18.248608736412063,East,grassland,18.48,0.2699
1448,2023-04-05,32.08098144972905,87.9756088187757,1706.2238515543747,277.1669015329012,18.18252275811305,3.883377809208535,27.167897928795988,West,wetland,32.1,0.391
115,2022-07-30,25.74358347745259,85.31186046067606,459.5093203736428,115.22779843918251,31.44500056952391,18.32983190076598,27.813000553092344,South,cropland,16.25,0.2453
1445,2021-11-01,30.471654092591844,93.7883196023901,508.29747454495305,223.8451387967251,18.269850889365966,7.5896963196274925,38.503777679092444,West,cropland,12.76,0.2033
1187,2018-07-13,24.61011753491497,69.94266111437592,951.6038607474889,92.16236576456659,17.34337860282968,14.590756980277604,7.637887606144715,East,forest,18.71,0.2723
1283,2021-06-05,31.458938957594427,78.13833944967345,620.3216969228878,136.88835235992082,32.958218110439454,73.90554391069561,18.592992217413652,Central,shrubland,36.13,0.4195
1277,2024-07-11,17.765486225598053,96.57932964749196,377.5890925892199,122.29879929840234,36.737633574758476,348.1155416497625,45.95485120109062,West,shrubland,111.84,0.6911
281,2021-06-29,22.82679557591065,73.28627512072788,,333.79072515951856,21.99652540261404,5.251467264975282,14.400120456483942,East,cropland,6.26,0.1113
1396,2019-12-10,21.929040811997005,71.69266974569277,194.21127000453947,100.87330029562297,32.018655341931414,23.66951593031752,44.264754184885554,West,forest,179.64,0.7823
891,2017-09-14,32.40234911810521,89.14018817401669,706.0077745946461,211.49065164205822,30.77915812038607,3.9607506309991707,22.125172068558637,West,shrubland,88.23,0.6383
1443,2020-03-23,12.452716032432566,90.54561964050644,724.1673350829918,192.58450589973424,25.450887829331126,22.018476932893954,30.02021738610243,Central,shrubland,64.17,0.5621
1317,2018-09-18,23.607640606040697,87.49593288256514,513.0586947493542,77.48496565034573,34.01490128962534,60.815099364433884,63.50612853366495,East,wetland,36.49,0.4219
869,2021-02-09,28.36964224412847,90.50967903403783,450.26969633310756,278.6406939960925,25.018266918340615,172.53780135066364,16.000890948145038,Central,wetland,6.44,0.1141
561,2015-06-16,17.991343534408827,88.11792559070199,728.9039322002163,294.8646675499486,29.10520487191415,2.275402637573225,4.702756326405773,North,grassland,24.94,0.3328
175,2016-11-25,31.42470116463136,71.93734978638612,189.92370778573294,173.7951557902884,18.477380699944046,124.68963501772808,15.389109280097845,North,grassland,14.55,0.2254
151,2022-11-12,18.07139871109882,85.6384350268767,645.0414204101019,159.22871945356857,18.733822219093568,12.692864515462608,8.797299671758473,South,wetland,4.62,0.0846
584,2018-10-21,12.679336517189736,90.52942379422645,1404.224161109092,54.74048352680757,33.01426978873268,8.808470666198781,2.397110247819933,Central,forest,16.12,0.2438
1216,2019-04-30,23.769305595935858,93.09998158340957,294.74284793456513,71.03647366932579,29.307231269440468,60.41464501206958,18.053117288427607,Central,wetland,17.37,0.2578
758,2020-06-08,19.355336271007438,75.14082203782752,416.856449457416,134.95951518144201,25.145258744372484,139.87084439146417,24.508761332897194,East,forest,46.5,0.4819
722,2019-05-19,8.410132826414122,71.69549206721761,1161.3603348222566,93.80324840693781,37.44707120578685,46.96102006590138,55.7435296106227,East,cropland,60.4,0.5471
366,2022-08-01,9.885641997324587,90.6516228638948,513.7057224650546,239.84703779621586,37.38389403099244,10.59417194222205,6.428167746433029,East,forest,32.0,0.3902
846,2017-06-14,13.27248386557793,75.4399020060343,891.2630185171533,69.42191623805397,28.635007998560802,46.923963710974256,21.94470816376078,South,wetland,7.72,0.1337
957,2022-07-31,28.771908906990113,68.92595487130573,672.7054376226804,65.78693282005834,17.266069290600726,18.39782037559953,62.05935911156286,East,cropland,28.99,0.367
1473,2017-02-03,32.085066932911204,91.93119334582983,713.6226097057944,202.0540275249607,25.330406071997984,135.1045215303447,11.306217511070667,Central,wetland,6.46,0.1144
1094,2018-09-14,22.732303598384007,82.67374288051494,280.77424285184105,185.94670830991703,21.004509020025395,273.9749686584786,34.33694057316322,West,forest,61.46,0.5514
910,2020-11-15,10.850267487881334,77.47236084042424,273.210347923861,167.47569622730464,26.537081544877758,248.93529078540647,99.25755209928734,North,forest,44.96,0.4735
1365,2023-11-08,22.42931171052984,68.33144405171493,810.1443310140669,224.27699698887056,20.382217000534794,53.00452318532693,3.119228586759712,South,cropland,2.44,0.0465
637,2017-04-28,31.101347436117514,69.02449589653048,,110.07015950929939,18.82264445344037,294.12093516053653,26.381270853931145,West,forest,19.93,0.285
1402,2020-11-13,28.23589598630992,90.98607484624854,431.9686708562097,125.25919281346127,12.424320537646684,11.805075546694864,64.25694928658392,East,cropland,24.69,0.3306
554,2015-08-23,15.859650419829123,82.20147066398107,729.5080254697223,183.02479341751948,27.003543881005818,791.7926077621177,14.14395266842025,West,shrubland,38.25,0.4334
191,2015-10-03,11.345046450785661,72.34193942959735,415.1946495669172,173.270499433643,12.207421299325443,11.706296786375727,80.37956451843439,West,cropland,45.6,0.477
626,2022-09-02,32.31840589358056,78.39666319022153,453.7559640649682,98.16160102940891,24.078556047493354,2.5982060197626593,37.87236857300484,South,shrubland,61.37,0.551
193,2022-03-09,31.060396159069697,72.79384927858817,922.1352055800485,259.30969804535073,30.166381839585767,423.33109960291205,117.84346371713163,East,forest,85.55,0.6311
177,2018-10-06,9.450314858921097,71.27356504223121,1257.3248430081408,78.7766004259858,21.667425876775646,18.817708504126713,35.962071905219624,North,grassland,55.43,0.5258
1321,2021-03-23,30.239211225263237,76.01292679955017,2161.686716649189,130.667552731927,19.491028922003174,65.04688540246109,128.0650966609541,West,forest,113.1,0.6934
1192,2018-10-19,10.624741220193366,83.93574787640952,1184.7642758407378,82.0129958443089,25.59291825464778,11.63232580318505,27.11263969694487,East,cropland,27.57,0.3554
331,2017-10-08,9.708658101854999,74.09019162655459,349.2850378204479,428.79048464530905,21.028366829146698,1892.0290639898715,5.115137935805229,South,grassland,2.5,0.0476
1256,2019-04-24,28.482224222949004,77.96646135725824,240.8036415025135,161.4390744902826,27.113947537954225,839.4328666678758,10.686696175441298,West,cropland,25.47,0.3375
103,2018-02-12,22.480386791973867,81.85999563473733,353.27045730393354,90.55426052801184,19.80302080692938,555.4790512439492,55.61002357631159,Central,forest,36.37,0.4211
426,2023-02-22,19.19279665043861,80.1808624363114,,122.8217457788328,25.373036442901853,62.33584402875679,54.52665350752669,Central,cropland,23.8,0.3225
1059,2019-02-11,32.404279291352594,71.7302061745174,383.10219742512595,181.68149671899442,23.92147566896024,237.7093822658162,14.7228182222033,North,shrubland,23.24,0.3173
455,2018-03-17,30.66119644582935,69.12710343054076,290.1777257237314,238.98758336013884,25.930870306930423,50.42171343947892,122.03413675479408,Central,forest,61.22,0.5504
1095,2020-05-10,9.555833731770528,69.02830308151923,1361.2412626697583,95.53324863111385,35.81090956410311,293.91835350103275,14.097991805693349,East,shrubland,48.66,0.4932
1311,2022-07-29,24.634355532411654,78.15519152280815,373.249928493677,302.4093593869723,27.19886524950296,29.49102425415282,31.879940637633688,North,grassland,27.26,0.3528
99,2017-09-25,28.851219886601374,88.84526027758236,697.4703973818902,158.2717359947504,29.026664733554156,588.1938812727847,31.009178773860747,South,wetland,15.19,0.233
35,2024-05-22,22.863245653923705,71.80640366314884,684.3821922186531,202.99800713907246,22.25124149690811,27.349316292963795,5.309670639148858,South,wetland,5.95,0.1063
1410,2019-08-19,34.541148475057085,90.82242337456834,77.93477396948424,117.84283770684196,27.339538513360075,32.42934242980947,17.984460457855477,South,cropland,33.74,0.4029
780,2021-08-09,26.5232826254838,88.75455497010127,1305.998088652771,273.9798035164431,24.3511793587524,27.118239288175264,217.0938125606943,West,forest,114.63,0.6963
759,2024-07-25,10.811861342819682,68.11436123568272,179.09974723936847,188.56792128972756,26.17793624425014,72.87011042675938,7.9863442195137635,East,grassland,16.33,0.2462
695,2019-04-25,13.354046323998743,68.7756883164735,126.12435151178268,113.23663661290016,29.893673425193267,30.499376342310747,37.5306366694703,West,shrubland,97.61,0.6613
650,2016-12-30,30.308631772385475,73.65596325060349,339.62876274987497,126.39054169084368,22.9985969585184,113.39568663143926,6.332008202183205,Central,grassland,12.01,0.1937
1035,2022-06-22,34.9124301748961,69.62750642046697,243.85175965876942,243.51413821662362,23.611727383949646,26.536457040183336,7.9035405096982725,North,shrubland,28.62,0.364
869,2015-01-25,10.655160205554521,83.40895005283888,1168.8859589138895,197.37715172462597,23.081511984308708,178.7847881708779,4.882767954682614,Central,wetland,1.95,0.0375
245,2019-07-30,10.708891581816307,69.14919058229405,612.9574427644836,133.16536499539498,22.96568213955812,532.4827630299443,51.4736987756033,North,wetland,18.56,0.2707
939,2024-10-16,28.611450461868653,91.27672930186654,314.08294210091725,236.903459059797,27.03941138344169,61.333164467669654,8.403198367129146,North,grassland,37.74,0.4301
1002,2019-02-21,9.737565606346568,82.2958999994285,121.11337686297028,178.67189643836983,23.816108448064263,1521.5619001663267,71.34263718423125,North,wetland,24.52,0.329
170,2021-11-01,9.851123133750882,89.11067663350185,666.1938393920242,49.16318089500716,34.98773818147144,296.2767590589402,11.806849988707972,North,grassland,73.11,0.5939
565,2020-04-01,31.998045041260887,89.7703739771394,401.195855362887,146.38657257990826,42.074976267165,1349.3182820939687,22.828260429658258,South,wetland,23.25,0.3174
1185,2017-02-22,29.612144932598174,82.69615425043675,733.1003360628632,240.84905229230262,22.592346288876126,49.80929481180029,30.307064191293573,Central,forest,21.06,0.2964
928,2018-03-05,31.80220639633832,94.83552341135052,615.8669193155249,348.54849606624094,27.764017149228167,4.5168335195591895,3.9873373490225354,West,cropland,6.6,0.1166
204,2020-03-25,25.56386185758435,96.71698244180394,251.0071524223384,85.70085329475347,32.22804545633142,18.930874555680337,24.622219088383897,East,shrubland,53.13,0.5152
60,2016-01-16,16.70848339234918,78.41722589442183,800.7747520867331,233.02091120136768,24.40550562785613,22.060638666622744,28.499820362566137,Central,forest,21.14,0.2972
871,2019-02-23,32.470456138985355,71.65006006722777,159.47233908784085,157.69611346805047,20.033653164165603,13.07185998314985,62.803888308962826,East,cropland,33.41,0.4006
692,2019-02-23,16.06553517430966,78.53390718078813,387.51377240423426,77.4738870750198,36.42903986878855,2.0261613261155778,7.694429385422913,North,grassland,131.09,0.7239
1441,2023-05-06,15.438792665280932,74.47726301341383,430.57138673052236,81.30889757600681,30.116943762831216,253.90752122803096,8.87269117777284,North,wetland,15.97,0.2421
783,2016-03-28,31.932811318204823,83.39916434479075,477.64509374889917,87.52981962355358,27.912142717838346,3.35338826590993,38.8437800549349,East,cropland,58.9,0.5409
1397,2023-06-03,26.38220999731661,78.97324043631964,149.95385431834148,63.87744238634626,34.70313440078563,219.9321139458382,82.46648556397464,South,forest,113.35,0.6939
321,2019-02-07,32.183146287149555,81.93303301431693,1129.5651389770446,73.48876605006521,30.62139904294241,1448.5595881634229,11.106133174915188,South,forest,27.64,0.356
671,2021-07-05,12.209334809857255,90.13243970620404,250.4710052201732,160.9212214525081,25.71238978423642,16.987879029178973,5.840382808818483,South,forest,7.85,0.1357
209,2020-07-25,33.71201353967204,75.9466082617137,93.42275832598908,48.4948541391169,20.14021480547886,97.64668770747495,14.632891941618112,South,forest,24.4,0.328
861,2017-12-30,24.544038230908832,83.58676701455204,630.2813181479994,96.36152338079617,23.040009533454107,30.02563638937733,7.291264533529198,Central,cropland,8.05,0.1387
282,2024-04-20,26.036946190522546,77.71967623053196,1690.2974802862109,127.10750860785807,,188.78596634749675,29.89768639631413,North,grassland,51.67,0.5082
738,2017-03-30,32.67963566881419,90.76386505949918,,96.68739566271131,30.092513928859695,9.100995655612122,6.822085544276559,North,grassland,40.75,0.449
516,2015-05-13,18.280330316754974,86.5465623398232,930.5129216038747,68.68347846837851,24.88000028373396,44.804715053563065,53.13865933040152,South,grassland,28.29,0.3613
278,2022-06-30,27.42852485678828,68.24663718480771,503.96447179502627,155.06341021677736,36.599379166972675,293.4685256705143,24.844010400140256,West,cropland,22.06,0.3061
145,2021-03-18,25.289196770361066,87.14148889205133,155.76009803768767,95.5900039823191,25.05667228165513,50.738967506662895,54.822458772417306,South,cropland,15.76,0.2397
768,2023-11-25,29.269323409380927,72.93469823393089,427.8076197433481,99.82107708640739,31.925107764386947,4.744843589840917,1.7801388760301038,South,cropland,5.51,0.0993
1420,2019-07-29,32.2174553794993,89.00973991588813,,142.8106162017574,27.320234283720406,351.59506348801716,3.4620098070885508,West,wetland,4.21,0.0777
298,2015-03-03,26.361643096612557,84.45282133851828,1212.9311908952259,210.7703630851573,37.5977182245365,7.814930998364099,73.1617412988132,West,grassland,95.88,0.6573
607,2015-03-15,9.826267971582737,79.64299765397206,2430.8726590498914,108.49641138275402,,61.44246538979134,9.78136474661356,West,grassland,20.5,0.2908
336,2019-05-01,12.944789337944066,88.1279264470105,826.9460191590763,111.57392709259271,26.27695688727837,130.83885418919942,4.634912163375012,West,cropland,13.54,0.2131
1213,2017-06-29,33.757410921211275,92.84120529019462,331.0520818217197,75.76751590722803,24.927191127398963,65.35117874704238,16.400332244689128,West,forest,37.6,0.4292
622,2024-03-19,34.15356278118511,90.58356770200012,918.8898523196484,239.47983111393316,25.90776499362692,2455.67195921277,25.593687706868707,East,shrubland,7.24,0.1265
1461,2016-03-08,34.120159469855786,83.81599902058532,274.60123689622947,156.47587945825225,21.64761637314595,164.14006473787128,17.149782315816942,East,cropland,7.94,0.137
367,2023-10-20,8.993583810803186,88.95813528752636,456.59001259716683,231.8973202898994,17.799781174768302,40.304971308650735,32.07298690759041,West,grassland,13.99,0.2186
121,2017-03-02,18.326100534634293,80.00352207738986,276.42473301066775,250.6987324699743,27.85241234065507,134.82725370952969,28.0082801485536,South,grassland,29.07,0.3676
873,2016-03-11,28.511163007675894,90.88175752533073,824.5024356390687,107.69133519449396,22.798888919813745,74.80740990020776,26.579795072823384,South,cropland,12.52,0.2003
977,2017-09-29,28.327916698761435,92.04250485706173,773.3821350949449,384.2720216494116,22.782948694127676,58.3555295182161,77.35235233889972,South,wetland,4.11,0.076
1486,2016-06-10,10.31954043364888,71.98152126941557,297.54683150709064,223.20249771405355,25.46695858071588,78.7029619440664,19.802727354426036,Central,grassland,21.47,0.3004
1307,2019-01-04,24.456199951417013,74.90290942822445,1068.32543261957,164.50866409209743,26.31334063038361,28.470530560244725,19.22900367864112,North,cropland,20.81,0.2939
1326,2018-04-21,11.85747970060315,75.8296733831256,1304.1078317825945,112.97958003736898,26.044256069509434,75.13995907118071,44.8270382380622,South,forest,40.89,0.4499
951,2020-04-14,21.31665198743042,72.81636985048065,333.71514980472654,103.50501293737956,36.4297721108507,25.578784892284734,34.9060339811405,North,grassland,185.59,0.7878
539,2020-05-14,14.47151392271028,79.3835152000252,675.4482197498729,154.22250604916212,29.974276807468414,3.176263840893031,8.14286234306627,South,shrubland,19.25,0.278
643,2015-01-04,9.435351636837648,73.59796313203876,1358.4544498813304,173.3732370830728,38.64689346998175,301.96191982932237,18.31803791708613,South,shrubland,52.26,0.5111
200,2016-03-31,10.160524489218458,85.27064001687168,632.6916830238446,41.02842026726228,23.366057780812906,23.378767972023926,31.13177800625299,East,wetland,18.01,0.2648
646,2016-08-13,32.59410964270752,70.94684784403086,388.162355964958,121.79320670158955,30.70232385876947,67.49682474783333,11.16933257539608,Central,cropland,14.95,0.2302
546,2016-12-11,28.10544103344142,75.82765543777593,471.10888671504387,169.61361901639202,23.699524756220868,17.45046690860877,11.714466652156982,East,wetland,7.15,0.1251
53,2015-12-08,33.159247507869665,87.30009873244435,330.31965722341823,190.21973613460295,22.63320885245065,18.258774458419122,4.995519953366894,Central,cropland,4.88,0.0889
306,2018-02-22,20.689728173005925,79.55780857086712,1091.1136871761564,142.24193705856425,38.87325575843822,11.49045044252052,1.124367479407952,South,forest,21.1,0.2968
801,2020-06-29,19.158897471725716,80.22241951374882,1000.7302702989521,187.30733947830316,21.391110383628103,226.43217157053172,13.817299006022372,West,forest,11.19,0.1829
554,2018-02-01,17.67699689755658,91.13983233579329,268.7269903990799,103.59836146826729,12.60959598066447,325.24618766907446,22.811979115842533,North,cropland,9.22,0.1557
1490,2018-04-16,24.64029159340643,96.5508350454386,313.67369537442767,184.90213919789883,21.752304145010875,56.76397303007438,6.716625111722814,West,grassland,15.33,0.2347
717,2019-09-10,17.492103448226008,84.38696571437217,128.20182075419004,172.31226419107776,13.950058029515773,24.41050090926867,79.66833025848905,West,forest,28.53,0.3633
1438,2020-06-24,28.149377317514165,70.29294797244462,742.1906021840497,248.68965009112458,20.292052993568987,4.307660302517191,7.051919333112905,West,forest,31.44,0.3861
991,2018-04-23,29.635567807828277,70.98418625248544,183.64183387758334,310.20060867796855,20.848005074899877,180.03418981280885,50.025384034209154,Central,shrubland,30.25,0.3769
60,2017-03-20,31.647804022593288,96.08652093885307,1844.966205471899,251.73856341220016,26.211690589109303,19.78975533074833,30.528785895976664,West,shrubland,34.53,0.4085
305,2019-02-03,14.555625116622487,87.69781246970567,243.9319652476882,133.1468527322172,13.702420236317684,10.217572083596583,177.03286477932406,East,grassland,35.06,0.4122
1058,2015-03-30,22.229595330894135,89.82160443168075,71.33378119835676,78.26275592403331,33.17571335648679,57.0481205728048,34.46138158620553,West,grassland,133.77,0.7279
817,2019-12-03,14.03300465170565,87.5971489728807,,96.32319546649889,14.745384419552504,33.07611640918748,4.7290481046911435,South,cropland,4.57,0.0837
452,2024-05-28,9.014007232349211,73.20891044915945,618.4382847225377,305.9844121167752,25.23349506407671,5.600851842590828,57.64863711447106,South,forest,37.13,0.4261
783,2018-12-23,27.11128321258562,81.0025026639181,465.85613586772337,158.3693441089891,24.055071134074122,6.882067386931567,109.68162324427821,Central,wetland,42.85,0.4615
1354,2016-01-31,22.822494396248366,91.1443326909616,239.35940536271283,175.7884488411044,30.952102159407755,90.45158716814952,3.413669220657086,Central,cropland,8.37,0.1434
583,2022-01-24,27.54603654793326,93.12452592532013,447.96469041198844,231.75354704420448,28.109259649404247,20.418941943401443,38.058669670752316,Central,grassland,57.72,0.5358
67,2016-04-08,10.365818607976502,74.88272992764479,303.0838881788928,153.47525633095577,33.121237527564574,117.37663440146102,47.480298096498366,West,cropland,43.15,0.4632
466,2016-12-07,34.87920683467243,85.2828919341808,729.239063486008,270.7632012640099,23.831280248131844,68.01967215364346,16.235039197799818,South,forest,18.11,0.2659
1403,2016-06-18,34.847411307569864,72.55595517941515,190.42176416165736,72.90793032006563,23.2115196219916,262.77888824341625,1.7825507398635476,South,grassland,9.1,0.154
1142,2023-10-31,20.554995288594846,95.79002932053079,554.7480138184278,194.72026188277522,28.476745910319092,15.670537766915025,14.939998951315156,South,cropland,4.61,0.0844
1256,2024-10-21,31.38358530996357,75.31392438078214,572.4365815910422,353.42171606572725,32.17521127716683,77.40696326843141,11.233841504065017,East,wetland,11.49,0.1869
1367,2020-09-10,14.576351006750034,89.072418729513,477.1868079080566,281.6552466892404,30.950414576492328,142.22522388710638,92.73777279220138,South,wetland,12.88,0.2048
176,2021-03-04,27.91428635302902,74.70227538257878,667.7543889387781,289.8992627456517,27.930885280805562,21.341931896737684,18.382676140002246,West,shrubland,42.2,0.4577
424,2021-06-13,31.739098133966277,85.8655643434777,444.0700043376677,68.74677101605249,27.395975013606797,296.13187639112937,13.298999851525243,North,grassland,54.55,0.5218
89,2021-02-05,29.99598918418102,87.11866490365703,818.2310315817714,170.8690816069193,25.78226525719718,4.484304731417093,11.172858969366013,Central,wetland,10.24,0.17
7,2020-06-08,29.91790011251125,77.52441500018783,476.8649014895717,143.7672905499946,28.459580986891623,15.65184035326871,27.81978941163923,East,forest,53.13,0.5152
1252,2024-11-10,20.501719066399357,91.74618209735549,1123.9984184226068,95.99963261161628,38.209606666875246,4.239597533077825,21.26086784207521,South,grassland,67.06,0.5729
1405,2022-04-29,30.139728590026866,93.67575604917607,552.556784238995,172.26390273305282,24.544559710658728,18.10498907899644,9.116218432432238,East,cropland,6.11,0.1089
233,2015-11-19,26.649029951575113,92.79702797736586,1076.0673859994472,78.69410675709551,23.813059031507475,43.2987565211276,26.154483379329115,East,cropland,48.16,0.4906
1083,2018-12-01,11.576187749893517,77.5931483644768,308.12102206147455,187.0914161151545,23.35366480428095,190.04313610788464,11.504578269292965,East,shrubland,15.15,0.2325
802,2024-09-26,11.082978909742042,89.58586751136697,211.38731375738416,92.0733806136151,28.336236548734487,43.25290912544554,1.5034165473136716,South,cropland,10.94,0.1795
103,2019-01-13,28.841897670235277,84.2252318912075,813.935712525126,182.36899838789503,13.269528385418285,22.352527941566308,39.17437771230844,South,wetland,5.53,0.0996
1373,2017-01-14,24.887530396868943,85.18622141026833,483.61160501884086,98.51210145486768,25.189629781193982,5.345022776408288,35.62986181410358,South,cropland,23.87,0.3231
1306,2023-09-05,22.023155164167193,81.8453274724954,45.56784873064074,129.1416025143564,31.28388110749986,8.835096532760607,24.52613113688438,North,shrubland,117.25,0.701
851,2021-03-24,32.49606835291836,85.40757329109728,264.0017576806644,122.81594520020745,,86.9478858336282,12.903934661864689,South,forest,12.5,0.2
1061,2020-08-15,25.8089396355229,71.93397058303675,620.650366902551,142.25952893322255,27.120227778883084,204.83036356604399,18.689088201966406,East,forest,32.15,0.3914
595,2019-03-14,18.695962117384106,79.8565697604062,,149.77259957492245,38.65601277983875,29.11248394394008,45.57150575455497,North,grassland,157.99,0.7596
1189,2016-03-29,19.17615882075696,73.15248109765044,253.94791856838103,123.10973733210949,27.98959924987246,335.8020281016157,10.678029773746934,East,forest,24.55,0.3293
667,2018-11-02,24.341597742074793,76.12306039817135,480.51157880660736,86.72647075584912,12.564640272277426,13.132944247621044,47.44854281356502,East,wetland,10.63,0.1753
1483,2019-05-16,28.52743268653141,71.70662154174188,542.1413158731051,257.0207481841281,17.540693800656147,30.392293463845366,4.595843731766019,North,shrubland,14.75,0.2278
94,2024-04-22,23.23753928762635,74.16237255143858,93.9290894515351,153.07583281471727,24.4939804914651,34.493870111700545,23.76378074136392,East,wetland,23.57,0.3204
258,2018-01-26,21.736543819917852,90.67594841784376,1055.901058561479,174.23999053622885,21.17704455072606,541.379592461292,20.60960955005161,West,grassland,32.59,0.3946
1453,2016-06-28,27.626318971662908,83.94525740315244,1221.349246213358,123.13745344663994,26.620299234803845,66.71892796172322,54.744942377908664,West,forest,70.52,0.5851
433,2019-04-10,27.04214284748998,68.68565043685481,262.77000678905176,435.3789825798975,24.232543866309403,3.6779326561840184,8.013042852061135,South,grassland,5.5,0.0991
465,2024-12-18,30.41936469656615,90.86721003026135,1652.4216491820816,159.9049243123601,,227.5753649161601,8.936909642938293,East,forest,26.17,0.3436
1186,2019-10-27,9.688898229486949,94.37458348195523,455.15273258727456,263.5845846378367,19.452011316940734,870.3464623330667,4.980377428101092,North,grassland,7.12,0.1246
284,2018-10-15,28.38370756621343,93.53244899769649,289.1678874196684,130.25102317451538,24.75500370693898,37.53931999494664,11.396035637494126,South,forest,14.11,0.2201
770,2021-08-31,21.871532175695627,91.86748960332633,281.7787760901186,198.66929385109881,,14.21611972166161,25.930450458153828,West,grassland,28.34,0.3618
429,2021-06-26,10.016714240895102,96.77427684122716,1579.929751801461,139.2484628149936,28.04680666101179,199.61412382627321,3.3272846692647304,East,shrubland,10.35,0.1715
296,2017-12-28,26.333270760577033,85.00565671060005,194.03081139782455,242.57209049807753,26.880831551468024,1039.3979757725758,12.898196433896707,Central,wetland,3.33,0.0624
1446,2024-09-02,27.346585238052455,95.91504122693225,550.866066911024,116.30849331089593,11.532359459851278,195.01912504910217,36.995280592947374,West,grassland,25.63,0.3389
299,2020-12-04,22.13793357770648,95.5164827425414,601.7193682422911,81.09318947673938,26.49975246804839,4.7850212688993965,18.121890172134155,Central,wetland,27.27,0.3529
141,2015-07-30,29.432572396543595,77.08392318459974,817.8076837050053,173.95017622666757,25.095473762748465,169.35933885914406,21.654332048592966,East,shrubland,20.1,0.2867
1010,2019-01-27,16.10669893299114,93.03957892562025,518.1460491180848,250.70054925393674,31.18465851747714,100.11415467464849,4.454437627021059,North,forest,20.43,0.2901
1300,2024-03-22,13.451494900348775,90.98170730120454,1504.486688571047,141.4278987802998,30.33782185141642,13.040429783870605,18.173316826615686,East,forest,21.77,0.3033
191,2018-12-06,17.469816697068516,90.49816454463148,1695.3377055353033,114.66331684197165,27.44506706595989,377.37023789603046,20.670044690101623,Central,forest,26.77,0.3487
1061,2020-09-03,19.071363858991393,93.99214236746573,1280.161326207741,72.90183976032816,27.878984770434542,105.37513770906239,17.05204255928296,North,shrubland,75.05,0.6002
811,2021-02-14,26.79020726485856,79.14151028768893,646.1049590406827,252.45663633811978,34.114298595378,392.46128242312034,23.40153910497347,Central,shrubland,22.33,0.3087
1245,2022-01-15,30.829038322712147,79.60159401073408,938.7632704985326,94.15308760854133,32.90177664257415,11.109335321667343,14.744565107791669,North,wetland,19.66,0.2822
190,2023-09-19,27.464791132124265,86.56151696690546,383.4419849470943,122.25418023141316,27.651992013566968,99.30208983978426,12.730014659095332,West,cropland,32.51,0.394
1463,2016-06-28,12.69766409487924,89.39633159661592,1082.7148577063479,120.82529658720595,38.87250972575603,14.258566334687725,7.100953980460038,Central,forest,39.7,0.4426
928,2020-03-01,17.88786128960695,93.51237597707082,303.7403978957942,147.3038543915612,22.23082205265804,79.16232314253347,53.22145550169067,South,wetland,21.53,0.301
1263,2020-04-30,12.277170263090007,93.39951429911918,225.2151950120697,197.8403401176575,18.887341351440636,500.61541690755405,5.890504536963807,South,wetland,7.01,0.123
542,2016-07-10,26.541553388067385,88.91884910720154,219.49716772761113,371.5540830799801,25.93497195867023,6.426135859044106,23.522255140955753,Central,shrubland,20.42,0.29
1415,2021-09-24,14.700640711856142,95.74989055682416,742.5212865976893,177.7530903028024,23.757140827244093,7.004117969418825,123.12462756952094,South,wetland,40.79,0.4493
939,2016-03-07,22.185447186999863,73.18022994944103,1383.163151224482,73.14307375654269,11.20795214319142,228.8832423518067,60.42693979453085,West,grassland,12.79,0.2037
190,2019-07-24,29.379405766256475,95.5598555682225,1457.4750828898082,143.49206673652571,22.085715140051683,53.453698875183285,33.42702610794559,North,cropland,9.97,0.1662
1384,2018-04-20,26.115360422883608,69.86155297897503,50.15346807366971,179.11140191639052,28.06151092282864,316.3644396937651,25.783691136680027,West,cropland,13.84,0.2168
1193,2016-07-19,16.05609774795858,84.11303455456563,,272.92384290869023,25.651833525467897,16.265931647340064,17.676370571950546,East,grassland,27.27,0.3529
450,2023-03-21,16.987402266641205,70.61571175323554,211.7064315279362,257.3026420599518,21.34123152983465,58.955674929277755,8.155156927446136,East,wetland,4.58,0.0839
818,2017-06-10,25.640835738281858,84.47202828074596,2140.2263492470775,140.61051840040045,26.253953117336437,153.26879804023247,15.582813793271942,West,cropland,15.6,0.2378
582,2017-07-20,22.83562923217849,79.31318166121586,152.91584383458488,157.6895163683045,26.738434875458825,74.83609223072621,35.69018226317077,East,wetland,9.84,0.1644
815,2023-07-16,10.6026241616912,70.36667351356922,,169.2117382120152,30.29044630316805,3.731756397999257,29.657497130985483,West,grassland,70.61,0.5854
1448,2023-10-08,31.597772910385746,86.79538734570146,992.823668820057,158.01615452123156,22.15099612682844,3766.484621647945,44.19989852663581,East,cropland,7.3,0.1274
1348,2015-05-06,21.840557697447974,89.20474198906241,364.79131959289737,143.361768846129,31.24314074309874,75.07493310703208,68.0111637873529,Central,wetland,19.35,0.279
323,2017-10-11,20.780747356331567,73.05137699497946,347.4643514185017,314.42367062884955,19.45614215444393,7.31095838871417,17.142192585367248,East,forest,13.1,0.2076
1457,2022-01-31,13.357862089071084,88.1386648599543,259.182196024977,104.25520287235109,22.979738484801935,87.47034650247245,24.3334387662909,South,cropland,12.26,0.1969
656,2022-10-11,18.178833112204508,73.19237892528426,,235.12609714865502,36.193959209604266,103.92999683625835,3.0069570990350374,Central,shrubland,12.11,0.195
1057,2024-12-26,16.986271282507676,71.98449703014302,1023.0709279459523,213.8406410262494,19.856733394416892,242.47178712893106,191.7510229483474,South,shrubland,32.26,0.3922
1146,2020-07-17,15.309863436394526,72.27353472921763,218.85167266246398,140.5574717811519,22.047396124215165,219.36068786453467,13.27856511716347,Central,shrubland,7.64,0.1325
724,2015-01-28,23.319977515462874,85.37327559967571,441.527129176711,100.67495129076605,18.481333636434087,39.61600415346385,38.53984059988598,Central,shrubland,37.01,0.4254
684,2023-09-24,20.481434727567617,90.58493343567149,198.24730794141422,152.77002791523134,21.03640170012856,4.124234665951891,13.269560939181165,East,forest,36.75,0.4236
684,2016-08-10,32.008337503496016,85.30991734274059,535.1544100664795,202.06834104462345,26.830178948172616,109.07596299428874,12.965015777724432,East,grassland,15.55,0.2372
1293,2016-03-16,33.416287380273346,91.4711921375291,342.70371510690126,25.237648962303638,30.239253757057696,4.647716011022701,15.847283300541672,South,shrubland,58.89,0.5408
579,2021-09-26,13.925782589158453,85.1528428910407,697.4721547168103,78.3718548599492,25.888171198887964,337.9395065558726,5.782761460371074,Central,cropland,10.97,0.1799
419,2021-01-12,10.702846576714684,91.12231617310611,764.7647993663488,34.94589189205915,24.051860904676005,18.1898373675285,1.6816700098731396,South,grassland,5.63,0.1012
542,2015-08-07,29.204113890169236,96.31915253286571,1398.9039358682776,175.1702910156865,18.543356683280166,141.5199224657049,64.05166796486529,West,wetland,16.08,0.2433
292,2016-09-09,34.86125789824244,79.33783443107852,2049.0054812949966,171.15897580189258,21.63721726890833,20.40432283818264,34.66403024652882,Central,grassland,15.03,0.2311
587,2020-11-22,31.31720188606216,72.34832313087995,282.95812810827175,83.40963407601116,,26.10029212553283,8.037717435167043,North,grassland,16.68,0.2501
171,2017-07-21,8.639829857205838,71.92650753944378,828.7082511359324,96.46745615959192,,16.420741725958038,31.560629929304,North,cropland,39.06,0.4386
134,2021-11-01,14.784115869074583,85.32685030304134,337.71224459535006,166.34386456413915,30.836439191883272,159.83184445851074,45.783968495224336,Central,grassland,37.41,0.428
1085,2019-02-11,9.170241480114125,83.86598890980491,748.7193977124894,59.995913889089266,25.75731440401072,21.498421824345858,10.044042948051038,Central,cropland,21.3,0.2987
116,2020-11-16,30.1610431801115,73.34282597771889,725.9369693705617,208.1960734063008,28.64870590330762,172.91465209720155,30.321224826771292,South,wetland,13.33,0.2105
852,2019-09-30,23.69798835989254,93.58104391736254,709.6351706358677,132.387046152252,31.257395440083375,22.35867663172788,54.97086323996302,South,wetland,39.36,0.4405
1169,2018-08-25,21.870400611510455,95.74570268517147,874.4317292464615,147.52687620963937,26.60725332609524,38.585348089680814,4.766668659541316,West,grassland,17.11,0.255
1086,2018-06-03,22.970146813906243,75.34325364999575,561.2906570167673,154.04021939352535,34.36166410395455,57.58991179639163,34.24056949663521,East,grassland,71.62,0.5889
669,2021-12-20,14.81618398480796,73.99960499613094,366.01258911876505,73.93281715242927,19.85724382254981,68.76757971962827,28.91577139323419,South,wetland,11.64,0.1888
290,2020-02-21,24.244235966749297,74.20373371691888,539.8487727709663,154.45803224003706,23.9079786316993,13.649371794218409,131.68999918946594,South,cropland,26.68,0.3479
1396,2020-12-09,8.82800841852881,79.23522436104942,1948.5374941762057,195.9184999351654,23.193546991714342,156.9161323793322,35.05910157271308,East,forest,33.25,0.3994
1252,2020-10-08,25.44231654721267,92.74358808366944,310.90293863200395,101.6945014507995,29.883428564177052,36.34262123033458,13.318033919368682,South,cropland,14.05,0.2194
918,2017-01-27,27.829713414828433,85.28285768829241,390.04918329340916,95.5777650990649,17.395152024043533,123.4518382048109,14.951490750948215,East,shrubland,29.85,0.3738
130,2024-02-16,26.171709120219333,69.95904952024743,264.4578503777357,360.0020291192663,34.68784764268731,53.285145455350374,151.92601858718277,West,cropland,70.89,0.5864
52,2020-08-17,16.967172994429944,81.71639346998995,76.67296525695537,90.2505429954598,29.370646282970316,131.58866074633946,14.085550596984694,South,shrubland,22.22,0.3077
472,2022-03-05,30.309098708443653,70.61961880781469,473.2955222820047,118.91235783748756,36.501766835707826,29.45864389889425,36.09470341808053,East,shrubland,80.28,0.6162
236,2023-10-24,27.319687922172015,79.78020930624476,785.5267706066288,286.68967707590207,25.75657271969169,16.703242549041146,15.82545071568526,Central,forest,35.47,0.415
1290,2024-03-29,11.464027718955503,79.7020841267962,227.7103688701239,57.56746679052965,22.698084206097462,103.57410549856323,59.22015912124559,East,wetland,36.48,0.4218
308,2021-08-30,13.268893954534505,86.80222730557972,1255.5507258402595,138.6075640284881,29.94263653856578,26.033892486488828,62.21960001466805,North,forest,135.06,0.7298
423,2022-11-12,25.20192715581244,83.93416504192993,682.1416282933712,193.84304844708038,32.183390467485644,486.9588753347939,19.635364088009055,West,forest,61.43,0.5513
1463,2019-09-19,15.814235606012705,93.3678886878335,1029.6547749356732,143.10985828282793,21.713474957170742,60.4299627113236,13.373014285061885,East,grassland,27.93,0.3584
1227,2022-05-16,11.224689419048397,68.4719802972987,635.7986518150178,52.4097953191682,14.014420954498078,6.955641683519215,13.057882117026844,West,forest,34.61,0.4091
328,2018-03-19,12.18416281504709,90.44596584074482,439.8473075540165,78.3021229820774,15.042407648634349,22.687204108126522,3.5706220301779217,North,shrubland,13.55,0.2132
575,2022-02-11,12.471663874590817,68.65709188771942,372.987787413935,47.53149555903679,27.568309555081882,12.195209247955491,22.21036190496265,West,cropland,49.97,0.4998
773,2015-11-10,20.90035448409632,76.82440502581461,616.2338540288016,133.80552944756894,35.24113632723453,272.97444167725115,21.76702599693084,West,grassland,43.91,0.4676
996,2024-02-20,24.39940724259643,93.51023100720734,657.8459573356023,179.3964342304238,18.194968003651923,174.21860988625494,8.88059051150319,North,wetland,10.21,0.1696
1404,2017-06-11,12.762861421069204,88.02201097863653,330.0717613924766,101.2511887196462,24.36580194064146,49.820923978309644,3.206528452646298,East,grassland,10.3,0.1708
1306,2021-07-24,27.23740847980697,72.98790367261816,431.2017554289389,123.49428157980425,23.909302686608356,84.3614509614441,24.68721494294608,East,wetland,12.99,0.2062
1465,2015-02-10,15.587340402541269,82.23275177924634,1703.591932844814,123.14666153748603,37.5231924033491,47.86960901203898,28.011720383382983,East,cropland,87.27,0.6358
60,2016-07-22,16.412069736636944,88.93522124836159,547.4219220172189,263.4645603835154,39.55217451852447,198.46307765044654,29.80407830476894,West,shrubland,32.38,0.3931
354,2024-11-10,14.034462769000903,95.18295631884635,590.1408696435337,165.0990547950781,28.546716129695593,119.07427573429851,7.463776652604849,West,wetland,11.86,0.1917
844,2023-04-30,29.20056567046616,86.39531477732791,1434.6675302126375,154.1539582242058,31.3880022015289,156.01677855940306,29.867564296485554,Central,grassland,25.36,0.3365
73,2017-03-23,33.914973489295676,68.7155869315549,664.1821426582676,242.5631597463004,31.221193965899182,40.945054334400254,16.800648540363408,West,forest,51.67,0.5082
533,2016-04-22,21.297495914308502,82.49135393119222,496.3238309695707,66.02337055471529,18.318070582185946,21.17159220898816,47.67884999796961,South,shrubland,20.42,0.29
230,2023-02-22,9.13482731866379,72.43588753595401,1009.435182580802,163.98531179846748,30.191138092615194,148.0565991780496,7.577467364986378,Central,shrubland,16.69,0.2503
1399,2024-11-23,15.035371543487848,69.38560696377272,856.5592418202323,110.38902316718399,19.882361172199452,559.4815341858902,63.44689216383256,East,forest,37.54,0.4288
94,2016-09-07,12.267357860208843,85.35680840576595,601.2529237640011,281.42597732435365,24.9707850261403,286.8661292694489,90.92058035683598,Central,wetland,13.2,0.2089
222,2021-08-20,30.754581691004482,90.53073517280231,639.965818519857,243.54297728118814,32.83842227049879,585.5128066541872,22.55775029107115,East,shrubland,38.15,0.4328
292,2017-11-01,10.29105766069654,69.04575610939573,399.5268192024616,110.33294262837919,26.485599954841135,69.6197139269731,30.07439093211126,South,cropland,6.22,0.1106
222,2022-06-10,34.09485849858636,90.72408885800007,185.1403475406227,127.44969916187137,32.61497864636223,12.743398355645937,43.98693124096458,West,forest,141.78,0.7393
852,2019-03-07,23.889871968864902,88.48524851453375,771.0590673163035,87.25099428037238,33.795580651931395,14.559144156682722,7.201562005531621,West,wetland,23.49,0.3196
546,2016-04-02,21.978974251002406,89.80761975688247,121.96603769229074,224.4216993451445,15.458397828024832,432.4015923183256,12.35097882735309,North,cropland,4.63,0.0848
1368,2018-03-30,30.878466805318045,75.09712280875532,192.8787345033253,200.31709534587876,12.933814622716227,3.3437225329868525,24.148554473884037,North,cropland,12.18,0.1959
391,2020-05-19,8.743785774869316,79.41426820930944,426.6700549555208,131.14137035333238,32.9725547289867,521.7220936703759,152.45881840997004, North ,forest,115.67,0.6982
805,2022-12-23,28.98312423398926,71.47277398900935,393.3421901951727,130.40028530162206,,16.75250828954678,6.07324891592916,North,shrubland,23.33,0.3182
990,2015-03-18,11.148309230349946,74.92783755679953,830.7950836781786,115.19640747052946,27.539567697818363,977.5847144800425,103.30900596944534,East,wetland,24.64,0.3301
938,2024-07-27,30.701008671391666,76.78090047284547,985.9162677172096,272.7561738682065,28.35329610162279,49.11170082795578,16.556414625609854,East,shrubland,15.66,0.2385
1194,2021-06-29,22.28775791942227,77.26366254656679,1864.6194462225226,137.22972241551741,31.358286188496542,161.3952351466928,19.405625895373728,East,grassland,36.43,0.4215
302,2023-09-30,9.650493863722478,73.07615675480754,103.0658685904751,117.58693319995106,31.24645346811114,1953.8744884438004,67.9005647685944,East,forest,42.38,0.4588
761,2024-04-17,30.49761604763576,73.47264214406316,706.9839156103169,213.44443124524645,24.17489610444765,33.27406612145872,151.6309308486049,Central,cropland,40.09,0.445
1200,2016-07-14,8.737481160923794,94.14264159397264,686.3224411783582,33.12362884565613,31.73510141203726,32.446755882336824,30.656533107947524,East,cropland,40.61,0.4482
1294,2015-12-09,11.736008708127294,90.73291482965257,625.3174471681959,126.29087512228763,23.921161111476675,19.25443071743557,64.37639227885725,Central,grassland,45.66,0.4773
926,2022-10-05,29.54126214331898,77.98985340125168,770.8135483008655,228.15169500512752,27.461306604989566,12.149950506041995,8.002006760888396,East,shrubland,20.02,0.2859
977,2016-11-16,20.55152034416306,95.48166264494786,888.5416918468856,303.554959938634,27.2001347330879,33.29021527248438,11.82873457776625,East,wetland,6.2,0.1103
1296,2016-06-24,31.797495017580513,74.92875867097739,1282.3553818614064,103.62912632930843,20.8433654082576,23.75370946921671,5.1942505552822675,West,forest,24.46,0.3285
937,2019-09-07,25.156590365359254,79.79779315005148,639.2249162156558,188.79112627723188,21.542076282746045,8.369670808517018,11.994064655844996,South,grassland,21.44,0.3001
1423,2024-02-16,24.835276368001015,91.59223403160254,1548.6090740860113,103.27537480606459,39.40465326068898,39.81637810157037,35.347751802989954,Central,cropland,27.14,0.3518
191,2022-12-13,15.8903478655644,80.84370473590518,642.6471838420202,375.4386032882854,20.64868548335452,107.19824252517641,24.83230582159521,Central,forest,9.94,0.1658
521,2020-03-05,11.609374135896806,74.80413436433624,351.0760611192596,159.01171791662247,28.219755599933222,14.241238828839853,112.96778688167375,North,shrubland,184.6,0.7869
168,2016-12-18,33.951654554210435,78.68752856102316,600.7805797295089,199.58862604735566,29.478795058799644,42.79089271488956,156.7592259601537,North,forest,196.66,0.7973
135,2018-05-12,10.82953760687167,82.52091109886577,245.94954875785461,37.87576493156946,25.674702252308602,450.22916642024614,17.522671989122706,South,forest,45.92,0.4787
707,2021-11-18,22.283286201986325,85.99868712614978,257.25669645229567,114.51481879854269,30.02893961217893,6.492861146731961,10.178886152682557,North,grassland,42.92,0.4619
338,2016-07-27,15.359351952539066,79.76258848786418,455.39961792453494,213.9809354151794,27.973899596436095,989.7979990096007,64.07382277020547,North,cropland,11.97,0.1932
610,2020-03-29,15.131797916699277,80.50782560247926,406.1172951411052,65.69944929243799,20.77849071129575,19.865104316890235,71.10969180019899,Central,shrubland,36.96,0.425
656,2015-02-13,24.05382792117595,75.65436477124133,1258.313727988489,158.80908026820669,29.220903764831498,73.79980960970482,31.225907904250597,North,forest,58.35,0.5385
931,2018-04-01,29.54422116382946,83.52507165410493,450.95689716517654,310.45818261624123,22.731761463533896,371.9445368040929,40.672860919095655,South,shrubland,17.01,0.2538
1418,2017-06-24,28.983846036444525,74.36423077931684,215.61638926457601,219.91579073796728,,587.8726375226778,34.783832478306415,Central,forest,43.69,0.4663
1274,2021-10-21,31.457645608225945,93.1582603251342,520.3494276484957,192.19039759017795,28.574751663302507,110.46857102854504,7.4726023377941395,South,wetland,4.89,0.0891
567,2024-02-19,15.908373923633912,89.67364503772274,637.9775073481698,118.14385179879883,21.79907884348848,19.264070394851856,5.938332729085563,North,cropland,12.8,0.2038
488,2016-06-18,20.575287306306993,79.89809066401133,563.0670153098949,75.94555157031996,28.053737323691863,16.87415380891322,19.088729857947225,South,shrubland,38.63,0.4359
1156,2022-12-20,8.252033476940674,89.66960756395258,206.00318395644462,142.5375858238397,,23.049898643054142,16.42959948646996,South,forest,18.09,0.2657
185,2021-07-22,28.165155824681868,68.20288231247181,1351.2037595344348,203.70739751893976,27.546674479961553,928.791998248783,26.494675992003977,East,shrubland,14.77,0.228
810,2024-09-09,16.16326402784164,77.9901874566295,90.92781186405165,87.25193061764907,24.64581326200094,30.731301895837653,17.615429121789095,East,cropland,26.03,0.3424
634,2024-02-10,23.160325398295036,80.76873329625687,556.6365948342778,218.92880412682524,21.038772989639252,88.71607652831241,3.657337044474743,North,cropland,7.69,0.1333
274,2016-01-03,12.571107614525168,81.62415671882522,199.7768022200338,163.28709893662545,20.96335163277813,11.408562374999814,2.4297946539909407,South,forest,6.71,0.1183
924,2022-06-05,30.12378669262687,89.71321285359983,1049.9716624067607,95.77010823376193,40.60960554897851,9.635788683715676,41.989954721070426,East,shrubland,138.94,0.7354
481,2020-12-01,30.0663499205135,95.9214153992897,709.2316484312105,56.217054422267275,26.548353690210128,56.80295426466904,10.352308430923465,East,wetland,16.73,0.2507
278,2016-02-17,31.691228698329798,79.01991678284129,637.9541214134284,65.00281637864097,23.409565012224817,33.54485456320031,15.924767388607268,East,wetland,8.65,0.1475
979,2017-07-27,9.240298921881516,78.16739563630837,424.4441553575031,139.73429916378583,22.37048840154891,37.42883933422276,11.496301216223186,Central,wetland,9.07,0.1535
261,2024-04-06,34.79638516392537,85.7049415708315,1272.3376282353024,254.72676227789637,28.826996617415507,5.938135962390929,8.060300975822642,East,shrubland,21.46,0.3003
1009,2020-06-04,14.690044189871752,76.15635481155579,423.60113512604755,96.52886602083694,22.16902379268044,48.89959384122801,7.847132286557702,West,grassland,13.16,0.2084
243,2018-05-20,16.354709523278437,72.09915968064048,1640.5269907086447,271.5686373930671,19.432292198637512,557.7468858882995,55.691992393670816,East,grassland,28.56,0.3635
652,2018-03-15,14.732064688142046,95.88468524427375,250.7905090182528,52.19799142008401,25.805513618574594,15.187048624018283,15.813273487356627,East,forest,47.88,0.4892
1211,2023-05-17,15.223382855896375,91.47636874746163,523.0552988801139,152.07922897340782,25.760185465091997,209.7996046675006,37.89292032901647,North,grassland,42.39,0.4588
342,2017-10-31,22.921856614798457,95.7964870376997,871.6530749672597,144.2811711088232,23.497790130641427,0.30223661309759375,43.34038614129575,West,grassland,49.64,0.4982
1151,2016-08-02,14.474884696202048,74.31715348183359,744.6828573901303,180.14978268817532,20.65224632336206,16.386899536625215,27.56547671228435,Central,shrubland,48.78,0.4938
1082,2020-09-25,18.63182540781093,68.51646723412044,492.23445625540415,161.923708260063,23.654170395179037,3.1093509856775454,44.79262368948273,Central,forest,138.73,0.7351
1353,2024-12-01,25.701377725966815,80.68058569640509,104.89718432832584,117.32839369227138,23.182175814108025,348.7326502163442,20.37501074766504,West,wetland,6.76,0.1191
253,2016-10-31,30.572707496598625,95.07465992675586,585.2837726104227,117.81153372263249,22.349814945602596,204.00950531573974,78.55628612002471,South,shrubland,30.92,0.3821
1072,2017-07-20,26.704020507205747,72.01143482728101,384.1221359674426,231.4605434542704,27.659000409432185,11.57097832648828,45.760277119019605,East,shrubland,86.41,0.6335
1405,2019-09-09,24.046716809257727,71.39838016220335,313.34824113560956,156.25121619367283,,84.26071370654593,52.27107676477547,West,cropland,57.18,0.5335
1144,2016-12-30,11.988671188608855,69.99963074312942,907.955175534122,36.56360104246444,33.99059102202419,331.14758228449523,7.857608736998273,West,grassland,46.21,0.4803
281,2021-07-03,30.03512124161463,90.18552196902726,82.35959680018392,123.58685183254872,37.651516815731085,418.12797014732337,26.134173486900387,West,cropland,19.7,0.2826
1233,2017-07-14,9.006421975812044,90.79186948117263,506.18698476379444,129.40282784281774,22.593852145795754,29.70495920711599,3.20584873041483,North,shrubland,11.9,0.1922
160,2016-04-12,15.133174907353157,88.16590561424046,24.294763886190072,129.01935110417807,36.048129424827145,1.9871783748985865,81.53423063691689,West,wetland,116.78,0.7002
883,2017-08-11,9.540590757162953,69.54546350854774,748.7906086135757,214.7907986245628,27.363654898215003,14.185070670481657,10.769016698603876,East,shrubland,20.21,0.2879
746,2024-04-19,26.02058234078049,88.97536173864091,914.6224776069338,108.23077648982544,31.918180950318575,172.29651076261294,12.370294616441118,North,wetland,14.72,0.2274
796,2024-05-05,17.94601923002489,81.01023544538893,579.1494239950786,168.85537016455245,28.74622374828893,1271.9942974936876,5.1173510684972126,East,cropland,3.21,0.0603
779,2020-01-20,25.605309046531403,72.57893823616155,355.2177474605195,313.152353140771,23.940396702739115,50.32552972962302,19.370055554929166,West,cropland,14.8,0.2284
47,2019-01-01,17.369835901196936,76.55865430405346,1259.7042681026428,255.63371185619346,30.316985711636267,21.97196497558015,15.35970908461982,Central,shrubland,15.86,0.2408
762,2023-03-11,20.304999731586342,82.53325835805586,1317.5379469844663,103.04566393299723,28.909583321710855,1996.283002016861,124.2999587100533,West,shrubland,154.03,0.7549
1405,2016-12-10,20.364947274486884,77.55989269582075,662.4083833339951,158.5637942189297,15.390881003522626,100.3434681063201,47.42907261391981,South,grassland,10.4,0.1722
655,2021-07-14,9.230677649023704,96.12272757550618,1452.064675709431,25.095543243071727,25.25525461332123,8.656824688204757,12.005308019571729,West,cropland,41.38,0.4528
415,2021-10-18,19.616116211342096,81.76751050950878,250.33703499799316,197.98391514672628,31.234425119469677,45.67899525791207,3.7953136205245115,West,cropland,16.25,0.2453
1492,2022-02-04,25.30873780411047,78.79236479731216,468.8287495249793,72.81533192373158,27.66452967916333,244.66537729572178,2.046906210812983,North,shrubland,11.01,0.1805
148,2017-03-06,22.743410644036715,87.52179744007306,43.31756783874876,147.3804918471712,28.816825825986776,49.12847096722422,7.197593399304995,Central,grassland,14.03,0.2191
729,2022-02-26,10.032661689513755,86.86580664882153,186.84119853577226,137.23634651821789,21.491457037130306,179.7453053340334,5.305709221465834,North,forest,14.24,0.2217
768,2021-02-11,26.037511613542218,68.07073913175276,171.56260920565876,249.0889707887892,,4.915969313449939,28.463239679622067,West,wetland,19.97,0.2854
716,2023-09-30,16.339294382712048,85.93573725072154,745.4913175813336,169.52138727999764,25.421944332854366,6.351803486582579,17.3753576261533,West,grassland,23.9,0.3234
1382,2016-09-28,8.389739675033596,75.06930026830197,199.22741330776026,136.69685366463736,24.779280592381355,18.132681788816846,20.43657680566126,Central,forest,49.41,0.497
632,2021-02-17,12.201080041274622,78.88177560604973,293.09945569214744,204.78046568401342,21.924461431799745,35.75570784093813,7.7762801304685265,West,grassland,12.07,0.1945
1459,2023-04-17,21.434110747547106,88.48411783131048,325.4527880072335,269.1822938246757,31.48917412797897,90.10027630948318,23.383540904830195,North,wetland,14.53,0.2252
100,2017-10-12,16.380844793811853,84.16420040931018,153.60255794103935,30.419528214771475,28.072811497074092,141.90252344127197,4.852982765749512,Central,forest,38.66,0.436
1100,2022-06-07,26.748341371345873,78.69099918049781,546.2973078579757,106.29187351031734,27.467286649636065,2206.5174096122,18.388033337732956,South,shrubland,20.19,0.2876
889,2015-12-30,999.0,72.8549002032766,623.3336433116971,317.703990831779,38.304707974949466,18.032303895913355,46.07392459463576, North ,cropland,27.13,0.3517
360,2022-03-06,28.865496548829555,82.65898343018485,118.20732418004734,394.16057878125036,28.842795017104777,34.09042323650985,13.937279354269842,Central,shrubland,22.26,0.3081
341,2021-01-21,15.734883897637458,77.26161468170889,829.0173263741348,95.4193704835524,33.202980125860364,18.803013235789134,31.300805250502382,South,shrubland,79.98,0.6153
1079,2016-12-03,24.763320104779222,94.47490644383419,235.13380052803436,229.46511150637662,27.637596965366587,275.63637526701075,2.7819029875877876,West,grassland,7.61,0.1321
956,2015-08-31,29.578842266781862,83.49605256838247,321.17331524066634,95.27256017323042,23.881017871929853,299.1441574962908,2.5674551725254524,West,grassland,9.41,0.1584
916,2022-06-14,18.410015473381222,93.11295583094196,713.2996259094207,80.89118182793888,19.645176070133846,27.896932072026136,27.86186019753835,East,shrubland,51.06,0.5052
76,2017-05-30,9.263733429017702,79.31524982602183,323.5900463859736,139.51950934412852,27.44834076798669,1210.2941985142463,57.22661247577104,West,wetland,27.86,0.3578
896,2019-12-21,22.457029068589783,91.99567774985086,189.57851462254987,242.98077569372424,10.019062772260957,18.852612625839885,15.827770542841677,West,wetland,2.87,0.0543
1472,2015-08-10,34.876044661701506,69.63957016299028,522.3320959363629,130.42072901384296,27.634802455347142,255.92305331762958,171.60724771435213,East,grassland,45.96,0.4789
25,2024-08-17,34.16278039217667,76.64545174147243,1058.489617109287,241.3609455688673,27.89239035796918,483.8543063682231,4.74267816212889,North,grassland,13.38,0.2111
703,2020-06-26,13.967599236492543,70.26710205829629,970.7333415952228,252.67956481767652,24.694594520917533,7.082523773955662,10.175839067460876,West,wetland,7.15,0.1251
741,2024-04-23,28.403805754454815,68.91785524073134,298.38740387192917,115.093090549805,25.445801834447717,129.8588948598736,23.105985535419173,West,shrubland,59.36,0.5428
1345,2016-08-08,17.31369945914178,94.64700511437044,220.08395644131542,113.29308171099277,18.492982891645443,0.9161555980352137,31.956475845921656,South,forest,91.29,0.6461
424,2017-01-21,12.327356964943469,88.78919358759072,262.50235357663746,132.26986260575006,34.31362172042435,187.97679670864596,11.20205562576991,Central,shrubland,36.45,0.4216
713,2021-02-05,25.97969691626732,86.12819186958565,,150.232231007655,23.976494263342847,10.460343201427053,6.96386753668431,South,grassland,9.12,0.1543
1075,2021-01-15,21.52345569722276,83.44229147294315,258.7051930483209,140.93350190183273,20.1674435215798,127.89433574265858,37.347383860699345,North,forest,43.48,0.4651
90,2022-11-26,22.559225056703287,84.51706705028842,1404.1869422932398,157.49698299335998,29.26796639140094,169.43730933159355,22.948226480240294,North,forest,76.3,0.6041
1201,2024-04-10,30.339601880358728,86.52202106020715,706.7466864915322,119.62433045709213,26.664536646742,293.01028750358483,14.230378034790265,East,grassland,20.28,0.2886
1233,2023-03-19,17.086679248960422,91.970814047463,477.5240420355378,76.6527277498819,23.849991292834453,207.5397785392446,33.076218782632495,South,grassland,26.52,0.3466
1079,2016-05-26,26.0115585080029,85.30976811807032,294.2635943461653,354.6505015948129,23.215799806835356,59.37317284101928,17.525415648703188,West,shrubland,13.11,0.2077
972,2018-02-03,17.887169607990884,89.70884213021559,527.7931767216675,106.23405781795219,25.96616784355213,30.854581037989202,17.46602939201792, North ,forest,45.09,0.4742
1121,2024-02-18,9.153545207671588,76.14836350306231,188.45434039586542,55.13894297193636,34.074895823212195,48.833473251146906,16.834377389834085,East,forest,111.69,0.6908
1172,2020-06-26,18.206407898081423,96.3260903966777,122.23022060030121,212.84000560806362,28.817278462919262,10.236888623444862,8.836953994392132,South,shrubland,14.97,0.2304
1355,2023-08-31,33.650930506511635,68.92501904467385,711.6574365191935,,25.793550316955066,39.74436522797613,7.982538894132885,Central,cropland,4.14,0.0765
642,2020-08-16,21.04808701638726,79.21072126304215,475.8786793072418,202.24940874255088,31.11460325432744,35.3025968915194,11.873365286573168,Central,grassland,20.01,0.2858
684,2015-07-01,10.92222179459544,93.57943699360742,850.5415353322097,103.68071232282723,26.16519134676945,16.737843929509506,20.740140414481683,South,forest,45.28,0.4752
956,2019-09-23,26.571324393158097,73.23516591789951,608.4251133130199,388.80778409587043,28.4093136550121,4.007670592328576,3.09171667173585,South,forest,15.55,0.2372
289,2023-03-30,34.011242442400075,72.09880469507608,290.1815186119165,290.3636601360883,26.906766391920023,8.041340704609835,51.66314690619491,Central,grassland,64.93,0.565
1284,2021-07-19,32.51452165669494,78.5974922400975,969.9646216742827,135.39486947717558,29.538682508083074,0.48424353576405627,20.45937591720354,West,grassland,80.95,0.6182
1155,2016-04-29,23.442942620819743,80.41764631498799,319.99674202377184,192.38959390903162,23.335134954758377,34.404288150927854,6.923423887843092,East,cropland,10.04,0.1672
946,2017-02-05,18.15958009741034,95.0684277591901,1162.5942919114414,173.11664214497688,19.163942818624545,93.76090447153302,101.1490500564215,East,shrubland,41.65,0.4544
452,2023-07-16,23.67829704974949,92.24746650655581,311.6712942073853,101.63929246802454,31.441088902488787,0.9764327914787996,20.942745906521218,West,forest,161.61,0.7637
521,2024-10-14,30.030138679379736,81.4585994930249,143.68039245605917,209.02233970626216,35.02956990687778,77.8724451694736,5.28488664725269,South,cropland,8.04,0.1385
652,2022-07-11,31.253408234498266,96.21627792556649,1307.1028643741502,156.8341949187079,19.448713497441815,45.43527375533907,96.71039691070354,Central,cropland,24.2,0.3261
993,2015-12-24,30.10878489344591,86.62607372061287,302.7787991794156,168.2584758432068,27.075750044879417,9.345232847745388,77.85656029411572,East,forest,72.32,0.5912
797,2018-09-24,14.560618272996116,75.43418893319182,68.56417988702233,114.76173335746246,23.81174948610566,11.626519820024914,17.32016981968483,North,grassland,35.14,0.4127
994,2017-06-30,19.24046419575861,73.016617433435,372.9082886458418,93.22305092885992,24.12196512286165,166.62008161518122,75.32935958637736,North,grassland,95.08,0.6554
323,2020-02-01,17.702153917011493,92.80757699947311,1018.7277972423217,181.29379570892883,22.198926067449364,6657.430349154744,6.619490497664214,Central,cropland,3.17,0.0596
1295,2024-11-23,10.288918054850608,69.71568774843273,963.6738214043746,147.2954057014657,32.90793379866863,105.88394190458897,8.462519368916727,North,grassland,76.37,0.6043
61,2022-12-07,26.542356880619355,74.8129172069655,230.47919042755817,267.63306897322155,16.818641350442284,103.49467426008898,7.376895285006139,Central,cropland,2.65,0.0503
899,2016-11-19,8.765281805427758,71.86712695023431,724.3093159575554,273.384756398606,34.55879997273982,0.8986227313046732,17.508105708456615,North,wetland,21.2,0.2978
818,2017-03-30,24.26525797814208,94.79045750793837,442.95561061027297,218.85487478629165,29.93751904937305,421.92680817594004,25.965437873622825,East,shrubland,16.88,0.2524
209,2017-09-22,12.588395966748816,72.04848078780122,204.78402120313436,130.7393689204196,15.570127936853416,17.695603783489698,6.349030579355566,West,cropland,12.74,0.2031
67,2024-05-18,11.134681313342027,94.65880857851405,1592.81523218033,158.27843327062513,19.674144661645776,109.7798545968472,30.028026848048373,South,grassland,8.59,0.1466
454,2023-10-19,32.825779329772466,73.66333690472098,394.7922142428039,195.14047527765368,26.984039363289085,17.26481159695003,89.1632688157288,North,shrubland,169.66,0.7724
743,2020-07-04,25.71073397336652,95.63544890671955,303.0132629828292,111.38481069632299,27.07823186785616,157.96683513183407,17.17860999551842,Central,forest,28.48,0.3629
496,2016-04-15,20.80923321210139,92.70787267316487,444.579220121452,157.38695076974747,16.524914508093502,125.50305293252974,11.277807134321435,North,wetland,6.08,0.1084
116,2020-11-16,30.1610431801115,73.34282597771889,725.9369693705617,208.1960734063008,28.64870590330762,172.91465209720155,30.321224826771292,South,wetland,13.33,0.2105
1454,2016-10-11,31.564256977823014,71.04726950951432,1139.4285012944088,131.59231829331515,19.84518085625634,13.603331500429773,45.36802577746686,North,cropland,35.87,0.4177
658,2024-01-26,21.41844813242345,86.68683231717611,552.5524554112304,256.41559838706115,23.807642983500585,128.79920623522216,92.78418658201481,North,shrubland,61.2,0.5504
365,2018-08-04,31.436466949678096,95.98889755012026,415.56573837640224,129.4387444973447,29.00218524712278,134.97845916255048,38.518550336911666,East,forest,99.63,0.6658
118,2023-04-27,22.626941434907167,75.1044449107147,538.7332447786887,,37.480038464957175,157.49921947623145,46.84110083336931,Central,wetland,34.5,0.4083
951,2020-04-14,21.31665198743042,72.81636985048065,333.71514980472654,103.50501293737956,36.4297721108507,25.578784892284734,34.9060339811405,North,grassland,185.59,0.7878
988,2023-12-26,19.734479739904565,76.67907279154004,389.36075257382777,131.24331172806566,18.03851497404645,12.655423599353284,13.077914660267696,East,grassland,38.32,0.4339
1425,2015-12-20,16.696862028816092,89.15634208312406,1730.4852029960375,279.17265191615303,25.64602882977879,89.60797065696418,62.52481972816101,East,cropland,17.68,0.2612
452,2023-07-16,23.67829704974949,92.24746650655581,311.6712942073853,101.63929246802454,31.441088902488787,0.9764327914787996,20.942745906521218,West,forest,161.61,0.7637
206,2015-04-28,12.61709404737606,93.74362152421757,378.36411901381547,48.87882766417761,23.642020369747236,427.64768968964216,25.916895078580655,East,shrubland,21.25,0.2982
1456,2023-10-28,34.33591674330798,79.25950215536109,330.33632462143476,114.28930315087284,33.70292337699732,37.44352875435602,313.68468541326337,South,wetland,75.08,0.6003
640,2021-07-18,30.37591355823023,70.5960488638108,407.55936149260714,229.90635671292083,20.624461242816253,270.56546733658763,27.66777184880932,South,wetland,4.06,0.0751
1213,2017-06-29,33.757410921211275,92.84120529019462,331.0520818217197,75.76751590722803,24.927191127398963,65.35117874704238,16.400332244689128,West,forest,37.6,0.4292
1239,2017-08-29,16.6176972377179,82.48768597239473,,300.23041106274485,27.472355843804486,525.0441402466466,29.877191317760232,Central,wetland,11.0,0.1803
1404,2024-09-25,19.734315671202474,81.34781097994554,306.2949769924366,201.78948327762748,25.79505311266024,488.0170669177984,148.19928541193505,North,wetland,23.79,0.3224
890,2019-11-10,13.880555050948502,69.8903492808003,492.5236842087574,78.61963471368274,21.330261888379212,12.362621387086701,7.760131852967995,North,cropland,39.15,0.4391
353,2020-05-26,30.197436395410882,71.53938619285017,554.1766932611753,208.38178787771858,29.861816003622444,74.31483455035664,5.78869385781856,West,grassland,19.59,0.2815
886,2023-10-25,34.93649511395991,84.22577194671585,653.2735226654361,137.88631576219487,24.099755672450904,2.19289800677395,83.74644012906465,North,forest,112.02,0.6914
